row_id,monitor,date_hour,date,hour,season,sin_hour,cos_hour,season_binary,mod_pm25,mod_pm1,mod_pm10,mod_temp,mod_rh,grimm_pm25,split_day_block
1,MOD-PM-00884,2025-08-11T15:00:00Z,2025-08-11,15,Not Harmattan,-0.7071067811865471,-0.7071067811865479,0,28.34580108080734,27.432117326870273,27.278433253463927,29.274333333333335,63.61066666666667,12.753846153846151,train
2,MOD-PM-00884,2025-08-11T16:00:00Z,2025-08-11,16,Not Harmattan,-0.8660254037844384,-0.5000000000000004,0,26.15189766887899,25.329227851939308,26.32478646099498,29.145333333333333,66.25633333333333,14.813333333333333,train
3,MOD-PM-00884,2025-08-11T17:00:00Z,2025-08-11,17,Not Harmattan,-0.9659258262890683,-0.25881904510252063,0,54.44071547218859,51.96872427221245,47.90300307535035,29.045471698113207,66.59528301886792,13.878333333333334,train
4,MOD-PM-00884,2025-08-11T18:00:00Z,2025-08-11,18,Not Harmattan,-1,-1.8369701987210297e-16,0,38.9843137329758,37.3066346587783,35.71171323869893,28.0034,69.5386,13.393333333333333,train
5,MOD-PM-00884,2025-08-11T19:00:00Z,2025-08-11,19,Not Harmattan,-0.9659258262890684,0.2588190451025203,0,30.793364812890815,29.66551800734859,29.383295668028907,27.13,71.38542372881356,22.465,train
6,MOD-PM-00884,2025-08-11T20:00:00Z,2025-08-11,20,Not Harmattan,-0.8660254037844386,0.5000000000000001,0,27.444837753368656,26.5269900796075,26.265067979069777,26.9545,71.69516666666667,17.491666666666667,train
7,MOD-PM-00884,2025-08-11T21:00:00Z,2025-08-11,21,Not Harmattan,-0.7071067811865477,0.7071067811865474,0,27.59914469960759,26.67248993870987,26.50308855984707,26.861666666666668,73.25733333333334,15.225,train
8,MOD-PM-00884,2025-08-11T22:00:00Z,2025-08-11,22,Not Harmattan,-0.5000000000000004,0.8660254037844384,0,14.796981757840658,14.581248544989164,16.476349123517398,26.28142857142857,75.44285714285715,15.9,train
9,MOD-PM-00884,2025-08-11T23:00:00Z,2025-08-11,23,Not Harmattan,-0.25881904510252157,0.9659258262890681,0,8.402112591566578,8.556035645559248,11.529267868452786,25.765,76.345,11.3,train
10,MOD-PM-00884,2025-08-12T00:00:00Z,2025-08-12,0,Not Harmattan,0,1,0,8.248254271311161,8.436776935182996,11.096447148302124,25.369,78.47616666666667,7.323333333333333,train
11,MOD-PM-00884,2025-08-12T01:00:00Z,2025-08-12,1,Not Harmattan,0.25881904510252074,0.9659258262890683,0,3.816298572258573,4.295561984679466,7.77556858184184,24.9035,80.48633333333333,6.75,train
12,MOD-PM-00884,2025-08-12T02:00:00Z,2025-08-12,2,Not Harmattan,0.49999999999999994,0.8660254037844387,0,2.406899260866498,2.980234023972192,6.59356816389582,23.912909090909093,84.98236363636363,4.3999999999999995,train
13,MOD-PM-00884,2025-08-12T03:00:00Z,2025-08-12,3,Not Harmattan,0.7071067811865475,0.7071067811865476,0,1.509744548420729,2.052097675626986,5.819950276679747,23.573,85.48266666666666,4.163333333333333,train
14,MOD-PM-00884,2025-08-12T04:00:00Z,2025-08-12,4,Not Harmattan,0.8660254037844386,0.5000000000000001,0,2.401597317424959,2.9157469781291208,6.90360605321819,23.2705,85.49783333333333,3.1333333333333333,train
15,MOD-PM-00884,2025-08-13T06:00:00Z,2025-08-13,6,Not Harmattan,1,6.123233995736766e-17,0,5.281196714959253,5.561903725742842,9.547543468519477,23.561666666666667,83.41216666666666,7.87,train
16,MOD-PM-00884,2025-08-13T07:00:00Z,2025-08-13,7,Not Harmattan,0.9659258262890683,-0.25881904510252063,0,7.640756426517374,7.748951299331372,12.816659094214517,26.420357142857146,72.43053571428571,7.241666666666666,train
17,MOD-PM-00884,2025-08-13T08:00:00Z,2025-08-13,8,Not Harmattan,0.8660254037844387,-0.49999999999999983,0,8.71556370248392,8.830572374215528,13.215921370333344,28.600350877192984,65.29771929824561,6.575,train
18,MOD-PM-00884,2025-08-13T09:00:00Z,2025-08-13,9,Not Harmattan,0.7071067811865476,-0.7071067811865475,0,6.169729305506754,6.455579211559652,10.108739440390794,32.56744680851064,53.87382978723405,5.493333333333333,train
19,MOD-PM-00884,2025-08-13T10:00:00Z,2025-08-13,10,Not Harmattan,0.49999999999999994,-0.8660254037844387,0,7.870730139843937,8.054779685105425,11.314321755218437,33.330877192982456,51.67578947368421,4.848333333333334,train
20,MOD-PM-00884,2025-08-13T11:00:00Z,2025-08-13,11,Not Harmattan,0.258819045102521,-0.9659258262890682,0,7.307672332495764,7.50589861158118,10.68546819888964,33.73135593220339,50.64762711864407,5.443333333333333,train
21,MOD-PM-00884,2025-08-13T12:00:00Z,2025-08-13,12,Not Harmattan,1.2246467991473532e-16,-1,0,9.07375574220045,9.196406072286928,12.41115306913151,34.08436363636363,49.127272727272725,5.163333333333333,train
22,MOD-PM-00884,2025-08-13T13:00:00Z,2025-08-13,13,Not Harmattan,-0.2588190451025208,-0.9659258262890683,0,12.823705401165247,12.724018176791468,15.299930657543287,33.381454545454545,50.51236363636364,5.296666666666667,train
23,MOD-PM-00884,2025-08-13T14:00:00Z,2025-08-13,14,Not Harmattan,-0.4999999999999998,-0.8660254037844388,0,11.258682549756314,11.2695714812024,14.14771549509428,31.608666666666668,55.30466666666667,6.5200000000000005,train
24,MOD-PM-00884,2025-08-13T15:00:00Z,2025-08-13,15,Not Harmattan,-0.7071067811865471,-0.7071067811865479,0,10.494507777283768,10.20714046970736,13.08736585852246,29.59872727272727,61.02236363636363,6.453333333333333,train
25,MOD-PM-00884,2025-08-13T16:00:00Z,2025-08-13,16,Not Harmattan,-0.8660254037844384,-0.5000000000000004,0,14.122277410191764,13.981835627397372,16.722579217753317,28.700333333333333,64.28616666666667,6.4783333333333335,train
26,MOD-PM-00884,2025-08-13T17:00:00Z,2025-08-13,17,Not Harmattan,-0.9659258262890683,-0.25881904510252063,0,14.748265470614088,14.55922845362666,16.38906731020953,27.821428571428573,67.54836734693878,8.088333333333333,train
27,MOD-PM-00884,2025-08-13T18:00:00Z,2025-08-13,18,Not Harmattan,-1,-1.8369701987210297e-16,0,18.552940992258772,18.127938875067624,20.20669270708283,26.703818181818185,71.68818181818182,8.465,train
28,MOD-PM-00884,2025-08-13T19:00:00Z,2025-08-13,19,Not Harmattan,-0.9659258262890684,0.2588190451025203,0,37.03033743255159,35.59063217767543,33.8129857998087,25.72728813559322,74.51423728813559,10.195,train
29,MOD-PM-00884,2025-08-13T20:00:00Z,2025-08-13,20,Not Harmattan,-0.8660254037844386,0.5000000000000001,0,36.4895454228303,35.06059625463817,33.25236740513046,25.313666666666663,75.833,22.301666666666662,train
30,MOD-PM-00884,2025-08-13T21:00:00Z,2025-08-13,21,Not Harmattan,-0.7071067811865477,0.7071067811865474,0,35.59221188744005,34.18476905833572,32.52428864944381,24.817,77.51033333333334,21.28333333333333,train
31,MOD-PM-00884,2025-08-13T22:00:00Z,2025-08-13,22,Not Harmattan,-0.5000000000000004,0.8660254037844384,0,35.28506768203155,33.903307453521634,32.49795454398669,24.4175,78.81732142857143,22.188333333333333,train
32,MOD-PM-00884,2025-08-13T23:00:00Z,2025-08-13,23,Not Harmattan,-0.25881904510252157,0.9659258262890681,0,37.00635143288108,35.483698924504466,33.62671949491055,24.106363636363636,80.11181818181818,22.895,train
33,MOD-PM-00884,2025-08-14T00:00:00Z,2025-08-14,0,Not Harmattan,0,1,0,28.82372493640259,27.84215189067941,27.184226051685503,24.278727272727274,79.41327272727273,24.816666666666663,train
34,MOD-PM-00884,2025-08-14T01:00:00Z,2025-08-14,1,Not Harmattan,0.25881904510252074,0.9659258262890683,0,13.347883293202324,13.279369049561645,15.420016920859036,24.754745762711863,77.3693220338983,19.83666666666667,train
35,MOD-PM-00884,2025-08-14T02:00:00Z,2025-08-14,2,Not Harmattan,0.49999999999999994,0.8660254037844387,0,7.079114566181421,7.366853734849893,10.30506269306736,24.538333333333338,79.63233333333334,10.61,train
36,MOD-PM-00884,2025-08-14T03:00:00Z,2025-08-14,3,Not Harmattan,0.7071067811865475,0.7071067811865476,0,5.066848599328629,5.468732754606336,8.729440563082267,24.227916666666665,81.41625,7.49,train
37,MOD-PM-00884,2025-08-14T04:00:00Z,2025-08-14,4,Not Harmattan,0.8660254037844386,0.5000000000000001,0,3.891280287776025,4.331271913677726,8.070547914847245,23.76963636363637,81.47727272727273,6.095,train
38,MOD-PM-00884,2025-08-14T05:00:00Z,2025-08-14,5,Not Harmattan,0.9659258262890683,0.25881904510252074,0,4.122710118999184,4.53563771411732,8.2192457711861,23.478666666666665,81.80766666666666,5.281666666666666,train
39,MOD-PM-00884,2025-08-14T06:00:00Z,2025-08-14,6,Not Harmattan,1,6.123233995736766e-17,0,5.868986759830558,6.147698429921113,10.015288201651002,23.66133333333333,80.646,4.868333333333333,train
40,MOD-PM-00884,2025-08-14T08:00:00Z,2025-08-14,8,Not Harmattan,0.8660254037844387,-0.49999999999999983,0,7.368195102074029,7.540623322846278,12.32968445655701,27.553703703703704,67.99314814814815,4.265,train
41,MOD-PM-00884,2025-08-14T09:00:00Z,2025-08-14,9,Not Harmattan,0.7071067811865476,-0.7071067811865475,0,3.4454773990480847,3.8970790743144152,8.260837996661573,30.050508474576272,59.42728813559322,2.57,train
42,MOD-PM-00884,2025-08-14T10:00:00Z,2025-08-14,10,Not Harmattan,0.49999999999999994,-0.8660254037844387,0,3.150513512979688,3.626622565387061,7.654804189443748,30.768,57.16709090909091,2.731666666666667,train
43,MOD-PM-00884,2025-08-14T11:00:00Z,2025-08-14,11,Not Harmattan,0.258819045102521,-0.9659258262890682,0,4.869930566150474,5.219773051594618,9.04302446485917,31.709322033898307,54.7506779661017,7.545,train
44,MOD-PM-00884,2025-08-14T12:00:00Z,2025-08-14,12,Not Harmattan,1.2246467991473532e-16,-1,0,6.576204838661327,6.833354251474532,10.728101529039218,30.8055,56.77583333333333,12.778333333333332,train
45,MOD-PM-00884,2025-08-14T13:00:00Z,2025-08-14,13,Not Harmattan,-0.2588190451025208,-0.9659258262890683,0,9.94019764448971,10.008931756610664,13.430594797520705,30.17232142857143,58.57535714285714,6.161666666666666,train
46,MOD-PM-00884,2025-08-14T14:00:00Z,2025-08-14,14,Not Harmattan,-0.4999999999999998,-0.8660254037844388,0,14.04096878038527,13.906183234008273,16.72405885145403,31.242105263157896,55.79122807017544,12.758333333333333,train
47,MOD-PM-00884,2025-08-14T15:00:00Z,2025-08-14,15,Not Harmattan,-0.7071067811865471,-0.7071067811865479,0,16.848182112839318,16.554869343469505,18.149473572149645,30.74084745762712,56.94694915254237,10.42,train
48,MOD-PM-00884,2025-08-14T16:00:00Z,2025-08-14,16,Not Harmattan,-0.8660254037844384,-0.5000000000000004,0,18.190173123622085,17.812427713288066,19.35926318420473,29.280833333333337,61.290333333333336,13.81,train
49,MOD-PM-00884,2025-08-14T17:00:00Z,2025-08-14,17,Not Harmattan,-0.9659258262890683,-0.25881904510252063,0,27.51912613782068,26.55959913172683,27.364779319946937,27.921333333333333,65.80116666666666,9.391666666666667,train
50,MOD-PM-00884,2025-08-14T18:00:00Z,2025-08-14,18,Not Harmattan,-1,-1.8369701987210297e-16,0,33.851318758410855,32.43167178731845,32.763462828839934,26.869166666666665,68.38233333333334,14.286666666666669,train
51,MOD-PM-00884,2025-08-14T19:00:00Z,2025-08-14,19,Not Harmattan,-0.9659258262890684,0.2588190451025203,0,32.11268915138939,30.906760927621196,30.50656565151484,26.0195,71.852,15.94,train
52,MOD-PM-00884,2025-08-14T20:00:00Z,2025-08-14,20,Not Harmattan,-0.8660254037844386,0.5000000000000001,0,29.574852746826465,28.483648637040496,28.21101501909871,25.1925,75.16966666666667,16.763333333333332,train
53,MOD-PM-00884,2025-08-14T21:00:00Z,2025-08-14,21,Not Harmattan,-0.7071067811865477,0.7071067811865474,0,18.472399651433214,18.050618081600437,19.40565997249062,24.935666666666663,76.529,17.941666666666666,train
54,MOD-PM-00884,2025-08-14T22:00:00Z,2025-08-14,22,Not Harmattan,-0.5000000000000004,0.8660254037844384,0,14.110184900727024,13.932277563527515,16.19446809114355,24.9635,75.28883333333333,15.015,train
55,MOD-PM-00884,2025-08-14T23:00:00Z,2025-08-14,23,Not Harmattan,-0.25881904510252157,0.9659258262890681,0,9.178786129481502,9.339478121620497,12.702665633003196,24.72578947368421,74.8140350877193,11.706666666666669,train
56,MOD-PM-00884,2025-08-15T00:00:00Z,2025-08-15,0,Not Harmattan,0,1,0,7.270137470753009,7.499106595956883,10.464824814116907,24.18625,77.8225,8.403333333333332,train
57,MOD-PM-00884,2025-08-15T01:00:00Z,2025-08-15,1,Not Harmattan,0.25881904510252074,0.9659258262890683,0,10.40977581357864,10.415742574365217,12.8890517415804,23.69509433962264,79.46566037735849,8.493333333333334,train
58,MOD-PM-00884,2025-08-15T02:00:00Z,2025-08-15,2,Not Harmattan,0.49999999999999994,0.8660254037844387,0,12.709794600113952,12.612918656181924,14.816953235721517,23.25719298245614,81.13456140350877,11.308333333333334,train
59,MOD-PM-00884,2025-08-15T13:00:00Z,2025-08-15,13,Not Harmattan,-0.2588190451025208,-0.9659258262890683,0,12.235091426356425,12.136682713671547,15.60973581588652,35.775666666666666,43.72533333333333,10.23,train
60,MOD-PM-00884,2025-08-15T14:00:00Z,2025-08-15,14,Not Harmattan,-0.4999999999999998,-0.8660254037844388,0,14.671323031998062,14.318984955676624,17.371802932304355,36.29416666666667,42.167,6.495,train
61,MOD-PM-00884,2025-08-15T15:00:00Z,2025-08-15,15,Not Harmattan,-0.7071067811865471,-0.7071067811865479,0,10.903569507284486,10.88499531013876,13.93399949891634,34.23916666666667,46.888666666666666,6.791666666666666,train
62,MOD-PM-00884,2025-08-15T16:00:00Z,2025-08-15,16,Not Harmattan,-0.8660254037844384,-0.5000000000000004,0,12.748808961661194,12.670720871654188,15.027389751471173,34.755,45.9175,6.16,train
63,MOD-PM-00884,2025-08-15T17:00:00Z,2025-08-15,17,Not Harmattan,-0.9659258262890683,-0.25881904510252063,0,23.411955258742648,22.700476530029075,23.346368657117665,33.30316666666667,49.372166666666665,6.461666666666667,train
64,MOD-PM-00884,2025-08-15T18:00:00Z,2025-08-15,18,Not Harmattan,-1,-1.8369701987210297e-16,0,64.88832468665329,61.79874925948874,55.959407550061826,29.330333333333332,60.751666666666665,10.791666666666666,train
65,MOD-PM-00884,2025-08-15T19:00:00Z,2025-08-15,19,Not Harmattan,-0.9659258262890684,0.2588190451025203,0,53.294055160786854,50.9285073067248,46.55628298353191,27.226333333333333,67.36966666666666,27.82,train
66,MOD-PM-00884,2025-08-15T20:00:00Z,2025-08-15,20,Not Harmattan,-0.8660254037844386,0.5000000000000001,0,14.256355402992211,14.144534597175072,15.779283207412185,26.3155,68.807,25.003333333333337,train
67,MOD-PM-00884,2025-08-15T21:00:00Z,2025-08-15,21,Not Harmattan,-0.7071067811865477,0.7071067811865474,0,12.656310440696505,12.62647260034182,14.584518500888008,25.621333333333332,71.11533333333334,8.786666666666667,train
68,MOD-PM-00884,2025-08-15T22:00:00Z,2025-08-15,22,Not Harmattan,-0.5000000000000004,0.8660254037844384,0,13.1385425887946,13.073764908173384,15.01297767009626,24.907666666666668,74.07716666666667,8.12,train
69,MOD-PM-00884,2025-08-15T23:00:00Z,2025-08-15,23,Not Harmattan,-0.25881904510252157,0.9659258262890681,0,14.130107972813114,14.00534492632942,15.689349923306253,24.571833333333338,76.16683333333333,9.43,train
70,MOD-PM-00884,2025-08-16T00:00:00Z,2025-08-16,0,Not Harmattan,0,1,0,15.157318730430896,14.96172321479922,16.49675833743812,24.493,77.26216666666667,10.558333333333334,train
71,MOD-PM-00884,2025-08-16T01:00:00Z,2025-08-16,1,Not Harmattan,0.25881904510252074,0.9659258262890683,0,17.324467720069634,16.974096117328138,18.432623241592932,24.508666666666667,78.32483333333333,11.62,train
72,MOD-PM-00884,2025-08-16T02:00:00Z,2025-08-16,2,Not Harmattan,0.49999999999999994,0.8660254037844387,0,15.693018938927892,15.37311670773127,17.097151109013716,23.6245,82.80716666666666,13.641666666666667,train
73,MOD-PM-00884,2025-08-16T03:00:00Z,2025-08-16,3,Not Harmattan,0.7071067811865475,0.7071067811865476,0,13.284182896715633,13.077978113137474,15.214304333162437,23.4545,83.883,14.203333333333331,train
74,MOD-PM-00884,2025-08-16T04:00:00Z,2025-08-16,4,Not Harmattan,0.8660254037844386,0.5000000000000001,0,14.522757668839366,14.221411158985608,16.2288074034546,23.345,84.5835,12.91,train
75,MOD-PM-00884,2025-08-16T05:00:00Z,2025-08-16,5,Not Harmattan,0.9659258262890683,0.25881904510252074,0,16.087361178437405,15.569001880993248,17.852315728161535,23.235166666666668,85.16766666666666,14.536666666666669,train
76,MOD-PM-00884,2025-08-16T06:00:00Z,2025-08-16,6,Not Harmattan,1,6.123233995736766e-17,0,14.517985919741982,13.99980427322596,16.68485812318982,23.138666666666666,85.63316666666667,16.826666666666668,train
77,MOD-PM-00884,2025-08-16T07:00:00Z,2025-08-16,7,Not Harmattan,0.9659258262890683,-0.25881904510252063,0,13.616329261237864,13.27080438416525,15.618379904167304,23.489166666666662,84.65016666666666,16.201666666666668,train
78,MOD-PM-00884,2025-08-16T08:00:00Z,2025-08-16,8,Not Harmattan,0.8660254037844387,-0.49999999999999983,0,14.57165790104248,14.2777796089618,16.274556280187454,24.40983333333333,81.7355,15.278333333333334,train
79,MOD-PM-00884,2025-08-16T09:00:00Z,2025-08-16,9,Not Harmattan,0.7071067811865476,-0.7071067811865475,0,15.59385220448096,15.295797663207612,16.99527096797858,25.988,76.622,14.995,train
80,MOD-PM-00884,2025-08-16T10:00:00Z,2025-08-16,10,Not Harmattan,0.49999999999999994,-0.8660254037844387,0,17.068954830367794,16.70006464925275,18.629793789087177,27.656,70.48816666666667,13.85,train
81,MOD-PM-00884,2025-08-16T11:00:00Z,2025-08-16,11,Not Harmattan,0.258819045102521,-0.9659258262890682,0,16.355292851046542,16.046094437634753,17.83807747671549,29.712333333333333,62.927166666666665,13.463333333333331,train
82,MOD-PM-00884,2025-08-16T12:00:00Z,2025-08-16,12,Not Harmattan,1.2246467991473532e-16,-1,0,18.11409023523601,17.725277857181528,19.037172128740465,30.343666666666667,60.121,11.493333333333334,train
83,MOD-PM-00884,2025-08-16T13:00:00Z,2025-08-16,13,Not Harmattan,-0.2588190451025208,-0.9659258262890683,0,21.38553208329644,20.808420448712138,21.807325875117847,29.282,63.24033333333333,11.446666666666667,train
84,MOD-PM-00884,2025-08-16T14:00:00Z,2025-08-16,14,Not Harmattan,-0.4999999999999998,-0.8660254037844388,0,22.47659047520444,21.82393751370986,22.715603056153277,28.554166666666667,65.30316666666667,13.648333333333332,train
85,MOD-PM-00884,2025-08-16T15:00:00Z,2025-08-16,15,Not Harmattan,-0.7071067811865471,-0.7071067811865479,0,24.18510096505993,23.43753729982017,24.622185518654906,28.464833333333335,65.84883333333333,14.31,train
86,MOD-PM-00884,2025-08-16T16:00:00Z,2025-08-16,16,Not Harmattan,-0.8660254037844384,-0.5000000000000004,0,26.7901700908796,25.9139206613852,25.88735134636902,27.634333333333338,67.94633333333333,15.01,train
87,MOD-PM-00884,2025-08-16T17:00:00Z,2025-08-16,17,Not Harmattan,-0.9659258262890683,-0.25881904510252063,0,31.687983089631988,30.52470596240713,29.568121076461097,27.279,69.17083333333333,16.461666666666666,train
88,MOD-PM-00884,2025-08-16T18:00:00Z,2025-08-16,18,Not Harmattan,-1,-1.8369701987210297e-16,0,31.396661689609605,30.19251687512422,29.388602168106956,26.10333333333333,72.971,18.961666666666662,train
89,MOD-PM-00884,2025-08-16T19:00:00Z,2025-08-16,19,Not Harmattan,-0.9659258262890684,0.2588190451025203,0,24.122905090072653,23.342942191105855,23.802040111553545,25.319666666666667,75.61816666666667,20.53333333333333,train
90,MOD-PM-00884,2025-08-16T20:00:00Z,2025-08-16,20,Not Harmattan,-0.8660254037844386,0.5000000000000001,0,23.29828974819213,22.5780242487668,23.22046838045768,25.036666666666665,76.891,17.54,train
91,MOD-PM-00884,2025-08-16T21:00:00Z,2025-08-16,21,Not Harmattan,-0.7071067811865477,0.7071067811865474,0,16.407313073044097,16.0717391966171,17.56222518232906,24.927,77.407,18.031666666666663,train
92,MOD-PM-00884,2025-08-16T22:00:00Z,2025-08-16,22,Not Harmattan,-0.5000000000000004,0.8660254037844384,0,12.056721813728968,11.998628107176952,14.298536662465043,24.903333333333332,76.976,14.268333333333333,train
93,MOD-PM-00884,2025-08-16T23:00:00Z,2025-08-16,23,Not Harmattan,-0.25881904510252157,0.9659258262890681,0,11.256087569876325,11.242328958554394,13.567281559896434,24.5015,77.72833333333334,11.478333333333332,train
94,MOD-PM-00884,2025-08-17T00:00:00Z,2025-08-17,0,Not Harmattan,0,1,0,10.7262806754355,10.746709843098188,13.12085469713196,24.345666666666663,77.51266666666666,10.805,test
95,MOD-PM-00884,2025-08-17T01:00:00Z,2025-08-17,1,Not Harmattan,0.25881904510252074,0.9659258262890683,0,12.309828436791957,12.174466889696545,14.478513849722551,24.206833333333332,79.24683333333333,10.233333333333334,test
96,MOD-PM-00884,2025-08-17T02:00:00Z,2025-08-17,2,Not Harmattan,0.49999999999999994,0.8660254037844387,0,13.60896771669019,13.446546974790683,15.375665915310684,23.93616666666667,80.664,12.116666666666667,test
97,MOD-PM-00884,2025-08-17T03:00:00Z,2025-08-17,3,Not Harmattan,0.7071067811865475,0.7071067811865476,0,12.878094813274096,12.739921320310968,14.908332052920109,23.4505,82.74366666666667,13.21,test
98,MOD-PM-00884,2025-08-17T04:00:00Z,2025-08-17,4,Not Harmattan,0.8660254037844386,0.5000000000000001,0,10.945312115841524,10.799172902171591,13.584917396315731,22.855666666666668,83.15683333333334,13.501666666666669,test
99,MOD-PM-00884,2025-08-17T05:00:00Z,2025-08-17,5,Not Harmattan,0.9659258262890683,0.25881904510252074,0,9.4050771539844,9.372031483695844,12.322027160397656,22.537333333333333,83.84016666666666,12.37,test
100,MOD-PM-00884,2025-08-17T06:00:00Z,2025-08-17,6,Not Harmattan,1,6.123233995736766e-17,0,8.931552428384526,8.952230819214442,12.0252046555019,22.975833333333338,82.23116666666667,11.255,test
101,MOD-PM-00884,2025-08-17T07:00:00Z,2025-08-17,7,Not Harmattan,0.9659258262890683,-0.25881904510252063,0,10.157810378051764,10.142643986169013,12.709225425581907,23.913666666666668,79.36466666666666,10.273333333333332,test
102,MOD-PM-00884,2025-08-17T08:00:00Z,2025-08-17,8,Not Harmattan,0.8660254037844387,-0.49999999999999983,0,8.780202335218759,8.90309599967888,11.831005019519152,25.5045,74.30066666666667,10.836666666666666,test
103,MOD-PM-00884,2025-08-17T09:00:00Z,2025-08-17,9,Not Harmattan,0.7071067811865476,-0.7071067811865475,0,6.600675346853043,6.9046324450451095,10.014624487377157,26.816333333333333,70.22583333333333,8.68,test
104,MOD-PM-00884,2025-08-17T10:00:00Z,2025-08-17,10,Not Harmattan,0.49999999999999994,-0.8660254037844387,0,5.180050189828018,5.405816522394854,8.67380385211066,28.41036363636364,64.784,5.905,test
105,MOD-PM-00884,2025-08-17T11:00:00Z,2025-08-17,11,Not Harmattan,0.258819045102521,-0.9659258262890682,0,11.838816231353343,11.826129714750255,13.787160617188643,28.999,62.834833333333336,4.58,test
106,MOD-PM-00884,2025-08-17T12:00:00Z,2025-08-17,12,Not Harmattan,1.2246467991473532e-16,-1,0,7.032885697789237,7.303347846327226,10.6292555103988,29.670333333333332,61.144666666666666,7.56,test
107,MOD-PM-00884,2025-08-17T13:00:00Z,2025-08-17,13,Not Harmattan,-0.2588190451025208,-0.9659258262890683,0,7.921960436664779,8.174538593331295,11.194708466272726,31.4235,56.19266666666667,4.681666666666667,test
108,MOD-PM-00884,2025-08-17T14:00:00Z,2025-08-17,14,Not Harmattan,-0.4999999999999998,-0.8660254037844388,0,10.763557416247547,10.849519739573536,13.492550493205702,32.616,53.107166666666664,4.376666666666667,test
109,MOD-PM-00884,2025-08-17T15:00:00Z,2025-08-17,15,Not Harmattan,-0.7071067811865471,-0.7071067811865479,0,12.993228554316122,12.95727652434886,15.457444995480811,32.942166666666665,52.06366666666667,5.331666666666667,test
110,MOD-PM-00884,2025-08-17T16:00:00Z,2025-08-17,16,Not Harmattan,-0.8660254037844384,-0.5000000000000004,0,15.638164216398128,15.448030954900997,16.913855350386985,31.82283333333333,55.255833333333335,6.3116666666666665,test
111,MOD-PM-00884,2025-08-17T17:00:00Z,2025-08-17,17,Not Harmattan,-0.9659258262890683,-0.25881904510252063,0,24.676264848648003,23.96062882024771,24.104678017705844,29.475,62.285833333333336,7.66,test
112,MOD-PM-00884,2025-08-17T18:00:00Z,2025-08-17,18,Not Harmattan,-1,-1.8369701987210297e-16,0,20.36613149620985,19.808755807871545,21.17183526063252,27.781,67.478,12.756666666666666,test
113,MOD-PM-00884,2025-08-17T19:00:00Z,2025-08-17,19,Not Harmattan,-0.9659258262890684,0.2588190451025203,0,13.61245476410751,13.537178977465716,15.59445458486729,26.726,70.48383333333334,11.631666666666668,test
114,MOD-PM-00884,2025-08-17T20:00:00Z,2025-08-17,20,Not Harmattan,-0.8660254037844386,0.5000000000000001,0,18.78235942186163,18.395812312973415,19.40603923778996,26.166666666666668,73.4975,8.541666666666666,test
115,MOD-PM-00884,2025-08-17T21:00:00Z,2025-08-17,21,Not Harmattan,-0.7071067811865477,0.7071067811865474,0,11.655364695204495,11.69748976332803,13.829922779689197,25.368666666666662,75.684,12.708333333333334,test
116,MOD-PM-00884,2025-08-17T22:00:00Z,2025-08-17,22,Not Harmattan,-0.5000000000000004,0.8660254037844384,0,9.131965890474683,9.29515492188531,11.915660194875942,24.932333333333332,78.23333333333333,8.673333333333334,test
117,MOD-PM-00884,2025-08-17T23:00:00Z,2025-08-17,23,Not Harmattan,-0.25881904510252157,0.9659258262890681,0,9.300955141628648,9.446772585456086,12.14669597305706,24.4495,81.65566666666666,7.178333333333334,test
118,MOD-PM-00884,2025-08-18T00:00:00Z,2025-08-18,0,Not Harmattan,0,1,0,5.3928722387803925,5.785670617070601,8.958907921223409,24.076666666666668,82.07966666666667,8.951666666666666,train
119,MOD-PM-00884,2025-08-18T01:00:00Z,2025-08-18,1,Not Harmattan,0.25881904510252074,0.9659258262890683,0,3.960379940045669,4.454827898924311,7.757558929337274,23.691206896551723,82.36844827586206,5.946666666666666,train
120,MOD-PM-00884,2025-08-18T02:00:00Z,2025-08-18,2,Not Harmattan,0.49999999999999994,0.8660254037844387,0,3.9395265165161577,4.413552336222758,7.689059973087683,23.981428571428573,81.56821428571429,4.828333333333333,train
121,MOD-PM-00884,2025-08-18T03:00:00Z,2025-08-18,3,Not Harmattan,0.7071067811865475,0.7071067811865476,0,4.397431654456,4.830115598536317,8.214263009839602,23.820172413793102,81.7598275862069,4.781666666666666,train
122,MOD-PM-00884,2025-08-18T04:00:00Z,2025-08-18,4,Not Harmattan,0.8660254037844386,0.5000000000000001,0,4.042799143067252,4.482949101636925,7.788831968890588,23.598620689655174,81.72103448275863,5.296666666666667,train
123,MOD-PM-00884,2025-08-18T05:00:00Z,2025-08-18,5,Not Harmattan,0.9659258262890683,0.25881904510252074,0,3.99527994759082,4.439965256188444,7.806952785362203,23.724833333333333,81.6925,5.045,train
124,MOD-PM-00884,2025-08-18T06:00:00Z,2025-08-18,6,Not Harmattan,1,6.123233995736766e-17,0,5.514327527771946,5.601020657046199,9.479338925521546,23.493666666666662,82.57166666666667,4.901666666666666,train
125,MOD-PM-00884,2025-08-18T07:00:00Z,2025-08-18,7,Not Harmattan,0.9659258262890683,-0.25881904510252063,0,5.888522382203612,6.114666133467487,9.62339652838742,24.2355,78.25233333333334,7.27,train
126,MOD-PM-00884,2025-08-18T08:00:00Z,2025-08-18,8,Not Harmattan,0.8660254037844387,-0.49999999999999983,0,6.873236023928446,7.056981167011483,10.586050871715685,26.609833333333334,71.06033333333333,6.598333333333334,train
127,MOD-PM-00884,2025-08-18T09:00:00Z,2025-08-18,9,Not Harmattan,0.7071067811865476,-0.7071067811865475,0,7.068979697372019,7.269815352023982,10.774814371741227,28.463666666666665,65.05966666666667,6.7299999999999995,train
128,MOD-PM-00884,2025-08-18T10:00:00Z,2025-08-18,10,Not Harmattan,0.49999999999999994,-0.8660254037844387,0,10.000689323370782,10.035870983654382,13.198461859009353,30.520166666666668,59.12883333333333,6.238333333333333,train
129,MOD-PM-00884,2025-08-18T11:00:00Z,2025-08-18,11,Not Harmattan,0.258819045102521,-0.9659258262890682,0,7.974306932104893,8.139370836827377,11.550348698007753,32.539833333333334,52.564166666666665,7.145,train
130,MOD-PM-00884,2025-08-18T12:00:00Z,2025-08-18,12,Not Harmattan,1.2246467991473532e-16,-1,0,8.411921186933425,8.541626099814481,11.933959745569084,29.799166666666668,59.395833333333336,5.678333333333334,train
131,MOD-PM-00884,2025-08-18T13:00:00Z,2025-08-18,13,Not Harmattan,-0.2588190451025208,-0.9659258262890683,0,15.012290185214656,14.806469497629296,16.89296415348169,30.018166666666666,59.9525,6.038333333333333,train
132,MOD-PM-00884,2025-08-18T14:00:00Z,2025-08-18,14,Not Harmattan,-0.4999999999999998,-0.8660254037844388,0,15.631353258284769,15.39558713420642,17.1215347072171,32.57333333333333,51.53216666666667,9.0216666666666665,train
133,MOD-PM-00884,2025-08-18T15:00:00Z,2025-08-18,15,Not Harmattan,-0.7071067811865471,-0.7071067811865479,0,12.899506507941847,12.79036434960707,15.128511361907629,31.514666666666667,54.401,8.33,train
134,MOD-PM-00884,2025-08-18T16:00:00Z,2025-08-18,16,Not Harmattan,-0.8660254037844384,-0.5000000000000004,0,15.627111703531536,15.346779367110994,17.275911486769175,31.254,55.5325,7.58,train
135,MOD-PM-00884,2025-08-18T17:00:00Z,2025-08-18,17,Not Harmattan,-0.9659258262890683,-0.25881904510252063,0,16.96935986202751,16.588963011501036,18.25400508832473,29.483166666666666,60.7105,8.986666666666666,train
136,MOD-PM-00884,2025-08-18T18:00:00Z,2025-08-18,18,Not Harmattan,-1,-1.8369701987210297e-16,0,22.44592077160416,21.62562830471511,23.481229076474552,27.803166666666662,66.8475,10.186666666666667,train
137,MOD-PM-00884,2025-08-18T19:00:00Z,2025-08-18,19,Not Harmattan,-0.9659258262890684,0.2588190451025203,0,26.895168963112223,25.9599003867924,25.95394401184475,26.841833333333337,70.502,14.483333333333334,train
138,MOD-PM-00884,2025-08-18T20:00:00Z,2025-08-18,20,Not Harmattan,-0.8660254037844386,0.5000000000000001,0,23.429574024640683,22.668309960622867,23.67746726344125,26.114333333333335,73.71433333333333,18.783333333333335,train
139,MOD-PM-00884,2025-08-18T21:00:00Z,2025-08-18,21,Not Harmattan,-0.7071067811865477,0.7071067811865474,0,21.03552224779425,20.427904553804588,21.339028046758116,25.358666666666668,76.80183333333333,16.838333333333335,train
140,MOD-PM-00884,2025-08-18T22:00:00Z,2025-08-18,22,Not Harmattan,-0.5000000000000004,0.8660254037844384,0,13.632765285906634,13.461245096217924,15.614524040290684,24.717166666666667,78.98116666666667,16.426666666666666,train
141,MOD-PM-00884,2025-08-18T23:00:00Z,2025-08-18,23,Not Harmattan,-0.25881904510252157,0.9659258262890681,0,11.078982266838771,11.07657108654249,13.423745446817152,25.174,76.9395,12.22,train
142,MOD-PM-00884,2025-08-19T00:00:00Z,2025-08-19,0,Not Harmattan,0,1,0,9.210883279392972,9.331265358951969,11.944026078722391,25.343166666666665,75.12833333333333,9.701666666666666,test
143,MOD-PM-00884,2025-08-19T01:00:00Z,2025-08-19,1,Not Harmattan,0.25881904510252074,0.9659258262890683,0,8.236324898567698,8.417750178518677,11.20660791503951,24.7565,76.66433333333333,8.028333333333332,test
144,MOD-PM-00884,2025-08-19T02:00:00Z,2025-08-19,2,Not Harmattan,0.49999999999999994,0.8660254037844387,0,10.524378590763677,10.545534115657556,12.929531156335871,23.315,83.14233333333334,7.808333333333334,test
145,MOD-PM-00884,2025-08-19T03:00:00Z,2025-08-19,3,Not Harmattan,0.7071067811865475,0.7071067811865476,0,10.742125329489635,10.659502271855157,13.608305423108348,22.692333333333337,85.96316666666667,11.881666666666666,test
146,MOD-PM-00884,2025-08-19T04:00:00Z,2025-08-19,4,Not Harmattan,0.8660254037844386,0.5000000000000001,0,10.416851099351245,10.396840685669162,13.151670002703314,22.555666666666667,86.74366666666667,13.356666666666667,test
147,MOD-PM-00884,2025-08-19T05:00:00Z,2025-08-19,5,Not Harmattan,0.9659258262890683,0.25881904510252074,0,9.42944570172532,9.477515514828768,12.406729743916864,22.5285,85.55416666666666,12.808333333333334,test
148,MOD-PM-00884,2025-08-19T06:00:00Z,2025-08-19,6,Not Harmattan,1,6.123233995736766e-17,0,6.17352223427647,6.436678118348551,9.816695409284236,22.81716666666667,84.84283333333333,11.216666666666669,test
149,MOD-PM-00884,2025-08-19T07:00:00Z,2025-08-19,7,Not Harmattan,0.9659258262890683,-0.25881904510252063,0,7.079522407984617,7.342016987778471,10.354872869047313,24.301666666666662,80.9445,7.758333333333333,test
150,MOD-PM-00884,2025-08-19T08:00:00Z,2025-08-19,8,Not Harmattan,0.8660254037844387,-0.49999999999999983,0,6.55695470555051,6.862384965131213,10.1067543496751,25.597666666666665,76.841,7.536666666666666,test
151,MOD-PM-00884,2025-08-19T09:00:00Z,2025-08-19,9,Not Harmattan,0.7071067811865476,-0.7071067811865475,0,7.647136237581643,7.855758656093917,10.886697635046447,26.232,73.79883333333333,6.4366666666666665,test
152,MOD-PM-00884,2025-08-19T10:00:00Z,2025-08-19,10,Not Harmattan,0.49999999999999994,-0.8660254037844387,0,7.967251268909615,8.196720444123974,11.109942671870296,27.816833333333335,67.986,6.806666666666667,test
153,MOD-PM-00884,2025-08-19T11:00:00Z,2025-08-19,11,Not Harmattan,0.258819045102521,-0.9659258262890682,0,14.293897240976335,14.135761896427924,16.17604211868396,28.08416666666667,66.76066666666667,6.07,test
154,MOD-PM-00884,2025-08-19T12:00:00Z,2025-08-19,12,Not Harmattan,1.2246467991473532e-16,-1,0,10.01726809267067,10.118923065069817,12.718959901598296,28.803,64.065,9.581666666666669,test
155,MOD-PM-00884,2025-08-19T13:00:00Z,2025-08-19,13,Not Harmattan,-0.2588190451025208,-0.9659258262890683,0,9.506099568635872,9.648679371292314,12.460933076280831,28.8265,64.27233333333334,6.998333333333333,test
156,MOD-PM-00884,2025-08-19T14:00:00Z,2025-08-19,14,Not Harmattan,-0.4999999999999998,-0.8660254037844388,0,11.329417526090833,11.371245335104042,13.788772494710836,29.817,61.2925,6.376666666666667,test
157,MOD-PM-00884,2025-08-19T15:00:00Z,2025-08-19,15,Not Harmattan,-0.7071067811865471,-0.7071067811865479,0,12.21973618246612,12.198649531887696,14.53628859698864,29.636666666666667,61.16916666666667,6.883333333333333,test
158,MOD-PM-00884,2025-08-19T16:00:00Z,2025-08-19,16,Not Harmattan,-0.8660254037844384,-0.5000000000000004,0,13.96809281649379,13.836855204523449,15.97961429906759,28.251666666666665,65.813,6.975,test
159,MOD-PM-00884,2025-08-19T17:00:00Z,2025-08-19,17,Not Harmattan,-0.9659258262890683,-0.25881904510252063,0,17.931968478019158,17.54602338794759,19.287388100146902,27.36709090909091,68.81145454545454,8.238333333333333,test
160,MOD-PM-00884,2025-08-19T18:00:00Z,2025-08-19,18,Not Harmattan,-1,-1.8369701987210297e-16,0,17.998059242226955,17.498495847516217,19.45883612800221,26.309666666666665,72.69316666666667,10.733333333333333,test
161,MOD-PM-00884,2025-08-19T19:00:00Z,2025-08-19,19,Not Harmattan,-0.9659258262890684,0.2588190451025203,0,15.224653412138435,15.045371685958427,16.623938634483373,25.7245,73.7895,11.961666666666666,test
162,MOD-PM-00884,2025-08-19T20:00:00Z,2025-08-19,20,Not Harmattan,-0.8660254037844386,0.5000000000000001,0,16.814910171157457,16.526053512722147,17.739642328816025,25.5205,75.4595,10.215,test
163,MOD-PM-00884,2025-08-19T21:00:00Z,2025-08-19,21,Not Harmattan,-0.7071067811865477,0.7071067811865474,0,13.519813498511702,13.447566608868753,15.23380489063682,25.535333333333337,74.63333333333334,11.19,test
164,MOD-PM-00884,2025-08-19T22:00:00Z,2025-08-19,22,Not Harmattan,-0.5000000000000004,0.8660254037844384,0,12.4703141863493,12.452807754630182,14.75191672238408,25.429333333333332,75.43316666666666,9.39,test
165,MOD-PM-00884,2025-08-19T23:00:00Z,2025-08-19,23,Not Harmattan,-0.25881904510252157,0.9659258262890681,0,8.46846845294645,8.694321112599821,11.273927505672312,25.327166666666667,75.12533333333333,9.366666666666667,test
166,MOD-PM-00884,2025-08-20T00:00:00Z,2025-08-20,0,Not Harmattan,0,1,0,9.080985665075277,9.2626228232813,11.673341274039466,24.855333333333338,76.96033333333334,6.761666666666667,train
167,MOD-PM-00884,2025-08-20T01:00:00Z,2025-08-20,1,Not Harmattan,0.25881904510252074,0.9659258262890683,0,9.972120005056954,10.089257484911696,12.443755518764902,23.412666666666667,82.01583333333333,7.4,train
168,MOD-PM-00884,2025-08-20T02:00:00Z,2025-08-20,2,Not Harmattan,0.49999999999999994,0.8660254037844387,0,8.604565262672713,8.783183184422358,11.419723407826828,23.346166666666665,83.941,9.391666666666667,train
169,MOD-PM-00884,2025-08-20T03:00:00Z,2025-08-20,3,Not Harmattan,0.7071067811865475,0.7071067811865476,0,8.037420451149362,8.190718069928558,11.052721019832417,23.1385,84.42883333333333,9.096666666666668,train
170,MOD-PM-00884,2025-08-20T04:00:00Z,2025-08-20,4,Not Harmattan,0.8660254037844386,0.5000000000000001,0,6.570964071490267,6.8247354577580355,9.892026979365587,22.992666666666665,83.57983333333333,9.138333333333334,train
171,MOD-PM-00884,2025-08-20T05:00:00Z,2025-08-20,5,Not Harmattan,0.9659258262890683,0.25881904510252074,0,5.5165298735092,5.89411735854357,8.914976357383223,23.037,82.74516666666666,7.708333333333333,train
172,MOD-PM-00884,2025-08-20T06:00:00Z,2025-08-20,6,Not Harmattan,1,6.123233995736766e-17,0,5.175818831119867,5.487629652213543,9.025405770374308,22.610166666666668,84.30666666666667,6.41,train
173,MOD-PM-00884,2025-08-20T07:00:00Z,2025-08-20,7,Not Harmattan,0.9659258262890683,-0.25881904510252063,0,6.2926324328996515,6.568653397132403,10.027898772854048,24.291833333333333,79.0415,6.5,train
174,MOD-PM-00884,2025-08-20T08:00:00Z,2025-08-20,8,Not Harmattan,0.8660254037844387,-0.49999999999999983,0,5.83860254549251,6.156240270122283,9.86524136759972,26.708,69.8615,6.64,train
175,MOD-PM-00884,2025-08-20T09:00:00Z,2025-08-20,9,Not Harmattan,0.7071067811865476,-0.7071067811865475,0,3.5975730132049466,4.081765880725394,7.851848315171544,28.727166666666665,62.843,5.031666666666666,train
176,MOD-PM-00884,2025-08-20T10:00:00Z,2025-08-20,10,Not Harmattan,0.49999999999999994,-0.8660254037844387,0,3.186998669928262,3.682338659426514,7.4679370159149006,30.152,59.177166666666665,3.07,train
177,MOD-PM-00884,2025-08-20T11:00:00Z,2025-08-20,11,Not Harmattan,0.258819045102521,-0.9659258262890682,0,5.222842991028282,5.616584505520854,9.01287421277529,32.10666666666667,53.50183333333334,2.5633333333333335,train
178,MOD-PM-00884,2025-08-20T12:00:00Z,2025-08-20,12,Not Harmattan,1.2246467991473532e-16,-1,0,7.88394958060698,8.11868957958355,11.254395342756316,33.511,49.682833333333335,3.213333333333334,train
179,MOD-PM-00884,2025-08-20T13:00:00Z,2025-08-20,13,Not Harmattan,-0.2588190451025208,-0.9659258262890683,0,8.974722483252746,9.165353579909414,11.769232183889194,33.904333333333334,48.072833333333335,4.3566666666666665,train
180,MOD-PM-00884,2025-08-20T14:00:00Z,2025-08-20,14,Not Harmattan,-0.4999999999999998,-0.8660254037844388,0,9.420228476973106,9.561144747609148,12.399049621605233,32.50333333333333,52.2975,4.666666666666667,train
181,MOD-PM-00884,2025-08-20T15:00:00Z,2025-08-20,15,Not Harmattan,-0.7071067811865471,-0.7071067811865479,0,10.783664017145076,10.858023103017045,13.114027921743846,32.4035,52.88433333333333,4.933333333333334,train
182,MOD-PM-00884,2025-08-20T16:00:00Z,2025-08-20,16,Not Harmattan,-0.8660254037844384,-0.5000000000000004,0,13.926492952567871,13.801418110715892,16.00083735310981,31.556666666666665,55.37716666666667,5.618333333333333,train
183,MOD-PM-00884,2025-08-20T17:00:00Z,2025-08-20,17,Not Harmattan,-0.9659258262890683,-0.25881904510252063,0,23.6404486289828,22.9593673939641,23.298865678375364,30.343333333333337,58.94433333333333,6.83,train
184,MOD-PM-00884,2025-08-20T18:00:00Z,2025-08-20,18,Not Harmattan,-1,-1.8369701987210297e-16,0,32.19017909399649,30.85127744307125,31.465585369057763,28.51033333333333,64.08216666666667,10.855,train
185,MOD-PM-00884,2025-08-20T19:00:00Z,2025-08-20,19,Not Harmattan,-0.9659258262890684,0.2588190451025203,0,39.688615742913726,38.048124103376395,36.10390516365782,26.831833333333332,69.885,16.05666666666667,train
186,MOD-PM-00884,2025-08-20T20:00:00Z,2025-08-20,20,Not Harmattan,-0.8660254037844386,0.5000000000000001,0,43.786732533960816,41.94874388821362,39.13878608897434,25.885166666666667,73.462,20.828333333333333,train
187,MOD-PM-00884,2025-08-20T21:00:00Z,2025-08-20,21,Not Harmattan,-0.7071067811865477,0.7071067811865474,0,41.37124867035647,39.675960289821994,37.2891724349777,25.2465,75.748,24.575,train
188,MOD-PM-00884,2025-08-20T22:00:00Z,2025-08-20,22,Not Harmattan,-0.5000000000000004,0.8660254037844384,0,29.980940830268004,28.90585409887583,28.369911376801248,24.775666666666663,78.79233333333333,25.385,train
189,MOD-PM-00884,2025-08-20T23:00:00Z,2025-08-20,23,Not Harmattan,-0.25881904510252157,0.9659258262890681,0,23.18743834608365,22.40008848295458,23.6621386242596,24.161166666666663,81.10966666666667,22.026666666666667,train
190,MOD-PM-00884,2025-08-21T00:00:00Z,2025-08-21,0,Not Harmattan,0,1,0,15.96356079907748,15.699572758122402,17.476147762099746,23.926166666666667,81.619,18.641666666666666,train
191,MOD-PM-00884,2025-08-21T01:00:00Z,2025-08-21,1,Not Harmattan,0.25881904510252074,0.9659258262890683,0,11.082510098436414,11.11779893237832,13.51249352686265,24.011166666666668,80.848,13.371666666666666,train
192,MOD-PM-00884,2025-08-21T02:00:00Z,2025-08-21,2,Not Harmattan,0.49999999999999994,0.8660254037844387,0,12.044241854551194,11.962286809564317,14.375053436606835,23.844166666666663,82.2605,9.701666666666666,train
193,MOD-PM-00884,2025-08-21T03:00:00Z,2025-08-21,3,Not Harmattan,0.7071067811865475,0.7071067811865476,0,11.822192384801523,11.721499260109695,14.336147137982902,23.684166666666663,83.79783333333333,11.67,train
194,MOD-PM-00884,2025-08-21T04:00:00Z,2025-08-21,4,Not Harmattan,0.8660254037844386,0.5000000000000001,0,12.825605573202864,12.62020088884276,14.92519355601992,23.76033333333333,83.786,12.316666666666666,train
195,MOD-PM-00884,2025-08-21T05:00:00Z,2025-08-21,5,Not Harmattan,0.9659258262890683,0.25881904510252074,0,12.58163460653145,12.374065070072994,14.788057544866996,23.666333333333338,84.242,13.468333333333334,train
196,MOD-PM-00884,2025-08-21T06:00:00Z,2025-08-21,6,Not Harmattan,1,6.123233995736766e-17,0,13.012580647877735,12.753946098479108,15.176978306619082,23.287333333333333,85.4445,13.261666666666668,train
197,MOD-PM-00884,2025-08-21T07:00:00Z,2025-08-21,7,Not Harmattan,0.9659258262890683,-0.25881904510252063,0,11.856777369712486,11.75426221925968,14.20577469133487,24.315833333333337,81.09033333333333,14.291666666666666,train
198,MOD-PM-00884,2025-08-21T08:00:00Z,2025-08-21,8,Not Harmattan,0.8660254037844387,-0.49999999999999983,0,9.72464159887806,9.818823593677791,12.84372238236026,26.019666666666662,74.05166666666666,11.61,train
199,MOD-PM-00884,2025-08-21T09:00:00Z,2025-08-21,9,Not Harmattan,0.7071067811865476,-0.7071067811865475,0,9.477611818682682,9.587674472017737,12.854657865157888,27.237166666666667,68.78833333333333,7.918333333333333,train
200,MOD-PM-00884,2025-08-21T10:00:00Z,2025-08-21,10,Not Harmattan,0.49999999999999994,-0.8660254037844387,0,13.776060503459297,13.59668328319144,16.494166691225963,28.735166666666668,63.838833333333334,7.155,train
201,MOD-PM-00884,2025-08-21T11:00:00Z,2025-08-21,11,Not Harmattan,0.258819045102521,-0.9659258262890682,0,13.701160356302482,13.531003457860818,15.89636556586252,30.242333333333335,59.32083333333333,9.88,train
202,MOD-PM-00884,2025-08-21T12:00:00Z,2025-08-21,12,Not Harmattan,1.2246467991473532e-16,-1,0,12.006149430132757,11.96813527672908,14.664606689931912,32.102833333333336,53.971666666666664,9.536666666666669,train
203,MOD-PM-00884,2025-08-21T13:00:00Z,2025-08-21,13,Not Harmattan,-0.2588190451025208,-0.9659258262890683,0,10.062762845817105,10.133044035132112,13.444747262768091,34.121,48.590666666666664,7.126666666666667,train
204,MOD-PM-00884,2025-08-21T14:00:00Z,2025-08-21,14,Not Harmattan,-0.4999999999999998,-0.8660254037844388,0,11.22262414992415,11.226168720335965,13.946815505489862,32.82866666666666,51.683166666666665,6.015,train
205,MOD-PM-00884,2025-08-21T15:00:00Z,2025-08-21,15,Not Harmattan,-0.7071067811865471,-0.7071067811865479,0,12.051970456721744,12.004207237038075,14.404667735396949,32.12016666666667,53.6785,6.3533333333333335,train
206,MOD-PM-00884,2025-08-21T16:00:00Z,2025-08-21,16,Not Harmattan,-0.8660254037844384,-0.5000000000000004,0,13.62450648939193,13.450856371648932,15.767288942320564,31.498,55.403,6.985,train
207,MOD-PM-00884,2025-08-21T17:00:00Z,2025-08-21,17,Not Harmattan,-0.9659258262890683,-0.25881904510252063,0,24.50815245737091,23.68426950833371,24.40236967224592,29.716833333333337,60.7345,7.75,train
208,MOD-PM-00884,2025-08-21T18:00:00Z,2025-08-21,18,Not Harmattan,-1,-1.8369701987210297e-16,0,30.22915335169265,29.08300109115596,29.00785141301148,28.154833333333332,65.81583333333333,12.601666666666668,train
209,MOD-PM-00884,2025-08-21T19:00:00Z,2025-08-21,19,Not Harmattan,-0.9659258262890684,0.2588190451025203,0,39.96186975105456,38.31174760850397,36.16027346877219,27.226,68.90716666666667,16.406666666666666,train
210,MOD-PM-00884,2025-08-21T20:00:00Z,2025-08-21,20,Not Harmattan,-0.8660254037844386,0.5000000000000001,0,30.75049752871717,29.621021593556716,28.918423815971337,26.5575,71.20983333333334,20.803333333333335,train
211,MOD-PM-00884,2025-08-21T21:00:00Z,2025-08-21,21,Not Harmattan,-0.7071067811865477,0.7071067811865474,0,23.388178081616363,22.67321574722489,23.135765796938475,25.945333333333338,73.66983333333333,17.705,train
212,MOD-PM-00884,2025-08-21T22:00:00Z,2025-08-21,22,Not Harmattan,-0.5000000000000004,0.8660254037844384,0,24.406069654031132,23.62893993081442,23.971461081312764,25.715833333333332,74.8585,15.176666666666666,train
213,MOD-PM-00884,2025-08-21T23:00:00Z,2025-08-21,23,Not Harmattan,-0.25881904510252157,0.9659258262890681,0,28.13623157023545,27.11283719178328,27.01598166632083,25.506666666666668,76.14083333333333,16.066666666666666,train
214,MOD-PM-00884,2025-08-22T00:00:00Z,2025-08-22,0,Not Harmattan,0,1,0,26.66239325393852,25.73086748680381,25.84891912936926,25.309833333333337,77.3075,18.74,train
215,MOD-PM-00884,2025-08-22T01:00:00Z,2025-08-22,1,Not Harmattan,0.25881904510252074,0.9659258262890683,0,20.05415290885562,19.49719026269597,20.71798111908931,24.956666666666667,78.1345,18.736666666666668,train
216,MOD-PM-00884,2025-08-22T02:00:00Z,2025-08-22,2,Not Harmattan,0.49999999999999994,0.8660254037844387,0,17.166306668790508,16.76349358426009,18.35718105246594,24.780333333333335,78.42266666666667,15.488333333333332,train
217,MOD-PM-00884,2025-08-22T03:00:00Z,2025-08-22,3,Not Harmattan,0.7071067811865475,0.7071067811865476,0,15.950244764203152,15.605862614834336,17.397355396161917,24.482166666666668,79.92166666666667,14.008333333333333,train
218,MOD-PM-00884,2025-08-22T04:00:00Z,2025-08-22,4,Not Harmattan,0.8660254037844386,0.5000000000000001,0,16.324725107897056,15.907020197062092,17.72388701617262,24.1155,80.92933333333333,13.655,train
219,MOD-PM-00884,2025-08-22T05:00:00Z,2025-08-22,5,Not Harmattan,0.9659258262890683,0.25881904510252074,0,15.73200861531336,15.256339748224276,17.383401593690376,23.523333333333333,82.17716666666666,14.821666666666667,train
220,MOD-PM-00884,2025-08-22T06:00:00Z,2025-08-22,6,Not Harmattan,1,6.123233995736766e-17,0,14.621496169392945,14.189840979323174,16.552257492908165,23.6695,80.443,15.37,train
221,MOD-PM-00884,2025-08-22T07:00:00Z,2025-08-22,7,Not Harmattan,0.9659258262890683,-0.25881904510252063,0,14.739790684409732,14.40515691520493,16.484969507716976,24.253833333333333,77.93533333333333,14.165,train
222,MOD-PM-00884,2025-08-22T08:00:00Z,2025-08-22,8,Not Harmattan,0.8660254037844387,-0.49999999999999983,0,15.563896224036268,15.188274363918552,17.438900749160425,24.501333333333335,78.3015,13.36,train
223,MOD-PM-00884,2025-08-22T09:00:00Z,2025-08-22,9,Not Harmattan,0.7071067811865476,-0.7071067811865475,0,14.581303359688048,14.250768925082424,17.011753205779055,23.583,84.63850000000001,15.216666666666669,train
224,MOD-PM-00884,2025-08-22T10:00:00Z,2025-08-22,10,Not Harmattan,0.49999999999999994,-0.8660254037844387,0,19.2805177923745,18.833812483829384,19.674243015306377,27.1065,73.57666666666667,15.65,train
225,MOD-PM-00884,2025-08-22T11:00:00Z,2025-08-22,11,Not Harmattan,0.258819045102521,-0.9659258262890682,0,18.864152095492443,18.41660900049023,19.43773949572644,29.9245,63.557833333333335,14.516666666666666,train
226,MOD-PM-00884,2025-08-22T12:00:00Z,2025-08-22,12,Not Harmattan,1.2246467991473532e-16,-1,0,17.441151259963803,17.08873761678484,18.362459161215085,30.425,61.093333333333334,12.986666666666666,train
227,MOD-PM-00884,2025-08-22T13:00:00Z,2025-08-22,13,Not Harmattan,-0.2588190451025208,-0.9659258262890683,0,17.220019434271325,16.889774302909828,18.17320577684456,29.192166666666665,64.40433333333333,11.78,train
228,MOD-PM-00884,2025-08-22T14:00:00Z,2025-08-22,14,Not Harmattan,-0.4999999999999998,-0.8660254037844388,0,16.74735117645816,16.443155338337363,17.738646757405256,30.225666666666665,61.349666666666664,11.861666666666666,train
229,MOD-PM-00884,2025-08-22T15:00:00Z,2025-08-22,15,Not Harmattan,-0.7071067811865471,-0.7071067811865479,0,16.56013139670137,16.28853648766888,17.633811507579434,31.380166666666668,57.98866666666667,11.816666666666666,train
230,MOD-PM-00884,2025-08-22T16:00:00Z,2025-08-22,16,Not Harmattan,-0.8660254037844384,-0.5000000000000004,0,16.256941800206,15.991746017435863,17.499883448750094,29.24116666666667,64.8865,10.558333333333334,train
231,MOD-PM-00884,2025-08-22T17:00:00Z,2025-08-22,17,Not Harmattan,-0.9659258262890683,-0.25881904510252063,0,17.53279331314178,17.18712268612895,18.310563026088765,28.541666666666668,68.47733333333333,10.906666666666666,train
232,MOD-PM-00884,2025-08-22T18:00:00Z,2025-08-22,18,Not Harmattan,-1,-1.8369701987210297e-16,0,17.879520022128247,17.473101187458685,18.907115736508548,27.27316666666667,74.06883333333333,12.1,train
233,MOD-PM-00884,2025-08-22T19:00:00Z,2025-08-22,19,Not Harmattan,-0.9659258262890684,0.2588190451025203,0,17.194406969030663,16.852701946901597,18.60117506170783,25.166333333333338,82.81966666666666,13.663333333333334,train
234,MOD-PM-00884,2025-08-22T20:00:00Z,2025-08-22,20,Not Harmattan,-0.8660254037844386,0.5000000000000001,0,2.506991934458141,2.8793479653799885,8.058595311474113,24.021166666666662,84.97516666666667,16.146666666666665,train
235,MOD-PM-00884,2025-08-22T21:00:00Z,2025-08-22,21,Not Harmattan,-0.7071067811865477,0.7071067811865474,0,3.5047043239595617,3.949771363562711,7.458060315411263,23.580333333333332,85.50716666666666,3.7666666666666666,train
236,MOD-PM-00884,2025-08-22T22:00:00Z,2025-08-22,22,Not Harmattan,-0.5000000000000004,0.8660254037844384,0,13.089560788230846,12.967299719720057,14.922949569665493,23.561166666666665,86.068,5.03,train
237,MOD-PM-00884,2025-08-22T23:00:00Z,2025-08-22,23,Not Harmattan,-0.25881904510252157,0.9659258262890681,0,15.262011721311124,14.998468518367316,16.895729629622707,23.494333333333337,85.36766666666666,13.725,train
238,MOD-PM-00884,2025-08-23T00:00:00Z,2025-08-23,0,Not Harmattan,0,1,0,13.839133238323445,13.60262794225036,15.812911397286976,23.289,86.80199999999999,15.501666666666669,train
239,MOD-PM-00884,2025-08-23T01:00:00Z,2025-08-23,1,Not Harmattan,0.25881904510252074,0.9659258262890683,0,3.28922851097077,3.6305681819910407,7.448626091090187,23.050166666666662,86.5265,16.125,train
240,MOD-PM-00884,2025-08-23T04:00:00Z,2025-08-23,4,Not Harmattan,0.8660254037844386,0.5000000000000001,0,1.6459240337704455,2.1011363032683907,6.228197765977354,22.412166666666668,86.93633333333334,2.685,train
241,MOD-PM-00884,2025-08-23T05:00:00Z,2025-08-23,5,Not Harmattan,0.9659258262890683,0.25881904510252074,0,1.4608569715434512,2.032282145430577,6.030079055234763,21.962,87.17216666666667,3.4983333333333335,train
242,MOD-PM-00884,2025-08-23T06:00:00Z,2025-08-23,6,Not Harmattan,1,6.123233995736766e-17,0,1.6146665581596735,2.193518998417087,6.1909191475964205,21.9635,86.62033333333333,3.806666666666666,train
243,MOD-PM-00884,2025-08-23T07:00:00Z,2025-08-23,7,Not Harmattan,0.9659258262890683,-0.25881904510252063,0,2.4099172902101427,2.9703262588739876,6.744788709119678,24.38533333333333,78.35483333333333,4.05,train
244,MOD-PM-00884,2025-08-23T08:00:00Z,2025-08-23,8,Not Harmattan,0.8660254037844387,-0.49999999999999983,0,3.189262191935996,3.711850332553982,8.075725460827625,27.139833333333332,67.33133333333333,4.07,train
245,MOD-PM-00884,2025-08-23T09:00:00Z,2025-08-23,9,Not Harmattan,0.7071067811865476,-0.7071067811865475,0,3.990732511485193,4.461550717237348,8.558704016815964,29.864,59.071333333333335,4.07,train
246,MOD-PM-00884,2025-08-23T10:00:00Z,2025-08-23,10,Not Harmattan,0.49999999999999994,-0.8660254037844387,0,7.1480602230115835,7.416911996569365,11.162328691341598,31.975166666666667,53.977333333333334,4.485,train
247,MOD-PM-00884,2025-08-23T11:00:00Z,2025-08-23,11,Not Harmattan,0.258819045102521,-0.9659258262890682,0,11.941445328055824,11.93254427589087,15.370055949424616,33.982166666666664,48.724833333333336,5.738333333333333,train
248,MOD-PM-00884,2025-08-23T12:00:00Z,2025-08-23,12,Not Harmattan,1.2246467991473532e-16,-1,0,11.211041442713404,11.25487238155251,13.91342435642716,35.8085,43.998333333333335,7.548333333333333,train
249,MOD-PM-00884,2025-08-23T13:00:00Z,2025-08-23,13,Not Harmattan,-0.2588190451025208,-0.9659258262890683,0,18.706704767368905,18.29267536405793,20.07160242996877,35.158,45.70666666666666,6.753333333333333,train
250,MOD-PM-00884,2025-08-23T14:00:00Z,2025-08-23,14,Not Harmattan,-0.4999999999999998,-0.8660254037844388,0,23.252244408611375,22.584892350009632,23.191944469403172,33.122,50.3775,9.616666666666667,train
251,MOD-PM-00884,2025-08-23T15:00:00Z,2025-08-23,15,Not Harmattan,-0.7071067811865471,-0.7071067811865479,0,27.15369988215771,26.250457622284017,26.01427879988138,31.868666666666662,53.8055,11.508333333333333,train
252,MOD-PM-00884,2025-08-23T16:00:00Z,2025-08-23,16,Not Harmattan,-0.8660254037844384,-0.5000000000000004,0,30.3262808771236,29.232983492526063,28.85053532738952,31.839166666666667,53.7365,13.351666666666668,train
253,MOD-PM-00884,2025-08-23T17:00:00Z,2025-08-23,17,Not Harmattan,-0.9659258262890683,-0.25881904510252063,0,28.321249004254984,27.318668606901124,27.28911589272866,29.1805,61.74216666666667,14.301666666666666,train
254,MOD-PM-00884,2025-08-23T18:00:00Z,2025-08-23,18,Not Harmattan,-1,-1.8369701987210297e-16,0,26.407675655752907,25.52024571535693,25.83975355130188,27.7175,65.4365,15.095,train
255,MOD-PM-00884,2025-08-23T19:00:00Z,2025-08-23,19,Not Harmattan,-0.9659258262890684,0.2588190451025203,0,28.778296921005772,27.78046665237161,27.52783179322141,26.709833333333332,70.16483333333333,15.521666666666668,train
256,MOD-PM-00884,2025-08-23T20:00:00Z,2025-08-23,20,Not Harmattan,-0.8660254037844386,0.5000000000000001,0,22.503100192412138,21.884403738377156,22.555758535202383,25.7195,73.18616666666667,18.91,train
257,MOD-PM-00884,2025-08-23T21:00:00Z,2025-08-23,21,Not Harmattan,-0.7071067811865477,0.7071067811865474,0,30.60626427501716,29.516326335955885,28.788320015577,25.668166666666668,74.32966666666667,16.595,train
258,MOD-PM-00884,2025-08-23T22:00:00Z,2025-08-23,22,Not Harmattan,-0.5000000000000004,0.8660254037844384,0,20.393762778376324,19.8730504699263,20.582551801783417,25.550833333333333,76.42583333333333,22.71166666666667,train
259,MOD-PM-00884,2025-08-23T23:00:00Z,2025-08-23,23,Not Harmattan,-0.25881904510252157,0.9659258262890681,0,15.73025489555962,15.457765574589716,17.100248442291658,24.957666666666668,79.627,17.38,train
260,MOD-PM-00884,2025-08-24T00:00:00Z,2025-08-24,0,Not Harmattan,0,1,0,21.96654351612843,21.357618449213977,21.8232076095277,24.27316666666667,81.99433333333333,14.811666666666667,test
261,MOD-PM-00884,2025-08-24T01:00:00Z,2025-08-24,1,Not Harmattan,0.25881904510252074,0.9659258262890683,0,10.703584279087682,10.752731455672436,13.013712250068489,23.67,82.92633333333333,20.925,test
262,MOD-PM-00884,2025-08-24T02:00:00Z,2025-08-24,2,Not Harmattan,0.49999999999999994,0.8660254037844387,0,7.178118163907075,7.45965967433288,10.427739214682958,23.506666666666668,82.437,12.008333333333333,test
263,MOD-PM-00884,2025-08-24T03:00:00Z,2025-08-24,3,Not Harmattan,0.7071067811865475,0.7071067811865476,0,5.593469229681989,5.981478836817254,9.18883750894812,23.653333333333332,81.55616666666667,8.315,test
264,MOD-PM-00884,2025-08-24T04:00:00Z,2025-08-24,4,Not Harmattan,0.8660254037844386,0.5000000000000001,0,5.200268947221423,5.622356019170294,8.710109884856546,23.810333333333332,80.386,6.533333333333333,test
265,MOD-PM-00884,2025-08-24T05:00:00Z,2025-08-24,5,Not Harmattan,0.9659258262890683,0.25881904510252074,0,4.43913418200824,4.904956872544957,8.188430465614747,23.808833333333332,80.76383333333334,5.801666666666667,test
266,MOD-PM-00884,2025-08-24T06:00:00Z,2025-08-24,6,Not Harmattan,1,6.123233995736766e-17,0,4.114614459205758,4.592083117608839,7.795195561082672,23.8305,80.62783333333333,4.825,test
267,MOD-PM-00884,2025-08-24T07:00:00Z,2025-08-24,7,Not Harmattan,0.9659258262890683,-0.25881904510252063,0,5.471891588149477,5.8796693360411405,8.869306494254397,24.4165,79.37116666666667,4.476666666666667,test
268,MOD-PM-00884,2025-08-24T08:00:00Z,2025-08-24,8,Not Harmattan,0.8660254037844387,-0.49999999999999983,0,8.529461194614303,8.756307169194802,11.384767789404348,25.769166666666667,75.19433333333333,5.465,test
269,MOD-PM-00884,2025-08-24T09:00:00Z,2025-08-24,9,Not Harmattan,0.7071067811865476,-0.7071067811865475,0,11.339368866088796,11.403277235858432,13.81217632422426,27.9635,67.53716666666666,7.348333333333334,test
270,MOD-PM-00884,2025-08-24T10:00:00Z,2025-08-24,10,Not Harmattan,0.49999999999999994,-0.8660254037844387,0,8.811320664802558,9.0127355206394,11.810745931446087,30.368666666666662,59.449,8.3533333333333335,test
271,MOD-PM-00884,2025-08-24T11:00:00Z,2025-08-24,11,Not Harmattan,0.258819045102521,-0.9659258262890682,0,9.197995478412,9.371261948542584,12.599570345910308,31.997666666666667,54.45316666666667,6.05,test
272,MOD-PM-00884,2025-08-24T12:00:00Z,2025-08-24,12,Not Harmattan,1.2246467991473532e-16,-1,0,10.733438299081577,10.817660984228633,13.213932722678251,33.204166666666666,50.574,5.831666666666667,test
273,MOD-PM-00884,2025-08-24T13:00:00Z,2025-08-24,13,Not Harmattan,-0.2588190451025208,-0.9659258262890683,0,11.372220523336177,11.426863488305807,13.937934376396992,34.867666666666665,45.195,6.093333333333334,test
274,MOD-PM-00884,2025-08-24T14:00:00Z,2025-08-24,14,Not Harmattan,-0.4999999999999998,-0.8660254037844388,0,12.869591311677476,12.847098328781062,14.939384399303547,35.3185,43.8665,5.78,test
275,MOD-PM-00884,2025-08-24T15:00:00Z,2025-08-24,15,Not Harmattan,-0.7071067811865471,-0.7071067811865479,0,18.06837116909782,17.74076475214086,19.023897843263573,32.60033333333333,50.535,5.803333333333333,test
276,MOD-PM-00884,2025-08-24T16:00:00Z,2025-08-24,16,Not Harmattan,-0.8660254037844384,-0.5000000000000004,0,17.65114900442905,17.315692771859634,19.00997564623364,32.3075,52.63283333333333,8.8,test
277,MOD-PM-00884,2025-08-24T17:00:00Z,2025-08-24,17,Not Harmattan,-0.9659258262890683,-0.25881904510252063,0,28.968065712032537,28.00222744516191,27.561064915076052,30.116333333333333,58.36666666666667,8.6,test
278,MOD-PM-00884,2025-08-24T18:00:00Z,2025-08-24,18,Not Harmattan,-1,-1.8369701987210297e-16,0,28.07574863082159,27.131517657628628,27.090981379265266,27.943666666666665,65.29966666666667,13.428333333333333,test
279,MOD-PM-00884,2025-08-24T19:00:00Z,2025-08-24,19,Not Harmattan,-0.9659258262890684,0.2588190451025203,0,22.22805168033724,21.60885243837408,22.42786711572087,26.568666666666665,71.25483333333334,14.416666666666666,test
280,MOD-PM-00884,2025-08-24T20:00:00Z,2025-08-24,20,Not Harmattan,-0.8660254037844386,0.5000000000000001,0,19.49018926339719,19.041798597376353,19.92721296996597,25.726666666666667,74.37466666666667,13.673333333333334,test
281,MOD-PM-00884,2025-08-24T21:00:00Z,2025-08-24,21,Not Harmattan,-0.7071067811865477,0.7071067811865474,0,18.109318486138623,17.751634436180638,18.98605032693363,24.8395,77.94200000000001,13.435,test
282,MOD-PM-00884,2025-08-24T22:00:00Z,2025-08-24,22,Not Harmattan,-0.5000000000000004,0.8660254037844384,0,13.095821159909894,13.022148337768565,14.847412564213665,24.201,80.82883333333334,13.628333333333334,test
283,MOD-PM-00884,2025-08-24T23:00:00Z,2025-08-24,23,Not Harmattan,-0.25881904510252157,0.9659258262890681,0,11.109794715070176,11.130650169437738,13.451194772856866,23.8085,82.82166666666667,11.386666666666668,test
284,MOD-PM-00884,2025-08-25T00:00:00Z,2025-08-25,0,Not Harmattan,0,1,0,11.805776752222917,11.763188827037482,13.968038559532085,23.725333333333335,83.79833333333333,10.866666666666667,train
285,MOD-PM-00884,2025-08-25T01:00:00Z,2025-08-25,1,Not Harmattan,0.25881904510252074,0.9659258262890683,0,11.942811598096528,11.877099268098586,14.143511971359931,23.519,84.301,11.948333333333334,train
286,MOD-PM-00884,2025-08-25T02:00:00Z,2025-08-25,2,Not Harmattan,0.49999999999999994,0.8660254037844387,0,11.00330722025589,10.933168210732749,13.473808466329997,23.503,84.3825,12.645,train
287,MOD-PM-00884,2025-08-25T03:00:00Z,2025-08-25,3,Not Harmattan,0.7071067811865475,0.7071067811865476,0,11.62155460971961,11.50018095003252,13.972731967611413,23.284166666666668,84.95316666666666,12.261666666666668,train
288,MOD-PM-00884,2025-08-25T04:00:00Z,2025-08-25,4,Not Harmattan,0.8660254037844386,0.5000000000000001,0,11.726166032239195,11.528076599338146,14.118527869765929,23.252,84.80066666666667,13.336666666666666,train
289,MOD-PM-00884,2025-08-25T05:00:00Z,2025-08-25,5,Not Harmattan,0.9659258262890683,0.25881904510252074,0,11.148784391455646,10.902521473254223,13.72960710801384,23.037166666666668,84.99333333333334,13.746666666666666,train
290,MOD-PM-00884,2025-08-25T06:00:00Z,2025-08-25,6,Not Harmattan,1,6.123233995736766e-17,0,9.231438506274014,9.27718627605672,12.114458422613184,23.116666666666667,83.6045,13.643333333333333,train
291,MOD-PM-00884,2025-08-25T07:00:00Z,2025-08-25,7,Not Harmattan,0.9659258262890683,-0.25881904510252063,0,7.337013330431955,7.601292619290128,10.895183696119174,24.584333333333333,78.88266666666667,10.568333333333332,train
292,MOD-PM-00884,2025-08-25T08:00:00Z,2025-08-25,8,Not Harmattan,0.8660254037844387,-0.49999999999999983,0,7.993373536404272,8.224962384248565,11.575475024089007,27.257,69.67633333333333,7.1033333333333335,train
293,MOD-PM-00884,2025-08-25T09:00:00Z,2025-08-25,9,Not Harmattan,0.7071067811865476,-0.7071067811865475,0,8.930512431786378,9.08768824456679,12.379722894059713,28.987666666666662,63.6085,6.133333333333334,train
294,MOD-PM-00884,2025-08-25T10:00:00Z,2025-08-25,10,Not Harmattan,0.49999999999999994,-0.8660254037844387,0,10.1288536100249,10.202783158396173,12.775660063849584,28.309166666666663,65.154,6.861666666666666,train
295,MOD-PM-00884,2025-08-25T11:00:00Z,2025-08-25,11,Not Harmattan,0.258819045102521,-0.9659258262890682,0,11.116748417814655,11.12318567845113,13.74068481529872,29.556333333333335,61.73266666666667,8.276666666666667,train
296,MOD-PM-00884,2025-08-25T12:00:00Z,2025-08-25,12,Not Harmattan,1.2246467991473532e-16,-1,0,11.579750824892091,11.55295182316723,13.888392846670738,32.817,52.460166666666666,8.576666666666666,train
297,MOD-PM-00884,2025-08-25T13:00:00Z,2025-08-25,13,Not Harmattan,-0.2588190451025208,-0.9659258262890683,0,12.092204050606956,12.068540375850498,14.315224335635994,35.04966666666667,46.00116666666667,7.921666666666667,train
298,MOD-PM-00884,2025-08-25T14:00:00Z,2025-08-25,14,Not Harmattan,-0.4999999999999998,-0.8660254037844388,0,11.999991018904506,11.971694376812902,14.155332406522684,35.168,45.415333333333336,7.128333333333333,train
299,MOD-PM-00884,2025-08-25T15:00:00Z,2025-08-25,15,Not Harmattan,-0.7071067811865471,-0.7071067811865479,0,12.15780540465092,12.129352891336758,14.26682060180776,34.829,45.97833333333333,6.751666666666667,train
300,MOD-PM-00884,2025-08-25T16:00:00Z,2025-08-25,16,Not Harmattan,-0.8660254037844384,-0.5000000000000004,0,11.190078374029166,11.199908333231011,13.503138316145602,34.0555,47.42916666666667,7.173333333333333,train
301,MOD-PM-00884,2025-08-25T17:00:00Z,2025-08-25,17,Not Harmattan,-0.9659258262890683,-0.25881904510252063,0,11.824578259350218,11.732638281453116,14.0913155845383,31.7525,55.895,7.068333333333333,train
302,MOD-PM-00884,2025-08-25T18:00:00Z,2025-08-25,18,Not Harmattan,-1,-1.8369701987210297e-16,0,22.722763787613108,21.94512006196926,23.088183804592145,29.264166666666668,63.1745,8.106666666666667,train
303,MOD-PM-00884,2025-08-25T19:00:00Z,2025-08-25,19,Not Harmattan,-0.9659258262890684,0.2588190451025203,0,36.99671709719378,35.4622551278815,33.9592863176581,28.257166666666667,65.46566666666666,13.756666666666666,train
304,MOD-PM-00884,2025-08-25T20:00:00Z,2025-08-25,20,Not Harmattan,-0.8660254037844386,0.5000000000000001,0,34.36232414572437,32.97492512876137,31.949164428436724,27.904666666666667,67.935,20.565,train
305,MOD-PM-00884,2025-08-25T21:00:00Z,2025-08-25,21,Not Harmattan,-0.7071067811865477,0.7071067811865474,0,30.04599159787765,28.877958449570205,28.448830164505527,27.410666666666668,71.3385,20.346666666666668,train
306,MOD-PM-00884,2025-08-25T22:00:00Z,2025-08-25,22,Not Harmattan,-0.5000000000000004,0.8660254037844384,0,25.82564461841293,24.89020804700527,25.27916783343615,26.757333333333335,72.98816666666667,19.475,train
307,MOD-PM-00884,2025-08-25T23:00:00Z,2025-08-25,23,Not Harmattan,-0.25881904510252157,0.9659258262890681,0,33.78779739756319,32.35248662004814,31.748011595299417,25.896166666666662,75.26116666666667,18.135,train
308,MOD-PM-00884,2025-08-26T00:00:00Z,2025-08-26,0,Not Harmattan,0,1,0,38.2453859539466,36.48288960164839,35.508474446415256,25.546333333333333,76.8665,23.886666666666667,train
309,MOD-PM-00884,2025-08-26T01:00:00Z,2025-08-26,1,Not Harmattan,0.25881904510252074,0.9659258262890683,0,26.698201764259064,25.73127149275927,25.74202952583868,25.478,76.50333333333333,30.37666666666667,train
310,MOD-PM-00884,2025-08-26T02:00:00Z,2025-08-26,2,Not Harmattan,0.49999999999999994,0.8660254037844387,0,20.43526068185145,19.81931767785002,20.70996913964076,24.624333333333333,80.26616666666666,20.685,train
311,MOD-PM-00884,2025-08-26T03:00:00Z,2025-08-26,3,Not Harmattan,0.7071067811865475,0.7071067811865476,0,16.83554696639914,16.384362852628406,18.01653760277564,24.496166666666667,82.13533333333334,18.153333333333332,train
312,MOD-PM-00884,2025-08-26T04:00:00Z,2025-08-26,4,Not Harmattan,0.8660254037844386,0.5000000000000001,0,13.802325515585071,13.529656771342614,15.618553734096167,24.035833333333333,83.1765,16.97,train
313,MOD-PM-00884,2025-08-26T05:00:00Z,2025-08-26,5,Not Harmattan,0.9659258262890683,0.25881904510252074,0,9.951177328462876,9.976193532519176,12.706096486862355,23.603,83.87916666666666,14.535,train
314,MOD-PM-00884,2025-08-26T06:00:00Z,2025-08-26,6,Not Harmattan,1,6.123233995736766e-17,0,8.390896941978708,8.546628078310663,11.617652485919749,24.070833333333333,82.72866666666667,10.866666666666667,train
315,MOD-PM-00884,2025-08-26T07:00:00Z,2025-08-26,7,Not Harmattan,0.9659258262890683,-0.25881904510252063,0,6.686199772983093,6.971755148788092,10.041568126351084,25.056,79.24433333333333,9.201666666666666,train
316,MOD-PM-00884,2025-08-26T08:00:00Z,2025-08-26,8,Not Harmattan,0.8660254037844387,-0.49999999999999983,0,7.838801492993262,8.04394847782331,11.211269717677228,25.971666666666668,74.38850000000001,7.023333333333333,train
317,MOD-PM-00884,2025-08-26T09:00:00Z,2025-08-26,9,Not Harmattan,0.7071067811865476,-0.7071067811865475,0,8.771637657351658,8.899075178503104,12.224334740376063,27.591,69.0905,7.125,train
318,MOD-PM-00884,2025-08-26T10:00:00Z,2025-08-26,10,Not Harmattan,0.49999999999999994,-0.8660254037844387,0,10.03633469697005,10.088603380031428,13.12524785351598,29.1045,64.17466666666667,7.006666666666667,train
319,MOD-PM-00884,2025-08-26T11:00:00Z,2025-08-26,11,Not Harmattan,0.258819045102521,-0.9659258262890682,0,9.745584275472138,9.818246442312848,13.016398712605476,30.722666666666665,59.390166666666666,6.991666666666666,train
320,MOD-PM-00884,2025-08-26T12:00:00Z,2025-08-26,12,Not Harmattan,1.2246467991473532e-16,-1,0,10.588470930135816,10.55582664833239,13.705255115252069,31.328,57.673,6.638333333333334,train
321,MOD-PM-00884,2025-08-26T13:00:00Z,2025-08-26,13,Not Harmattan,-0.2588190451025208,-0.9659258262890683,0,9.849706287827892,9.942468654427618,12.768928104786305,30.8805,58.7825,7.1033333333333335,train
322,MOD-PM-00884,2025-08-26T14:00:00Z,2025-08-26,14,Not Harmattan,-0.4999999999999998,-0.8660254037844388,0,12.02395172484223,12.016808375172689,14.27881486689938,31.30966666666667,57.07483333333333,6.3533333333333335,train
323,MOD-PM-00884,2025-08-26T15:00:00Z,2025-08-26,15,Not Harmattan,-0.7071067811865471,-0.7071067811865479,0,13.78682752706365,13.682140161960806,15.82907758067133,29.664666666666665,62.02616666666667,6.858333333333333,train
324,MOD-PM-00884,2025-08-26T16:00:00Z,2025-08-26,16,Not Harmattan,-0.8660254037844384,-0.5000000000000004,0,16.540738518959433,16.2680668525922,17.808731824179077,29.0845,64.1615,7.876666666666667,train
325,MOD-PM-00884,2025-08-26T17:00:00Z,2025-08-26,17,Not Harmattan,-0.9659258262890683,-0.25881904510252063,0,17.16689803940514,16.83607998759121,18.41132117394669,28.911,64.7005,9.715,train
326,MOD-PM-00884,2025-08-26T18:00:00Z,2025-08-26,18,Not Harmattan,-1,-1.8369701987210297e-16,0,17.595458206202736,17.170500726818567,18.96032349746175,27.079666666666668,70.74433333333333,10.005,train
327,MOD-PM-00884,2025-08-26T19:00:00Z,2025-08-26,19,Not Harmattan,-0.9659258262890684,0.2588190451025203,0,18.374252521494277,17.95325264633439,19.78557318338339,25.336666666666662,76.57266666666666,11.553333333333333,train
328,MOD-PM-00884,2025-08-26T20:00:00Z,2025-08-26,20,Not Harmattan,-0.8660254037844386,0.5000000000000001,0,17.174096447231538,16.835868365424062,18.554715062538715,24.55366666666667,80.24066666666667,13.425,train
329,MOD-PM-00884,2025-08-26T21:00:00Z,2025-08-26,21,Not Harmattan,-0.7071067811865477,0.7071067811865474,0,14.043869823527473,13.912942992801897,15.676107243270971,24.826,80.35533333333333,13.581666666666669,train
330,MOD-PM-00884,2025-08-26T22:00:00Z,2025-08-26,22,Not Harmattan,-0.5000000000000004,0.8660254037844384,0,14.360293886536528,14.20201887312349,15.929851531250058,24.581333333333333,82.16383333333333,11.668333333333331,train
331,MOD-PM-00884,2025-08-26T23:00:00Z,2025-08-26,23,Not Harmattan,-0.25881904510252157,0.9659258262890681,0,11.593311564848335,11.59314079654616,13.729370067201751,24.208333333333332,83.51183333333333,12.835,train
332,MOD-PM-00884,2025-08-27T16:00:00Z,2025-08-27,16,Not Harmattan,-0.8660254037844384,-0.5000000000000004,0,14.197375480576598,13.943715345577496,17.005463722898337,31.611176470588234,53.10117647058824,5.878333333333333,train
333,MOD-PM-00884,2025-08-27T17:00:00Z,2025-08-27,17,Not Harmattan,-0.9659258262890683,-0.25881904510252063,0,29.79365987424073,28.179816920155165,37.067349643026375,29.858833333333333,60.223166666666664,8.671666666666667,train
334,MOD-PM-00884,2025-08-27T18:00:00Z,2025-08-27,18,Not Harmattan,-1,-1.8369701987210297e-16,0,22.62086451308477,21.841059670869864,23.11615462041845,28.612833333333334,64.91216666666666,16.71,train
335,MOD-PM-00884,2025-08-27T19:00:00Z,2025-08-27,19,Not Harmattan,-0.9659258262890684,0.2588190451025203,0,23.92691671154716,23.15394435746554,23.658409182149427,27.874333333333333,67.60483333333333,13.2,train
336,MOD-PM-00884,2025-08-27T20:00:00Z,2025-08-27,20,Not Harmattan,-0.8660254037844386,0.5000000000000001,0,21.79892053501517,21.142668042530016,21.975909300674356,27.107666666666667,69.5025,14.751666666666669,train
337,MOD-PM-00884,2025-08-27T21:00:00Z,2025-08-27,21,Not Harmattan,-0.7071067811865477,0.7071067811865474,0,16.81811172931254,16.44286676265489,18.334583161713613,26.276333333333337,73.109,14.605,train
338,MOD-PM-00884,2025-08-27T22:00:00Z,2025-08-27,22,Not Harmattan,-0.5000000000000004,0.8660254037844384,0,14.986800072514953,14.7422133123322,16.73236110193212,25.1235,76.69183333333334,12.613333333333332,train
339,MOD-PM-00884,2025-08-27T23:00:00Z,2025-08-27,23,Not Harmattan,-0.25881904510252157,0.9659258262890681,0,11.734261692032623,11.678905489376833,14.157528984714697,24.603666666666665,78.71883333333334,12.454237288135593,train
340,MOD-PM-00884,2025-08-28T00:00:00Z,2025-08-28,0,Not Harmattan,0,1,0,11.32191323691204,11.30621961465369,13.66416804115693,25.082666666666668,78.03733333333334,10.615,train
341,MOD-PM-00884,2025-08-28T01:00:00Z,2025-08-28,1,Not Harmattan,0.25881904510252074,0.9659258262890683,0,12.14375525453084,12.070714312658453,14.287221914368075,24.664166666666667,79.44633333333333,10.33,train
342,MOD-PM-00884,2025-08-28T02:00:00Z,2025-08-28,2,Not Harmattan,0.49999999999999994,0.8660254037844387,0,11.146133419734875,11.107121632126857,13.636718715117215,23.4935,83.70583333333333,11.73,train
343,MOD-PM-00884,2025-08-28T03:00:00Z,2025-08-28,3,Not Harmattan,0.7071067811865475,0.7071067811865476,0,10.759417821945116,10.643361272015555,13.561339736873446,22.6975,87.4765,12.45,train
344,MOD-PM-00884,2025-08-28T04:00:00Z,2025-08-28,4,Not Harmattan,0.8660254037844386,0.5000000000000001,0,10.701422717530749,10.523467695137866,13.678722347019091,22.622833333333332,88.18666666666667,14.026666666666667,train
345,MOD-PM-00884,2025-08-28T05:00:00Z,2025-08-28,5,Not Harmattan,0.9659258262890683,0.25881904510252074,0,10.443483169099894,10.343954382261463,13.331078292011812,22.443833333333338,87.8495,14.975,train
346,MOD-PM-00884,2025-08-28T06:00:00Z,2025-08-28,6,Not Harmattan,1,6.123233995736766e-17,0,9.59774162181385,9.539155280604785,13.025832936926554,22.483833333333333,88.01033333333334,13.956666666666669,train
347,MOD-PM-00884,2025-08-28T07:00:00Z,2025-08-28,7,Not Harmattan,0.9659258262890683,-0.25881904510252063,0,10.001627359518132,9.980098923421965,12.80593807691354,24.116,83.878,13.11,train
348,MOD-PM-00884,2025-08-28T08:00:00Z,2025-08-28,8,Not Harmattan,0.8660254037844387,-0.49999999999999983,0,10.310526741258236,10.33418128581508,13.494731268676906,27.012833333333333,73.42066666666666,11.343333333333334,train
349,MOD-PM-00884,2025-08-28T09:00:00Z,2025-08-28,9,Not Harmattan,0.7071067811865476,-0.7071067811865475,0,9.08488055429579,9.187150663125465,12.090548906033971,30.072833333333335,62.477666666666664,9.66,train
350,MOD-PM-00884,2025-08-28T10:00:00Z,2025-08-28,10,Not Harmattan,0.49999999999999994,-0.8660254037844387,0,8.437023849920093,8.616751969151354,11.421477509836274,32.50333333333333,53.85183333333333,7.82,train
351,MOD-PM-00884,2025-08-28T11:00:00Z,2025-08-28,11,Not Harmattan,0.258819045102521,-0.9659258262890682,0,8.160976125427371,8.377099484047791,11.268159512578189,35.20733333333333,45.940333333333335,6.033333333333333,train
352,MOD-PM-00884,2025-08-28T12:00:00Z,2025-08-28,12,Not Harmattan,1.2246467991473532e-16,-1,0,9.755331694568504,9.893256881376727,12.382504172921536,36.091166666666666,42.4555,5.196666666666666,train
353,MOD-PM-00884,2025-08-28T13:00:00Z,2025-08-28,13,Not Harmattan,-0.2588190451025208,-0.9659258262890683,0,12.63431018811621,12.588084737256937,14.696724357666229,37.57266666666666,39.184,5.848333333333334,train
354,MOD-PM-00884,2025-08-28T14:00:00Z,2025-08-28,14,Not Harmattan,-0.4999999999999998,-0.8660254037844388,0,9.208742109926195,9.333054528183297,12.218914407139666,37.594,38.86183333333334,5.385,train
355,MOD-PM-00884,2025-08-28T15:00:00Z,2025-08-28,15,Not Harmattan,-0.7071067811865471,-0.7071067811865479,0,16.89402186206689,16.600169911652788,17.856371660446847,35.13966666666666,43.87866666666667,6.288333333333333,train
356,MOD-PM-00884,2025-08-28T16:00:00Z,2025-08-28,16,Not Harmattan,-0.8660254037844384,-0.5000000000000004,0,8.670615242700189,8.847593276750104,11.527861426301069,33.628,47.543,5.721666666666667,train
357,MOD-PM-00884,2025-08-28T17:00:00Z,2025-08-28,17,Not Harmattan,-0.9659258262890683,-0.25881904510252063,0,10.17181974399152,10.239874752783235,12.707866391592608,31.682833333333335,53.41283333333333,5.318333333333333,train
358,MOD-PM-00884,2025-08-28T18:00:00Z,2025-08-28,18,Not Harmattan,-1,-1.8369701987210297e-16,0,14.968345230920365,14.662258609908632,17.227950229123508,28.685166666666667,63.2565,6.411666666666667,train
359,MOD-PM-00884,2025-08-28T19:00:00Z,2025-08-28,19,Not Harmattan,-0.9659258262890684,0.2588190451025203,0,14.675616776676955,14.24089963674188,17.324283615155796,27.1325,68.44316666666667,10.76,train
360,MOD-PM-00884,2025-08-28T20:00:00Z,2025-08-28,20,Not Harmattan,-0.8660254037844386,0.5000000000000001,0,20.99094513870501,20.368861969170823,21.525610771312454,27.6375,66.50066666666667,11.731666666666667,train
361,MOD-PM-00884,2025-08-28T21:00:00Z,2025-08-28,21,Not Harmattan,-0.7071067811865477,0.7071067811865474,0,30.33768005552291,29.149335021366852,28.811107538978995,26.4895,70.81566666666667,13.881666666666666,train
362,MOD-PM-00884,2025-08-28T22:00:00Z,2025-08-28,22,Not Harmattan,-0.5000000000000004,0.8660254037844384,0,28.70404932073407,27.6429507204843,27.49316062377343,25.843666666666667,74.2315,19.418333333333333,train
363,MOD-PM-00884,2025-08-28T23:00:00Z,2025-08-28,23,Not Harmattan,-0.25881904510252157,0.9659258262890681,0,28.81828580980907,27.783640984878804,27.520214881793,25.156,77.12466666666667,19.5,train
364,MOD-PM-00884,2025-08-29T00:00:00Z,2025-08-29,0,Not Harmattan,0,1,0,24.675857006844808,23.890312545618706,24.102955521138007,24.482666666666667,79.42866666666667,20.645,train
365,MOD-PM-00884,2025-08-29T01:00:00Z,2025-08-29,1,Not Harmattan,0.25881904510252074,0.9659258262890683,0,24.36406194830202,23.584730136259708,23.942131231497157,23.839166666666667,81.86233333333334,19.785,train
366,MOD-PM-00884,2025-08-29T02:00:00Z,2025-08-29,2,Not Harmattan,0.49999999999999994,0.8660254037844387,0,21.856528189716503,21.204115424517713,21.947179954249375,23.757,82.47666666666666,19.968333333333337,train
367,MOD-PM-00884,2025-08-29T03:00:00Z,2025-08-29,3,Not Harmattan,0.7071067811865475,0.7071067811865476,0,17.701068841140152,17.28845122743428,18.502581886600307,24.128,81.71316666666667,19.091666666666665,train
368,MOD-PM-00884,2025-08-29T04:00:00Z,2025-08-29,4,Not Harmattan,0.8660254037844386,0.5000000000000001,0,13.370788103624148,13.210742165453416,15.178068694354684,24.112666666666662,82.0855,16.238333333333333,train
369,MOD-PM-00884,2025-08-29T05:00:00Z,2025-08-29,5,Not Harmattan,0.9659258262890683,0.25881904510252074,0,10.87728410306855,10.880955250584153,13.416997685033069,23.56983333333333,84.62516666666667,13.153333333333332,train
370,MOD-PM-00884,2025-08-29T06:00:00Z,2025-08-29,6,Not Harmattan,1,6.123233995736766e-17,0,10.867149234259148,10.824971568184589,13.634759177737294,23.535333333333337,84.94233333333334,12.05,train
371,MOD-PM-00884,2025-08-29T07:00:00Z,2025-08-29,7,Not Harmattan,0.9659258262890683,-0.25881904510252063,0,17.95425703256378,17.52521795571312,19.15092011310077,26.088333333333335,76.37983333333334,12.318333333333332,train
372,MOD-PM-00884,2025-08-29T08:00:00Z,2025-08-29,8,Not Harmattan,0.8660254037844387,-0.49999999999999983,0,16.32496981297897,15.979125640922422,17.960801406493506,29.098,65.95183333333333,14.756666666666666,train
373,MOD-PM-00884,2025-08-29T09:00:00Z,2025-08-29,9,Not Harmattan,0.7071067811865476,-0.7071067811865475,0,15.137436442525129,14.876843487394794,16.824680596879734,31.847,57.31883333333333,11.58,train
374,MOD-PM-00884,2025-08-29T10:00:00Z,2025-08-29,10,Not Harmattan,0.49999999999999994,-0.8660254037844387,0,13.841743425863896,13.677503712662425,16.01807812150896,34.03333333333333,50.787166666666664,10.253333333333334,train
375,MOD-PM-00884,2025-08-29T11:00:00Z,2025-08-29,11,Not Harmattan,0.258819045102521,-0.9659258262890682,0,13.921027872405055,13.759324537832644,15.940486762352377,35.52033333333333,46.06883333333333,8.921666666666667,train
376,MOD-PM-00884,2025-08-29T12:00:00Z,2025-08-29,12,Not Harmattan,1.2246467991473532e-16,-1,0,25.720401041098388,24.890612052960737,25.19792604577342,36.722166666666666,42.775166666666664,8.281666666666666,train
377,MOD-PM-00884,2025-08-29T13:00:00Z,2025-08-29,13,Not Harmattan,-0.2588190451025208,-0.9659258262890683,0,15.798010613952224,15.501254495772915,17.619167033251497,37.10686274509804,41.51980392156863,8.65,train
378,MOD-PM-00884,2025-08-29T14:00:00Z,2025-08-29,14,Not Harmattan,-0.4999999999999998,-0.8660254037844388,0,24.329740491940814,23.451757421527212,24.905401880936846,36.83788461538462,42.497692307692304,8.151666666666667,train
379,MOD-PM-00884,2025-08-29T16:00:00Z,2025-08-29,16,Not Harmattan,-0.8660254037844384,-0.5000000000000004,0,26.03042198779728,25.120414488102583,25.647418636374223,32.025166666666664,55.26433333333333,11.803333333333333,train
380,MOD-PM-00884,2025-08-29T17:00:00Z,2025-08-29,17,Not Harmattan,-0.9659258262890683,-0.25881904510252063,0,28.142410373553854,27.12957458136665,27.360212333634053,31.277166666666663,56.891666666666666,13.471666666666666,train
381,MOD-PM-00884,2025-08-29T18:00:00Z,2025-08-29,18,Not Harmattan,-1,-1.8369701987210297e-16,0,24.76941591649781,23.82107362020426,25.420886633622764,28.505333333333333,65.04633333333334,14.216666666666669,train
382,MOD-PM-00884,2025-08-29T19:00:00Z,2025-08-29,19,Not Harmattan,-0.9659258262890684,0.2588190451025203,0,23.73300832621797,22.942899341684367,23.880516423075257,27.061166666666665,69.42433333333334,14.575,train
383,MOD-PM-00884,2025-08-29T20:00:00Z,2025-08-29,20,Not Harmattan,-0.8660254037844386,0.5000000000000001,0,15.505167004376148,15.236389549376048,17.05832382399381,26.278666666666663,71.63066666666667,14.925,train
384,MOD-PM-00884,2025-08-29T21:00:00Z,2025-08-29,21,Not Harmattan,-0.7071067811865477,0.7071067811865474,0,14.6907477075755,14.466161814479507,16.468139610058774,25.426,75.124,11.625,train
385,MOD-PM-00884,2025-08-29T22:00:00Z,2025-08-29,22,Not Harmattan,-0.5000000000000004,0.8660254037844384,0,14.036406318529,13.882315493702205,15.715882691539226,25.437333333333335,76.04016666666666,12.285,train
386,MOD-PM-00884,2025-08-29T23:00:00Z,2025-08-29,23,Not Harmattan,-0.25881904510252157,0.9659258262890681,0,13.909791830727023,13.755746199369993,15.88347054568497,25.199333333333332,77.60583333333334,11.565,train
387,MOD-PM-00884,2025-08-30T00:00:00Z,2025-08-30,0,Not Harmattan,0,1,0,12.614221166606752,12.52656769907002,14.772286429502785,24.833333333333332,80.008,11.84,train
388,MOD-PM-00884,2025-08-30T01:00:00Z,2025-08-30,1,Not Harmattan,0.25881904510252074,0.9659258262890683,0,11.178291745916823,11.1942137730969,13.543340437875614,24.4155,82.2065,11.438333333333333,train
389,MOD-PM-00884,2025-08-30T02:00:00Z,2025-08-30,2,Not Harmattan,0.49999999999999994,0.8660254037844387,0,10.649076222090631,10.697459593289636,12.96711002641212,24.212,83.354,10.555,train
390,MOD-PM-00884,2025-08-30T03:00:00Z,2025-08-30,3,Not Harmattan,0.7071067811865475,0.7071067811865476,0,10.322435721911535,10.38460507673235,12.862464409235963,24.499666666666663,81.927,10.581666666666669,train
391,MOD-PM-00884,2025-08-30T04:00:00Z,2025-08-30,4,Not Harmattan,0.8660254037844386,0.5000000000000001,0,9.65379947766304,9.728768742367702,12.389093907497564,24.535833333333333,81.6485,10.34,train
392,MOD-PM-00884,2025-08-30T05:00:00Z,2025-08-30,5,Not Harmattan,0.9659258262890683,0.25881904510252074,0,8.61168210213847,8.721581895404007,11.89198771910882,23.803,83.244,9.803333333333333,train
393,MOD-PM-00884,2025-08-30T06:00:00Z,2025-08-30,6,Not Harmattan,1,6.123233995736766e-17,0,10.002463435214684,9.896854458218217,13.63916813684212,23.805666666666667,82.04733333333333,9.653333333333332,train
394,MOD-PM-00884,2025-08-30T07:00:00Z,2025-08-30,7,Not Harmattan,0.9659258262890683,-0.25881904510252063,0,11.202517549026624,11.128341563977962,13.994381695115388,25.095666666666663,78.00533333333334,10.64,train
395,MOD-PM-00884,2025-08-30T08:00:00Z,2025-08-30,8,Not Harmattan,0.8660254037844387,-0.49999999999999983,0,11.66121722508035,11.584406572556675,14.289197254468805,26.321166666666667,73.94216666666667,10.58,train
396,MOD-PM-00884,2025-08-30T09:00:00Z,2025-08-30,9,Not Harmattan,0.7071067811865476,-0.7071067811865475,0,10.393848821651028,10.423178026289438,13.149520832673725,28.96066666666667,65.6105,9.79,train
397,MOD-PM-00884,2025-08-30T10:00:00Z,2025-08-30,10,Not Harmattan,0.49999999999999994,-0.8660254037844387,0,8.827267279307494,8.958945013426623,12.018946778062794,30.564666666666668,60.277833333333334,7.806666666666667,train
398,MOD-PM-00884,2025-08-30T11:00:00Z,2025-08-30,11,Not Harmattan,0.258819045102521,-0.9659258262890682,0,11.106674725275733,11.066913420369094,13.929069050024925,31.49266666666667,57.355333333333334,6.681666666666667,train
399,MOD-PM-00884,2025-08-30T12:00:00Z,2025-08-30,12,Not Harmattan,1.2246467991473532e-16,-1,0,11.97372600677873,11.89735728100812,14.804824231641971,32.88766666666667,53.26866666666667,7.441666666666666,train
400,MOD-PM-00884,2025-08-30T13:00:00Z,2025-08-30,13,Not Harmattan,-0.2588190451025208,-0.9659258262890683,0,14.17270704915686,14.001170198122994,16.03405467224365,35.50666666666667,46.3605,7.816666666666666,train
401,MOD-PM-00884,2025-08-30T14:00:00Z,2025-08-30,14,Not Harmattan,-0.4999999999999998,-0.8660254037844388,0,15.336096184861546,15.092486475716688,17.063191062002005,35.393499999999996,46.08533333333333,7.868333333333333,train
402,MOD-PM-00884,2025-08-30T15:00:00Z,2025-08-30,15,Not Harmattan,-0.7071067811865471,-0.7071067811865479,0,17.838615563039642,17.449023541165563,18.98255551505101,35.19864406779661,46.58271186440678,8.068333333333333,train
403,MOD-PM-00884,2025-08-30T16:00:00Z,2025-08-30,16,Not Harmattan,-0.8660254037844384,-0.5000000000000004,0,15.142983091048585,14.885539234626616,16.95930397542453,32.539833333333334,52.3385,8.798333333333334,train
404,MOD-PM-00884,2025-08-30T17:00:00Z,2025-08-30,17,Not Harmattan,-0.9659258262890683,-0.25881904510252063,0,18.35061808899911,17.92778103276153,19.433235720296786,30.661833333333337,58.671,8.4783333333333335,train
405,MOD-PM-00884,2025-08-30T18:00:00Z,2025-08-30,18,Not Harmattan,-1,-1.8369701987210297e-16,0,22.37053121428351,21.501386854221515,23.66419297796436,28.7815,63.980333333333334,10.06,train
406,MOD-PM-00884,2025-08-30T19:00:00Z,2025-08-30,19,Not Harmattan,-0.9659258262890684,0.2588190451025203,0,19.887569924340507,19.38447260112241,20.552826883947663,27.028833333333335,70.068,13.908333333333331,train
407,MOD-PM-00884,2025-08-30T20:00:00Z,2025-08-30,20,Not Harmattan,-0.8660254037844386,0.5000000000000001,0,20.623581634476864,19.985518032575047,21.50599959479243,25.981833333333334,74.66233333333334,12.863333333333332,train
408,MOD-PM-00884,2025-08-30T21:00:00Z,2025-08-30,21,Not Harmattan,-0.7071067811865477,0.7071067811865474,0,16.14556020375337,15.809500854765394,18.295518835881623,25.927333333333333,74.16583333333334,15.31,train
409,MOD-PM-00884,2025-08-30T22:00:00Z,2025-08-30,22,Not Harmattan,-0.5000000000000004,0.8660254037844384,0,14.61303345197664,14.36337115638299,16.744797843206303,25.447,76.199,12.943333333333332,train
410,MOD-PM-00884,2025-08-30T23:00:00Z,2025-08-30,23,Not Harmattan,-0.25881904510252157,0.9659258262890681,0,12.210111115910712,12.123138894974195,14.41252168763744,25.0795,78.70283333333333,12.381666666666666,train
411,MOD-PM-00884,2025-08-31T00:00:00Z,2025-08-31,0,Not Harmattan,0,1,0,12.776175146655596,12.645095351050676,15.008995384453192,25.418833333333332,78.46533333333333,11.091666666666669,train
412,MOD-PM-00884,2025-08-31T01:00:00Z,2025-08-31,1,Not Harmattan,0.25881904510252074,0.9659258262890683,0,12.453613064508453,12.341725355257305,14.770326892122863,24.229833333333332,81.9765,11.751666666666669,train
413,MOD-PM-00884,2025-08-31T02:00:00Z,2025-08-31,2,Not Harmattan,0.49999999999999994,0.8660254037844387,0,10.182974217308912,10.177907934567088,12.70898838476982,23.476666666666667,85.0105,13.39,train
414,MOD-PM-00884,2025-08-31T03:00:00Z,2025-08-31,3,Not Harmattan,0.7071067811865475,0.7071067811865476,0,9.09448522876104,9.120066436140144,12.047723532650195,23.289666666666665,86.19133333333333,12.233333333333333,train
415,MOD-PM-00884,2025-08-31T04:00:00Z,2025-08-31,4,Not Harmattan,0.8660254037844386,0.5000000000000001,0,9.9762188151790685,9.948509505380695,12.845318457161648,24.1665,83.20616666666666,11.708333333333334,train
416,MOD-PM-00884,2025-08-31T05:00:00Z,2025-08-31,5,Not Harmattan,0.9659258262890683,0.25881904510252074,0,9.819505602301282,9.81366770815096,12.3997765467623,24.382666666666665,81.95883333333333,11.885,train
417,MOD-PM-00884,2025-08-31T06:00:00Z,2025-08-31,6,Not Harmattan,1,6.123233995736766e-17,0,10.570423930344424,10.463463191562528,13.58852041665946,24.581833333333332,80.8925,11.258333333333333,train
418,MOD-PM-00884,2025-08-31T07:00:00Z,2025-08-31,7,Not Harmattan,0.9659258262890683,-0.25881904510252063,0,11.189119945791658,11.077321383316916,13.889957316030516,25.289666666666665,78.15966666666667,11.978333333333332,train
419,MOD-PM-00884,2025-08-31T08:00:00Z,2025-08-31,8,Not Harmattan,0.8660254037844387,-0.49999999999999983,0,10.533310326253654,10.496226150712513,13.169858934350817,27.227166666666665,70.726,11.466666666666669,train
420,MOD-PM-00884,2025-08-31T09:00:00Z,2025-08-31,9,Not Harmattan,0.7071067811865476,-0.7071067811865475,0,8.947519434979622,9.082628550934114,11.991039173119711,27.905833333333337,68.0245,9.181666666666668,train
421,MOD-PM-00884,2025-08-31T10:00:00Z,2025-08-31,10,Not Harmattan,0.49999999999999994,-0.8660254037844387,0,9.467660478684715,9.568974767793552,12.336075779194031,29.663,62.123666666666665,7.53,train
422,MOD-PM-00884,2025-08-31T11:00:00Z,2025-08-31,11,Not Harmattan,0.258819045102521,-0.9659258262890682,0,12.781191600834898,12.628434914982629,15.278573998679713,30.685166666666667,58.49466666666667,7.18,train
423,MOD-PM-00884,2025-08-31T12:00:00Z,2025-08-31,12,Not Harmattan,1.2246467991473532e-16,-1,0,15.230240844842212,14.948140919344205,17.104641598675677,32.97966666666667,51.812333333333335,9.395,train
424,MOD-PM-00884,2025-08-31T13:00:00Z,2025-08-31,13,Not Harmattan,-0.2588190451025208,-0.9659258262890683,0,15.768836730141894,15.482544606524645,17.486893612247705,35.523833333333336,45.699,10.175,train
425,MOD-PM-00884,2025-08-31T14:00:00Z,2025-08-31,14,Not Harmattan,-0.4999999999999998,-0.8660254037844388,0,18.53017044285583,18.03086026654052,20.40085211795807,34.792833333333334,46.529,9.268333333333333,train
426,MOD-PM-00884,2025-08-31T15:00:00Z,2025-08-31,15,Not Harmattan,-0.7071067811865471,-0.7071067811865479,0,18.486245880651698,18.052099436770455,19.363119048081348,34.299166666666665,47.141333333333336,10.316666666666666,train
427,MOD-PM-00884,2025-08-31T16:00:00Z,2025-08-31,16,Not Harmattan,-0.8660254037844384,-0.5000000000000004,0,19.759099756333995,19.25748006245591,20.46137653864437,33.86383333333333,47.6955,9.886666666666668,train
428,MOD-PM-00884,2025-08-31T17:00:00Z,2025-08-31,17,Not Harmattan,-0.9659258262890683,-0.25881904510252063,0,21.24798743516883,20.646125484889897,21.808084405716528,31.762833333333333,53.4155,10.283333333333331,train
429,MOD-PM-00884,2025-08-31T18:00:00Z,2025-08-31,18,Not Harmattan,-1,-1.8369701987210297e-16,0,29.85416320574475,28.458927320242065,29.43466709925593,29.079333333333334,60.165333333333336,11.378333333333334,train
430,MOD-PM-00884,2025-08-31T19:00:00Z,2025-08-31,19,Not Harmattan,-0.9659258262890684,0.2588190451025203,0,27.480299598156485,26.397746650617716,27.514320466932432,27.299833333333332,65.7065,17.78,train
431,MOD-PM-00884,2025-08-31T20:00:00Z,2025-08-31,20,Not Harmattan,-0.8660254037844386,0.5000000000000001,0,23.761842741703873,22.971218235324287,23.7576818742516,26.722833333333337,67.84483333333333,18.303333333333335,train
432,MOD-PM-00884,2025-08-31T21:00:00Z,2025-08-31,21,Not Harmattan,-0.7071067811865477,0.7071067811865474,0,27.760221819779563,26.71500675592741,27.054129434346084,26.059833333333337,70.12416666666667,16.338333333333335,train
433,MOD-PM-00884,2025-08-31T22:00:00Z,2025-08-31,22,Not Harmattan,-0.5000000000000004,0.8660254037844384,0,25.123402209581144,24.200608357791403,25.136706305371664,25.435666666666663,73.22516666666667,19.72,train
434,MOD-PM-00884,2025-08-31T23:00:00Z,2025-08-31,23,Not Harmattan,-0.25881904510252157,0.9659258262890681,0,22.660180462912795,21.89640848676799,22.853766244158574,25.0755,75.08783333333334,19.473333333333333,train
435,MOD-PM-00884,2025-09-01T00:00:00Z,2025-09-01,0,Not Harmattan,0,1,0,19.02066138746863,18.466936599513343,19.849811243459055,24.713333333333335,76.21816666666666,18.506666666666668,train
436,MOD-PM-00884,2025-09-01T01:00:00Z,2025-09-01,1,Not Harmattan,0.25881904510252074,0.9659258262890683,0,17.504958110073705,17.00968711816635,18.5951226196392,24.166666666666668,79.02416666666667,16.656666666666666,train
437,MOD-PM-00884,2025-09-01T02:00:00Z,2025-09-01,2,Not Harmattan,0.49999999999999994,0.8660254037844387,0,17.648334895987006,17.0740394953576,18.931372912945484,23.241833333333332,83.52566666666667,16.275,train
438,MOD-PM-00884,2025-09-01T03:00:00Z,2025-09-01,3,Not Harmattan,0.7071067811865475,0.7071067811865476,0,15.827790262793773,15.305974765609458,17.62845438522626,22.68883333333333,86.14833333333333,18.845,train
439,MOD-PM-00884,2025-09-01T04:00:00Z,2025-09-01,4,Not Harmattan,0.8660254037844386,0.5000000000000001,0,14.873338482866023,14.3443636380975,16.97787217237137,22.500166666666665,87.2905,18.998333333333335,train
440,MOD-PM-00884,2025-09-01T05:00:00Z,2025-09-01,5,Not Harmattan,0.9659258262890683,0.25881904510252074,0,13.204572176731917,12.774146396252146,15.56551980307183,22.85333333333333,85.95966666666666,19.253333333333337,train
441,MOD-PM-00884,2025-09-01T06:00:00Z,2025-09-01,6,Not Harmattan,1,6.123233995736766e-17,0,12.635245411561469,12.219811748602307,15.320214168003051,23.212833333333332,83.93066666666667,16.383333333333333,train
442,MOD-PM-00884,2025-09-01T07:00:00Z,2025-09-01,7,Not Harmattan,0.9659258262890683,-0.25881904510252063,0,13.76716955214964,13.44596982342574,16.03234797839662,24.2755,79.98233333333333,14.553333333333333,train
443,MOD-PM-00884,2025-09-01T08:00:00Z,2025-09-01,8,Not Harmattan,0.8660254037844387,-0.49999999999999983,0,12.217024034474871,12.132180933024983,14.909106386239593,26.516333333333332,72.191,13.685,train
444,MOD-PM-00884,2025-09-01T09:00:00Z,2025-09-01,9,Not Harmattan,0.7071067811865476,-0.7071067811865475,0,12.008494520501127,11.969424248110789,14.417057068508711,27.487666666666662,68.11083333333333,10.003333333333334,train
445,MOD-PM-00884,2025-09-01T10:00:00Z,2025-09-01,10,Not Harmattan,0.49999999999999994,-0.8660254037844387,0,14.152192606456138,13.969157535747437,16.083390766599425,29.292333333333332,62.48166666666667,9.053333333333333,train
446,MOD-PM-00884,2025-09-01T11:00:00Z,2025-09-01,11,Not Harmattan,0.258819045102521,-0.9659258262890682,0,12.28629596474759,12.225564023872916,14.656247050625634,33.30083333333334,49.5985,9.791666666666666,train
447,MOD-PM-00884,2025-09-01T12:00:00Z,2025-09-01,12,Not Harmattan,1.2246467991473532e-16,-1,0,13.37425475895131,13.257953147105832,15.47738802913776,34.6565,45.099833333333336,7.575,train
448,MOD-PM-00884,2025-09-01T13:00:00Z,2025-09-01,13,Not Harmattan,-0.2588190451025208,-0.9659258262890683,0,14.947769611949164,14.746060988098494,16.57564551970078,34.91016666666667,43.288666666666664,7.863333333333333,train
449,MOD-PM-00884,2025-09-01T14:00:00Z,2025-09-01,14,Not Harmattan,-0.4999999999999998,-0.8660254037844388,0,16.02269786054079,15.704613213376248,17.425436831033863,32.23166666666667,50.76416666666667,8.285,train
450,MOD-PM-00884,2025-09-01T15:00:00Z,2025-09-01,15,Not Harmattan,-0.7071067811865471,-0.7071067811865479,0,18.485634117946905,17.988593548247792,19.621177478840423,31.271833333333333,53.1795,9.626666666666669,train
451,MOD-PM-00884,2025-09-01T16:00:00Z,2025-09-01,16,Not Harmattan,-0.8660254037844384,-0.5000000000000004,0,19.313777291425076,18.751395268915388,20.797958689087576,31.057,53.80233333333334,10.753333333333334,train
452,MOD-PM-00884,2025-09-01T17:00:00Z,2025-09-01,17,Not Harmattan,-0.9659258262890683,-0.25881904510252063,0,23.235971520663885,22.50058977397015,23.419140186428475,30.460166666666662,56.17733333333334,11.201666666666666,train
453,MOD-PM-00884,2025-09-01T18:00:00Z,2025-09-01,18,Not Harmattan,-1,-1.8369701987210297e-16,0,21.862421503772673,21.16804346420872,22.45884044850028,27.588166666666663,65.06116666666667,12.345,train
454,MOD-PM-00884,2025-09-01T19:00:00Z,2025-09-01,19,Not Harmattan,-0.9659258262890684,0.2588190451025203,0,27.735710527407527,26.660504428697863,26.903482096904185,25.665166666666668,71.87316666666666,13.171666666666669,train
455,MOD-PM-00884,2025-09-01T20:00:00Z,2025-09-01,20,Not Harmattan,-0.8660254037844386,0.5000000000000001,0,20.608736192840556,20.04007807494108,21.29514389108035,24.858833333333333,75.86766666666666,18.12,train
456,MOD-PM-00884,2025-09-01T21:00:00Z,2025-09-01,21,Not Harmattan,-0.7071067811865477,0.7071067811865474,0,19.012586119765363,18.527979975545584,19.934608643303097,24.533333333333335,77.825,15.458333333333334,train
457,MOD-PM-00884,2025-09-01T22:00:00Z,2025-09-01,22,Not Harmattan,-0.5000000000000004,0.8660254037844384,0,19.05932479041154,18.59360208573971,19.879346528645137,24.365666666666662,78.96633333333334,15.296666666666669,train
458,MOD-PM-00884,2025-09-01T23:00:00Z,2025-09-01,23,Not Harmattan,-0.25881904510252157,0.9659258262890681,0,19.889751877987603,19.347919681342628,20.3925240840934,24.079833333333333,80.44133333333333,15.376666666666669,train
459,MOD-PM-00884,2025-09-02T00:00:00Z,2025-09-02,0,Not Harmattan,0,1,0,20.67929282479334,20.102198800187885,21.146329669251923,23.986,81.2115,16.626666666666665,train
460,MOD-PM-00884,2025-09-02T01:00:00Z,2025-09-02,1,Not Harmattan,0.25881904510252074,0.9659258262890683,0,19.817930936444917,19.272120468746657,20.208327570380742,23.368166666666667,83.98383333333334,17.291666666666668,train
461,MOD-PM-00884,2025-09-02T02:00:00Z,2025-09-02,2,Not Harmattan,0.49999999999999994,0.8660254037844387,0,16.708646989334927,16.336786341778193,17.85365895943003,23.066333333333333,85.3355,18.148333333333333,train
462,MOD-PM-00884,2025-09-02T03:00:00Z,2025-09-02,3,Not Harmattan,0.7071067811865475,0.7071067811865476,0,17.075928925202433,16.633942341209004,18.10746645829234,22.902166666666663,86.06233333333333,16.766666666666666,train
463,MOD-PM-00884,2025-09-02T04:00:00Z,2025-09-02,4,Not Harmattan,0.8660254037844386,0.5000000000000001,0,18.45943028209161,17.868796163264257,19.456181270906836,22.763,87.349,17.955,train
464,MOD-PM-00884,2025-09-02T05:00:00Z,2025-09-02,5,Not Harmattan,0.9659258262890683,0.25881904510252074,0,18.25381683701071,17.652364401410274,19.21149194194949,22.604,87.68033333333334,20.215,train
465,MOD-PM-00884,2025-09-02T06:00:00Z,2025-09-02,6,Not Harmattan,1,6.123233995736766e-17,0,16.286877388560534,15.815253130036004,17.86069117018862,22.857833333333332,86.97933333333333,20.536666666666665,train
466,MOD-PM-00884,2025-09-02T07:00:00Z,2025-09-02,7,Not Harmattan,0.9659258262890683,-0.25881904510252063,0,19.00312418993123,18.441503462698147,20.11245246325182,25.116833333333332,80.058,18.231666666666666,train
467,MOD-PM-00884,2025-09-02T08:00:00Z,2025-09-02,8,Not Harmattan,0.8660254037844387,-0.49999999999999983,0,16.01180848439548,15.692242935787617,17.486672374156424,28.643833333333333,68.07933333333334,17.138333333333332,train
468,MOD-PM-00884,2025-09-02T09:00:00Z,2025-09-02,9,Not Harmattan,0.7071067811865476,-0.7071067811865475,0,12.310542159947548,12.258788704114856,14.678876546819572,31.655,56.36,12.648333333333332,train
469,MOD-PM-00884,2025-09-02T10:00:00Z,2025-09-02,10,Not Harmattan,0.49999999999999994,-0.8660254037844387,0,12.082803297043307,12.01105609990208,14.779192218494927,34.201166666666666,48.46933333333333,8.878333333333334,train
470,MOD-PM-00884,2025-09-02T11:00:00Z,2025-09-02,11,Not Harmattan,0.258819045102521,-0.9659258262890682,0,16.80436746054486,16.469396487063484,18.22284212289565,36.63916666666667,42.14033333333333,7.988333333333333,train
471,MOD-PM-00884,2025-09-02T12:00:00Z,2025-09-02,12,Not Harmattan,1.2246467991473532e-16,-1,0,18.840449203837455,18.366701897461574,19.931100439284204,37.803,38.28933333333333,8.753333333333334,train
472,MOD-PM-00884,2025-09-02T13:00:00Z,2025-09-02,13,Not Harmattan,-0.2588190451025208,-0.9659258262890683,0,12.18529394218628,12.089048487684838,14.745579831340946,36.693333333333335,39.86266666666667,8.275,train
473,MOD-PM-00884,2025-09-02T14:00:00Z,2025-09-02,14,Not Harmattan,-0.4999999999999998,-0.8660254037844388,0,13.97408809100076,13.811133492025782,15.814412655763528,39.2625,34.5435,8.411666666666667,train
474,MOD-PM-00884,2025-09-02T15:00:00Z,2025-09-02,15,Not Harmattan,-0.7071067811865471,-0.7071067811865479,0,11.564048915469076,11.55452937023141,13.802046780187728,41.43566666666667,30.6505,6.83,train
475,MOD-PM-00884,2025-09-02T16:00:00Z,2025-09-02,16,Not Harmattan,-0.8660254037844384,-0.5000000000000004,0,12.372269016861155,12.31030908262552,14.348615484698696,41.1105,30.779833333333332,6.096666666666667,train
476,MOD-PM-00884,2025-09-02T17:00:00Z,2025-09-02,17,Not Harmattan,-0.9659258262890683,-0.25881904510252063,0,14.502161657778004,14.298749441888098,16.1902645674092,37.956,36.430166666666665,6.09,train
477,MOD-PM-00884,2025-09-02T18:00:00Z,2025-09-02,18,Not Harmattan,-1,-1.8369701987210297e-16,0,22.149093507238632,21.41798848198711,22.904176923529153,32.6285,49.121,6.483333333333333,train
478,MOD-PM-00884,2025-09-02T19:00:00Z,2025-09-02,19,Not Harmattan,-0.9659258262890684,0.2588190451025203,0,36.93658082331264,35.33710947358282,34.418181527138366,30.060166666666667,57.32516666666667,10.383333333333333,train
479,MOD-PM-00884,2025-09-02T20:00:00Z,2025-09-02,20,Not Harmattan,-0.8660254037844386,0.5000000000000001,0,34.445421913125415,33.03135129387405,32.80568769883309,29.099,60.8465,16.933333333333334,train
480,MOD-PM-00884,2025-09-02T21:00:00Z,2025-09-02,21,Not Harmattan,-0.7071067811865477,0.7071067811865474,0,33.22575060857978,31.94043902223582,31.264290311433204,28.304166666666667,63.404833333333336,18.126666666666665,train
481,MOD-PM-00884,2025-09-02T22:00:00Z,2025-09-02,22,Not Harmattan,-0.5000000000000004,0.8660254037844384,0,25.138268043307612,24.333064596046043,24.746173666097384,27.633333333333333,66.2,17.33,train
482,MOD-PM-00884,2025-09-02T23:00:00Z,2025-09-02,23,Not Harmattan,-0.25881904510252157,0.9659258262890681,0,22.133595518717215,21.500097882839807,22.416615578507123,27.0785,68.86883333333333,14.888333333333334,train
483,MOD-PM-00884,2025-09-03T00:00:00Z,2025-09-03,0,Not Harmattan,0,1,0,17.437378723284247,17.083273917196703,18.573583511180868,26.2195,71.98016666666666,14.265,train
484,MOD-PM-00884,2025-09-03T01:00:00Z,2025-09-03,1,Not Harmattan,0.25881904510252074,0.9659258262890683,0,16.13006221523195,15.829162477931153,17.726131002527048,25.592833333333335,73.94066666666667,13.29,train
485,MOD-PM-00884,2025-09-03T02:00:00Z,2025-09-03,2,Not Harmattan,0.49999999999999994,0.8660254037844387,0,15.39007404751444,15.15385690418906,17.044401626963882,25.029333333333337,75.58883333333333,12.9,train
486,MOD-PM-00884,2025-09-03T03:00:00Z,2025-09-03,3,Not Harmattan,0.7071067811865475,0.7071067811865476,0,13.85852611606538,13.703956483555688,15.57743505455942,24.4855,78.206,13.668333333333331,train
487,MOD-PM-00884,2025-09-03T04:00:00Z,2025-09-03,4,Not Harmattan,0.8660254037844386,0.5000000000000001,0,14.388108697514443,14.212888557163268,15.83830636962193,24.544833333333333,78.6475,12.758333333333333,train
488,MOD-PM-00884,2025-09-03T05:00:00Z,2025-09-03,5,Not Harmattan,0.9659258262890683,0.25881904510252074,0,12.319453503347368,12.245860513540112,14.551538222566256,23.821166666666667,81.97616666666667,13.206666666666669,train
489,MOD-PM-00884,2025-09-03T06:00:00Z,2025-09-03,6,Not Harmattan,1,6.123233995736766e-17,0,9.961883175796752,9.99870243575199,12.697847466601717,23.282,85.39316666666667,12.596666666666668,train
490,MOD-PM-00884,2025-09-03T07:00:00Z,2025-09-03,7,Not Harmattan,0.9659258262890683,-0.25881904510252063,0,8.85259425528592,9.037495314195496,11.754203796402855,24.232,81.88316666666667,10.951666666666666,train
491,MOD-PM-00884,2025-09-03T08:00:00Z,2025-09-03,8,Not Harmattan,0.8660254037844387,-0.49999999999999983,0,9.187371199438765,9.35438989030739,12.05240113800872,26.335,73.4765,8.298333333333334,train
492,MOD-PM-00884,2025-09-03T09:00:00Z,2025-09-03,9,Not Harmattan,0.7071067811865476,-0.7071067811865475,0,11.47295744872541,11.504798160952072,14.076350407935188,29.042833333333338,64.2395,7.193333333333333,train
493,MOD-PM-00884,2025-09-03T20:00:00Z,2025-09-03,20,Not Harmattan,-0.8660254037844386,0.5000000000000001,0,12.536955536991409,12.52535568120364,14.713452899942707,23.7725,87.09433333333334,9.136666666666668,train
494,MOD-PM-00884,2025-09-03T21:00:00Z,2025-09-03,21,Not Harmattan,-0.7071067811865477,0.7071067811865474,0,17.04846077975723,15.837107928388548,24.12313559560704,24.076166666666666,87.272,11.711666666666666,train
495,MOD-PM-00884,2025-09-03T22:00:00Z,2025-09-03,22,Not Harmattan,-0.5000000000000004,0.8660254037844384,0,8.626282838692862,8.787088575325146,11.592383935351238,23.8455,86.51766666666667,15.448333333333334,train
496,MOD-PM-00884,2025-09-03T23:00:00Z,2025-09-03,23,Not Harmattan,-0.25881904510252157,0.9659258262890681,0,10.43964945614986,10.460731341768458,13.11545016661637,23.737666666666662,86.25516666666667,9.179661016949153,train
497,MOD-PM-00884,2025-09-04T00:00:00Z,2025-09-04,0,Not Harmattan,0,1,0,12.749583861087263,12.583609492305314,15.046321410996546,23.740666666666662,86.53533333333333,11.605,test
498,MOD-PM-00884,2025-09-04T01:00:00Z,2025-09-04,1,Not Harmattan,0.25881904510252074,0.9659258262890683,0,13.156936254118706,12.947195613841174,15.396525506774369,23.661833333333337,86.417,14.18,test
499,MOD-PM-00884,2025-09-04T02:00:00Z,2025-09-04,2,Not Harmattan,0.49999999999999994,0.8660254037844387,0,13.648344842788694,13.397527585528112,15.71450785482912,23.492166666666662,86.59733333333334,14.855,test
500,MOD-PM-00884,2025-09-04T03:00:00Z,2025-09-04,3,Not Harmattan,0.7071067811865475,0.7071067811865476,0,13.20075885587204,12.948022864130929,15.3637664665439,23.485,85.78083333333333,15.775,test
501,MOD-PM-00884,2025-09-04T04:00:00Z,2025-09-04,4,Not Harmattan,0.8660254037844386,0.5000000000000001,0,11.629385172340958,11.53034672804026,14.119144175877352,23.399,83.92999999999999,15.101666666666668,test
502,MOD-PM-00884,2025-09-04T05:00:00Z,2025-09-04,5,Not Harmattan,0.9659258262890683,0.25881904510252074,0,11.2529064038114,11.20604537607825,13.595268178443543,23.010666666666665,83.27783333333333,12.813333333333333,test
503,MOD-PM-00884,2025-09-04T06:00:00Z,2025-09-04,6,Not Harmattan,1,6.123233995736766e-17,0,12.139065073794097,12.069290672624923,14.353688158077365,23.195333333333338,82.53033333333333,11.961666666666666,test
504,MOD-PM-00884,2025-09-04T07:00:00Z,2025-09-04,7,Not Harmattan,0.9659258262890683,-0.25881904510252063,0,12.488096088968613,12.415600729970128,15.324591521666266,25.0795,76.42616666666666,12.115,test
505,MOD-PM-00884,2025-09-04T08:00:00Z,2025-09-04,8,Not Harmattan,0.8660254037844387,-0.49999999999999983,0,12.783230809850874,12.683341248167627,16.40434402616567,26.041666666666668,72.262,10.848333333333333,test
506,MOD-PM-00884,2025-09-04T09:00:00Z,2025-09-04,9,Not Harmattan,0.7071067811865476,-0.7071067811865475,0,13.21799017205704,13.09054077451442,16.52240615330597,27.966,65.5325,10.395,test
507,MOD-PM-00884,2025-09-04T10:00:00Z,2025-09-04,10,Not Harmattan,0.49999999999999994,-0.8660254037844387,0,12.491195686672896,12.431299247096604,15.310068821245716,29.427833333333332,60.87866666666667,9.525,test
508,MOD-PM-00884,2025-09-04T20:00:00Z,2025-09-04,20,Not Harmattan,-0.8660254037844386,0.5000000000000001,0,22.678941185859777,22.010742172163383,22.66566645840688,25.683666666666667,73.39750000000001,37.44666666666666,test
509,MOD-PM-00884,2025-09-04T21:00:00Z,2025-09-04,21,Not Harmattan,-0.7071067811865477,0.7071067811865474,0,18.565204053750303,18.121088263260095,19.442938590871556,25.4085,74.68783333333333,18.935,test
510,MOD-PM-00884,2025-09-04T22:00:00Z,2025-09-04,22,Not Harmattan,-0.5000000000000004,0.8660254037844384,0,15.277837137544354,15.020343281075252,16.888010745920422,25.546603773584906,74.0856603773585,15.496666666666666,test
511,MOD-PM-00884,2025-09-04T23:00:00Z,2025-09-04,23,Not Harmattan,-0.25881904510252157,0.9659258262890681,0,15.58471440155358,15.300337920611838,17.160297117909487,25.28842105263158,74.78929824561403,13.13728813559322,test
512,MOD-PM-00884,2025-09-05T00:00:00Z,2025-09-05,0,Not Harmattan,0,1,0,15.549193527031075,15.257705673121311,17.038206960408,25.218833333333333,76.43033333333334,12.891666666666666,test
513,MOD-PM-00884,2025-09-05T01:00:00Z,2025-09-05,1,Not Harmattan,0.25881904510252074,0.9659258262890683,0,14.480688786839773,14.229260417548844,16.228333321830426,25.159166666666668,77.47483333333334,13.461666666666666,test
514,MOD-PM-00884,2025-09-05T02:00:00Z,2025-09-05,2,Not Harmattan,0.49999999999999994,0.8660254037844387,0,15.525372652568736,15.09691267701784,17.328426185538465,24.152857142857144,81.24339285714285,13.26,test
515,MOD-PM-00884,2025-09-05T03:00:00Z,2025-09-05,3,Not Harmattan,0.7071067811865475,0.7071067811865476,0,15.53106903729708,15.04976188400777,17.350418154824467,23.485,83.0878,15.548333333333334,test
516,MOD-PM-00884,2025-09-05T04:00:00Z,2025-09-05,4,Not Harmattan,0.8660254037844386,0.5000000000000001,0,14.13045463834583,13.734603221034211,16.01414324402831,23.093333333333337,84.22116666666666,16.51,test
517,MOD-PM-00884,2025-09-05T05:00:00Z,2025-09-05,5,Not Harmattan,0.9659258262890683,0.25881904510252074,0,14.178314873950796,13.78575807034708,15.944958932340423,22.9465,84.21016666666667,15.618333333333334,test
518,MOD-PM-00884,2025-09-05T06:00:00Z,2025-09-05,6,Not Harmattan,1,6.123233995736766e-17,0,13.391893916939503,13.082056649449743,15.308472746444329,22.439333333333337,85.63933333333334,15.621666666666666,test
519,MOD-PM-00884,2025-09-05T07:00:00Z,2025-09-05,7,Not Harmattan,0.9659258262890683,-0.25881904510252063,0,16.88379465171714,16.46595281725265,18.099912757747155,25.026666666666667,76.0335,15.023333333333332,test
520,MOD-PM-00884,2025-09-05T08:00:00Z,2025-09-05,8,Not Harmattan,0.8660254037844387,-0.49999999999999983,0,18.618855642960643,18.144616800570976,19.580058799303675,28.276,63.8075,14.116666666666667,test
521,MOD-PM-00884,2025-09-05T09:00:00Z,2025-09-05,9,Not Harmattan,0.7071067811865476,-0.7071067811865475,0,19.296953817043267,18.81209235412866,20.03626754624695,31.674833333333332,53.1835,12.846666666666666,test
522,MOD-PM-00884,2025-09-05T13:00:00Z,2025-09-05,13,Not Harmattan,-0.2588190451025208,-0.9659258262890683,0,16.827288169884433,16.527765728438148,17.89141165943514,39.2535,34.755,8.945454545454545,test
523,MOD-PM-00884,2025-09-05T14:00:00Z,2025-09-05,14,Not Harmattan,-0.4999999999999998,-0.8660254037844388,0,22.12412093172367,21.518387610577168,22.20346357598553,37.36566666666667,37.99316666666667,9.855,test
524,MOD-PM-00884,2025-09-05T15:00:00Z,2025-09-05,15,Not Harmattan,-0.7071067811865471,-0.7071067811865479,0,18.22198478427132,17.786128849425452,19.6224733019465,39.268166666666666,35.22533333333333,10.58,test
525,MOD-PM-00884,2025-09-05T16:00:00Z,2025-09-05,16,Not Harmattan,-0.8660254037844384,-0.5000000000000004,0,31.211725823950704,29.90755800787256,30.15838430400016,36.66283333333333,42.945166666666665,10.416666666666666,test
526,MOD-PM-00884,2025-09-05T17:00:00Z,2025-09-05,17,Not Harmattan,-0.9659258262890683,-0.25881904510252063,0,22.92093411978569,22.256801037417823,23.260749515791723,31.032333333333337,56.84616666666667,15.871666666666666,test
527,MOD-PM-00884,2025-09-05T18:00:00Z,2025-09-05,18,Not Harmattan,-1,-1.8369701987210297e-16,0,12.857213312950496,12.78024496234172,15.178258327004354,27.532,69.08416666666666,13.375,test
528,MOD-PM-00884,2025-09-05T19:00:00Z,2025-09-05,19,Not Harmattan,-0.9659258262890684,0.2588190451025203,0,18.899634332370432,18.479287638723143,19.62527038352913,25.223833333333335,78.54716666666667,8.98,test
529,MOD-PM-00884,2025-09-05T20:00:00Z,2025-09-05,20,Not Harmattan,-0.8660254037844386,0.5000000000000001,0,15.683047206839769,15.47892779130433,16.91489832996017,24.777,80.90116666666667,15.296666666666669,test
530,MOD-PM-00884,2025-09-05T21:00:00Z,2025-09-05,21,Not Harmattan,-0.7071067811865477,0.7071067811865474,0,10.881117816018586,10.981225681053749,13.279545619464026,24.603166666666667,81.02716666666666,13.533333333333331,test
531,MOD-PM-00884,2025-09-05T22:00:00Z,2025-09-05,22,Not Harmattan,-0.5000000000000004,0.8660254037844384,0,15.713349852817176,15.490836347801006,16.890009044691002,25.164666666666665,81.02483333333333,9.72,test
532,MOD-PM-00884,2025-09-05T23:00:00Z,2025-09-05,23,Not Harmattan,-0.25881904510252157,0.9659258262890681,0,15.594198870013676,15.385256124773926,16.80508522308051,25.018,81.04483333333333,13.710169491525424,test
533,MOD-PM-00884,2025-09-06T00:00:00Z,2025-09-06,0,Not Harmattan,0,1,0,10.8452277373374,10.910120632892651,13.08575685422223,24.927666666666667,78.64116666666666,13.578333333333331,train
534,MOD-PM-00884,2025-09-06T01:00:00Z,2025-09-06,1,Not Harmattan,0.25881904510252074,0.9659258262890683,0,12.44172447594531,12.393264972146795,14.565428814154574,25.167666666666666,77.75166666666667,9.22,train
535,MOD-PM-00884,2025-09-06T02:00:00Z,2025-09-06,2,Not Harmattan,0.49999999999999994,0.8660254037844387,0,13.686355698846494,13.566498266804867,15.305185780516718,25.333833333333335,77.713,10.553333333333333,train
536,MOD-PM-00884,2025-09-06T03:00:00Z,2025-09-06,3,Not Harmattan,0.7071067811865475,0.7071067811865476,0,13.712314829619872,13.54429717763336,15.426297832772535,25.224333333333337,78.70216666666667,11.526666666666667,train
537,MOD-PM-00884,2025-09-06T04:00:00Z,2025-09-06,4,Not Harmattan,0.8660254037844386,0.5000000000000001,0,14.029554576235318,13.821175925775806,15.690772168178777,24.725833333333338,80.9885,12.021666666666668,train
538,MOD-PM-00884,2025-09-06T05:00:00Z,2025-09-06,5,Not Harmattan,0.9659258262890683,0.25881904510252074,0,14.696987687164388,14.376087724790588,16.38452741427517,23.919,83.50433333333334,13.09,train
539,MOD-PM-00884,2025-09-06T06:00:00Z,2025-09-06,6,Not Harmattan,1,6.123233995736766e-17,0,17.605960132635015,17.033408039265545,18.721560188806585,23.687,84.67183333333334,14.876666666666669,train
540,MOD-PM-00884,2025-09-06T07:00:00Z,2025-09-06,7,Not Harmattan,0.9659258262890683,-0.25881904510252063,0,19.809243906036855,19.20478614283653,20.518803626052726,24.7095,81.548,17.571666666666665,train
541,MOD-PM-00884,2025-09-06T08:00:00Z,2025-09-06,8,Not Harmattan,0.8660254037844387,-0.49999999999999983,0,20.541299550682215,19.992847854909837,20.955179958384697,28.633166666666668,68.716,17.615,train
542,MOD-PM-00884,2025-09-06T09:00:00Z,2025-09-06,9,Not Harmattan,0.7071067811865476,-0.7071067811865475,0,15.17430534153398,14.963127616453916,17.544684162234596,31.955,57.7195,14.15,train
543,MOD-PM-00884,2025-09-06T20:00:00Z,2025-09-06,20,Not Harmattan,-0.8660254037844386,0.5000000000000001,0,27.45756241762835,26.461040916973236,26.67974717573535,28.802333333333333,65.95866666666667,19.477777777777774,train
544,MOD-PM-00884,2025-09-06T21:00:00Z,2025-09-06,21,Not Harmattan,-0.7071067811865477,0.7071067811865474,0,20.065837576517165,19.523450649800917,20.56633821023664,28.1215,68.0475,16.746666666666666,train
545,MOD-PM-00884,2025-09-06T22:00:00Z,2025-09-06,22,Not Harmattan,-0.5000000000000004,0.8660254037844384,0,23.49097460811173,22.784086524430624,23.06430589345455,27.549333333333333,70.32783333333333,13.373333333333331,train
546,MOD-PM-00884,2025-09-06T23:00:00Z,2025-09-06,23,Not Harmattan,-0.25881904510252157,0.9659258262890681,0,25.46133992770875,24.644149181750834,24.82305390281771,27.065333333333335,72.08266666666667,15.059322033898304,train
547,MOD-PM-00884,2025-09-07T00:00:00Z,2025-09-07,0,Not Harmattan,0,1,0,25.22283404120015,24.417790416419816,24.562040363267947,27.04,72.44266666666667,16.355,train
548,MOD-PM-00884,2025-09-07T01:00:00Z,2025-09-07,1,Not Harmattan,0.25881904510252074,0.9659258262890683,0,26.463060572626823,25.610088944499868,25.599583800494997,26.915,72.30783333333333,15.911666666666669,train
549,MOD-PM-00884,2025-09-07T02:00:00Z,2025-09-07,2,Not Harmattan,0.49999999999999994,0.8660254037844387,0,29.99851881198572,28.952930411876427,28.21205799867189,26.791,72.09366666666666,16.591666666666665,train
550,MOD-PM-00884,2025-09-07T03:00:00Z,2025-09-07,3,Not Harmattan,0.7071067811865475,0.7071067811865476,0,34.7677596822808,33.42548796099428,31.876993402516536,26.834,71.74333333333334,17.906666666666666,train
551,MOD-PM-00884,2025-09-07T04:00:00Z,2025-09-07,4,Not Harmattan,0.8660254037844386,0.5000000000000001,0,41.72886475548825,40.00593696353928,37.20807287180222,26.62,73.028,20.386666666666667,train
552,MOD-PM-00884,2025-09-07T05:00:00Z,2025-09-07,5,Not Harmattan,0.9659258262890683,0.25881904510252074,0,32.3557016898233,31.12396222462844,30.123602515506548,25.93,75.58816666666667,25.05,train
553,MOD-PM-00884,2025-09-07T06:00:00Z,2025-09-07,6,Not Harmattan,1,6.123233995736766e-17,0,43.64810710505474,41.33242318396881,40.77419386244806,26.184833333333337,75.95983333333334,21.323333333333338,train
554,MOD-PM-00884,2025-09-07T07:00:00Z,2025-09-07,7,Not Harmattan,0.9659258262890683,-0.25881904510252063,0,39.30540758463144,37.59294406022393,35.70278470144364,26.951,74.83516666666667,28.263333333333332,train
555,MOD-PM-00884,2025-09-07T08:00:00Z,2025-09-07,8,Not Harmattan,0.8660254037844387,-0.49999999999999983,0,41.490256908528856,39.69283234805719,37.55541667511419,28.560166666666667,70.82033333333334,24.758333333333333,train
556,MOD-PM-00884,2025-09-07T09:00:00Z,2025-09-07,9,Not Harmattan,0.7071067811865476,-0.7071067811865475,0,32.246012636853926,30.962802325157256,30.1853595484157,29.692,68.83933333333333,24.473333333333333,train
557,MOD-PM-00884,2025-09-07T20:00:00Z,2025-09-07,20,Not Harmattan,-0.8660254037844386,0.5000000000000001,0,18.770389264937847,18.379094161768872,19.49284358317634,26.432166666666667,78.25566666666667,14.855,train
558,MOD-PM-00884,2025-09-07T21:00:00Z,2025-09-07,21,Not Harmattan,-0.7071067811865477,0.7071067811865474,0,16.411024433453175,16.154348795319407,17.477743836901137,25.762166666666666,81.03733333333334,13.988333333333332,train
559,MOD-PM-00884,2025-09-07T22:00:00Z,2025-09-07,22,Not Harmattan,-0.5000000000000004,0.8660254037844384,0,15.255996054713991,15.030846709940674,16.52461853421878,25.104,83.31016666666667,14.098333333333333,train
560,MOD-PM-00884,2025-09-07T23:00:00Z,2025-09-07,23,Not Harmattan,-0.25881904510252157,0.9659258262890681,0,15.890495940035043,15.577120476860127,17.223715099947544,24.478,85.14266666666667,14.823728813559322,train
561,MOD-PM-00884,2025-09-08T00:00:00Z,2025-09-08,0,Not Harmattan,0,1,0,14.94799392494092,14.697195505866572,16.392302352911635,24.272666666666662,85.122,15.903333333333334,train
562,MOD-PM-00884,2025-09-08T01:00:00Z,2025-09-08,1,Not Harmattan,0.25881904510252074,0.9659258262890683,0,14.173298419771491,13.966771976772334,15.783565744750565,23.980333333333338,85.74316666666667,15.008333333333333,train
563,MOD-PM-00884,2025-09-08T02:00:00Z,2025-09-08,2,Not Harmattan,0.49999999999999994,0.8660254037844387,0,12.537771220597795,12.421141383073593,14.606199833833594,23.704666666666668,86.39633333333333,14.703333333333331,train
564,MOD-PM-00884,2025-09-08T03:00:00Z,2025-09-08,3,Not Harmattan,0.7071067811865475,0.7071067811865476,0,12.59617416681536,12.47075716207994,14.526269671997747,23.863166666666668,86.28933333333333,13.686666666666667,train
565,MOD-PM-00884,2025-09-08T04:00:00Z,2025-09-08,4,Not Harmattan,0.8660254037844386,0.5000000000000001,0,12.769588501533992,12.577337780806255,14.78619282381191,23.9015,86.405,13.92,train
566,MOD-PM-00884,2025-09-08T05:00:00Z,2025-09-08,5,Not Harmattan,0.9659258262890683,0.25881904510252074,0,13.030770392300248,12.875109408359677,15.03352120714383,23.912833333333335,86.718,14.365,train
567,MOD-PM-00884,2025-09-08T06:00:00Z,2025-09-08,6,Not Harmattan,1,6.123233995736766e-17,0,13.279594676429683,13.1803455268997,15.082904709662024,24.243,85.05683333333333,14.596666666666666,train
568,MOD-PM-00884,2025-09-08T07:00:00Z,2025-09-08,7,Not Harmattan,0.9659258262890683,-0.25881904510252063,0,15.47388553807107,15.203010962103454,16.986942934113912,25.881333333333338,77.85833333333333,13.606666666666667,train
569,MOD-PM-00884,2025-09-08T08:00:00Z,2025-09-08,8,Not Harmattan,0.8660254037844387,-0.49999999999999983,0,15.716245529619863,15.4764652788139,17.53019306725566,28.272666666666662,69.51783333333333,12.955,train
570,MOD-PM-00884,2025-09-08T09:00:00Z,2025-09-08,9,Not Harmattan,0.7071067811865476,-0.7071067811865475,0,15.637328140701577,15.363612948588528,18.47816668295531,30.7225,61.80383333333334,10.856666666666667,train
571,MOD-PM-00884,2025-09-08T10:00:00Z,2025-09-08,10,Not Harmattan,0.49999999999999994,-0.8660254037844387,0,16.67473494339924,16.31416200827239,18.94949863370976,32.817,55.574666666666666,10.052,train
572,MOD-PM-00884,2025-09-08T11:00:00Z,2025-09-08,11,Not Harmattan,0.258819045102521,-0.9659258262890682,0,15.67503311540698,15.41251690757811,17.874328918244046,35.40383333333333,47.88033333333333,9.665,train
573,MOD-PM-00884,2025-09-08T12:00:00Z,2025-09-08,12,Not Harmattan,1.2246467991473532e-16,-1,0,17.366924051782263,17.0572251522589,18.46084690095213,35.37566666666667,47.3785,8.32,train
574,MOD-PM-00884,2025-09-08T13:00:00Z,2025-09-08,13,Not Harmattan,-0.2588190451025208,-0.9659258262890683,0,18.579845574485017,18.007908880594584,19.98470326825755,33.14633333333333,53.8965,8.625,train
575,MOD-PM-00884,2025-09-08T14:00:00Z,2025-09-08,14,Not Harmattan,-0.4999999999999998,-0.8660254037844388,0,17.858210287911295,17.388990995207518,19.509436440022455,28.031,75.012,11.583333333333334,train
576,MOD-PM-00884,2025-09-08T15:00:00Z,2025-09-08,15,Not Harmattan,-0.7071067811865471,-0.7071067811865479,0,9.731636085802858,9.757472403584249,13.30487738091576,25.584333333333333,85.62883333333333,13.718333333333334,train
577,MOD-PM-00884,2025-09-08T16:00:00Z,2025-09-08,16,Not Harmattan,-0.8660254037844384,-0.5000000000000004,0,6.400730902836559,6.741279370387139,9.6705676499928,25.090166666666665,87.22016666666667,10.16,train
578,MOD-PM-00884,2025-09-08T17:00:00Z,2025-09-08,17,Not Harmattan,-0.9659258262890683,-0.25881904510252063,0,10.32129376486259,10.451112152352726,12.643770556004194,25.012666666666668,86.4975,7.618333333333333,train
579,MOD-PM-00884,2025-09-08T18:00:00Z,2025-09-08,18,Not Harmattan,-1,-1.8369701987210297e-16,0,20.36908834928301,19.860487808549355,20.91335015641169,24.582,87.49566666666666,11.091666666666669,train
580,MOD-PM-00884,2025-09-08T19:00:00Z,2025-09-08,19,Not Harmattan,-0.9659258262890684,0.2588190451025203,0,17.29198312044513,16.980714119646162,18.316994733456735,24.55,87.10416666666667,18.531666666666663,train
581,MOD-PM-00884,2025-09-08T20:00:00Z,2025-09-08,20,Not Harmattan,-0.8660254037844386,0.5000000000000001,0,18.18440216210687,17.780357335776014,18.911635314659012,24.9285,86.026,16.338333333333335,train
582,MOD-PM-00884,2025-09-08T21:00:00Z,2025-09-08,21,Not Harmattan,-0.7071067811865477,0.7071067811865474,0,22.858432363446017,22.16614979636396,22.679225192858276,24.965833333333332,84.4805,16.815,train
583,MOD-PM-00884,2025-09-08T22:00:00Z,2025-09-08,22,Not Harmattan,-0.5000000000000004,0.8660254037844384,0,20.24763306029146,19.68205184488751,20.6606804534474,24.62216666666667,84.30733333333333,20.126666666666665,train
584,MOD-PM-00884,2025-09-08T23:00:00Z,2025-09-08,23,Not Harmattan,-0.25881904510252157,0.9659258262890681,0,16.748452349326787,16.412874130056636,17.97458137903618,24.768166666666666,83.90883333333333,18.189830508474575,train
585,MOD-PM-00884,2025-09-09T00:00:00Z,2025-09-09,0,Not Harmattan,0,1,0,18.03802773894009,17.584452924135203,18.86149328154214,24.5175,85.12416666666667,15.903333333333334,train
586,MOD-PM-00884,2025-09-09T01:00:00Z,2025-09-09,1,Not Harmattan,0.25881904510252074,0.9659258262890683,0,16.77590010268183,16.396733130217036,17.912729529802192,24.158,86.4315,17.768333333333334,train
587,MOD-PM-00884,2025-09-09T02:00:00Z,2025-09-09,2,Not Harmattan,0.49999999999999994,0.8660254037844387,0,15.818042843697404,15.504630265423163,17.13198030566975,23.979,87.167,17.45,train
588,MOD-PM-00884,2025-09-09T03:00:00Z,2025-09-09,3,Not Harmattan,0.7071067811865475,0.7071067811865476,0,16.14384726817995,15.811828698604002,17.504118577926054,24.046833333333332,86.76883333333333,17.245,train
589,MOD-PM-00884,2025-09-09T04:00:00Z,2025-09-09,4,Not Harmattan,0.8660254037844386,0.5000000000000001,0,15.69927931060694,15.38467897340898,17.162100291525647,24.144166666666667,86.455,17.306666666666665,train
590,MOD-PM-00884,2025-09-09T05:00:00Z,2025-09-09,5,Not Harmattan,0.9659258262890683,0.25881904510252074,0,15.16900339809244,14.846119796400943,16.619829927073862,24.051,86.1635,16.83,train
591,MOD-PM-00884,2025-09-09T06:00:00Z,2025-09-09,6,Not Harmattan,1,6.123233995736766e-17,0,16.02716372828578,15.665309205423563,17.43071493978301,24.041333333333338,85.51666666666667,16.555,train
592,MOD-PM-00884,2025-09-09T07:00:00Z,2025-09-09,7,Not Harmattan,0.9659258262890683,-0.25881904510252063,0,16.03063038361294,15.692646941743076,17.51922597901642,24.686833333333333,83.2435,16.95,train
593,MOD-PM-00884,2025-09-09T08:00:00Z,2025-09-09,8,Not Harmattan,0.8660254037844387,-0.49999999999999983,0,15.631128945293009,15.350550089361962,18.043449636307955,25.986166666666666,79.2365,15.695,train
594,MOD-PM-00884,2025-09-09T09:00:00Z,2025-09-09,9,Not Harmattan,0.7071067811865476,-0.7071067811865475,0,16.305005956712563,16.009887808673934,18.473109812297448,26.575333333333333,76.553,14.035,train
595,MOD-PM-00884,2025-09-09T10:00:00Z,2025-09-09,10,Not Harmattan,0.49999999999999994,-0.8660254037844387,0,16.263956679220957,15.967428706592893,18.642198924919747,29.127666666666663,68.4185,13.16,train
596,MOD-PM-00884,2025-09-09T11:00:00Z,2025-09-09,11,Not Harmattan,0.258819045102521,-0.9659258262890682,0,14.43947637262689,14.25019177371748,17.190355556326455,31.041333333333338,62.225,12.016666666666667,train
597,MOD-PM-00884,2025-09-09T12:00:00Z,2025-09-09,12,Not Harmattan,1.2246467991473532e-16,-1,0,14.979601664688555,14.774957033103355,17.190608399859347,32.4935,57.48083333333334,10.333333333333334,train
598,MOD-PM-00884,2025-09-09T13:00:00Z,2025-09-09,13,Not Harmattan,-0.2588190451025208,-0.9659258262890683,0,14.661627802827358,14.497924377930255,16.559716377128513,33.355333333333334,54.076166666666666,9.485,train
599,MOD-PM-00884,2025-09-09T14:00:00Z,2025-09-09,14,Not Harmattan,-0.4999999999999998,-0.8660254037844388,0,13.641105650781975,13.564054992693274,15.305422821328804,33.543166666666664,53.156333333333336,8.856666666666667,train
600,MOD-PM-00884,2025-09-09T15:00:00Z,2025-09-09,15,Not Harmattan,-0.7071067811865471,-0.7071067811865479,0,15.798303300422752,15.580237094230824,17.097166911734522,33.87083333333333,52.176833333333335,7.835,train
601,MOD-PM-00884,2025-09-09T16:00:00Z,2025-09-09,16,Not Harmattan,-0.8660254037844384,-0.5000000000000004,0,15.993312858620572,15.76359808287352,17.203629841803345,33.80533333333334,53.18933333333333,8.376666666666667,train
602,MOD-PM-00884,2025-09-09T17:00:00Z,2025-09-09,17,Not Harmattan,-0.9659258262890683,-0.25881904510252063,0,10.46968700495519,10.553441089357287,13.148730696633432,30.589166666666667,63.47983333333333,9.025,train
603,MOD-PM-00884,2025-09-09T18:00:00Z,2025-09-09,18,Not Harmattan,-1,-1.8369701987210297e-16,0,8.034035364182841,8.221460999301238,11.608929384034935,27.260666666666665,74.4135,8.108333333333333,train
604,MOD-PM-00884,2025-09-09T19:00:00Z,2025-09-09,19,Not Harmattan,-0.9659258262890684,0.2588190451025203,0,17.417027417304805,17.04893341098254,18.780709772782775,25.815166666666663,78.75166666666667,7.373333333333333,train
605,MOD-PM-00884,2025-09-09T20:00:00Z,2025-09-09,20,Not Harmattan,-0.8660254037844386,0.5000000000000001,0,16.977333169279976,16.628536356757362,18.359314419774726,25.562666666666665,80.375,13.973333333333333,train
606,MOD-PM-00884,2025-09-09T21:00:00Z,2025-09-09,21,Not Harmattan,-0.7071067811865477,0.7071067811865474,0,6.151274463912168,6.4698835602116604,9.480682156790042,24.3425,85.361,15.001666666666669,train
607,MOD-PM-00884,2025-09-09T22:00:00Z,2025-09-09,22,Not Harmattan,-0.5000000000000004,0.8660254037844384,0,5.298844311053721,5.658985892465403,9.07282973551258,23.642333333333333,87.45233333333333,8.018333333333333,train
608,MOD-PM-00884,2025-09-09T23:00:00Z,2025-09-09,23,Not Harmattan,-0.25881904510252157,0.9659258262890681,0,7.058600123480699,7.312428361135677,10.27446862558729,23.448,88.096,7.435,train
609,MOD-PM-00884,2025-09-10T00:00:00Z,2025-09-10,0,Not Harmattan,0,1,0,5.165031415425352,5.545729556284567,8.862242678054194,23.245833333333337,88.34133333333334,9.221666666666666,train
610,MOD-PM-00884,2025-09-10T01:00:00Z,2025-09-10,1,Not Harmattan,0.25881904510252074,0.9659258262890683,0,4.90183070773328,5.3121948756494115,8.554389874035975,23.443166666666663,88.49483333333333,7.345,train
611,MOD-PM-00884,2025-09-10T02:00:00Z,2025-09-10,2,Not Harmattan,0.49999999999999994,0.8660254037844387,0,4.263660246183472,4.698028869833718,8.04998282863494,23.731333333333332,87.989,7.033333333333333,train
612,MOD-PM-00884,2025-09-10T03:00:00Z,2025-09-10,3,Not Harmattan,0.7071067811865475,0.7071067811865476,0,8.974253465179071,9.107830827203331,11.782427455762056,24.077166666666667,86.90033333333334,6.418333333333333,train
613,MOD-PM-00884,2025-09-10T04:00:00Z,2025-09-10,4,Not Harmattan,0.8660254037844386,0.5000000000000001,0,10.8850127052391,10.918681711472654,13.46290458897398,24.238,85.1155,10.793333333333331,train
614,MOD-PM-00884,2025-09-10T05:00:00Z,2025-09-10,5,Not Harmattan,0.9659258262890683,0.25881904510252074,0,15.301021789786752,15.01532133822368,16.66783859288195,24.300666666666668,85.32433333333333,11.683333333333334,train
615,MOD-PM-00884,2025-09-10T06:00:00Z,2025-09-10,6,Not Harmattan,1,6.123233995736766e-17,0,16.32080982658638,15.892879988620964,17.50549341463616,24.101166666666668,85.325,17.575,train
616,MOD-PM-00884,2025-09-10T07:00:00Z,2025-09-10,7,Not Harmattan,0.9659258262890683,-0.25881904510252063,0,16.87415290072433,16.468408333968956,17.905690135988692,25.139454545454544,82.10254545454545,17.045,train
617,MOD-PM-00884,2025-09-10T08:00:00Z,2025-09-10,8,Not Harmattan,0.8660254037844387,-0.49999999999999983,0,18.89388376294538,18.38205687210892,19.767099802761383,25.583333333333332,81.2635,15.806666666666668,train
618,MOD-PM-00884,2025-09-10T09:00:00Z,2025-09-10,9,Not Harmattan,0.7071067811865476,-0.7071067811865475,0,17.87668552159604,17.460384619051084,20.1713017955327,26.8735,75.259,17.22833333333333,train
619,MOD-PM-00884,2025-09-10T10:00:00Z,2025-09-10,10,Not Harmattan,0.49999999999999994,-0.8660254037844387,0,17.68589712606129,17.26611546961095,19.726818667427345,28.65983333333333,68.799,14.38,train
620,MOD-PM-00884,2025-09-10T11:00:00Z,2025-09-10,11,Not Harmattan,0.258819045102521,-0.9659258262890682,0,16.130184567772908,15.861636861398663,18.055807363978108,30.348,63.138333333333335,13.018333333333334,train
621,MOD-PM-00884,2025-09-10T12:00:00Z,2025-09-10,12,Not Harmattan,1.2246467991473532e-16,-1,0,17.416048596977134,17.054820354904965,18.64921533295753,32.717,56.087666666666664,10.853333333333332,train
622,MOD-PM-00884,2025-09-10T13:00:00Z,2025-09-10,13,Not Harmattan,-0.2588190451025208,-0.9659258262890683,0,18.156668919489597,17.77043033229898,19.71465057240686,34.895833333333336,50.283,10.891666666666667,train
623,MOD-PM-00884,2025-09-10T14:00:00Z,2025-09-10,14,Not Harmattan,-0.4999999999999998,-0.8660254037844388,0,18.682560532619743,18.26522219746543,19.665456702538336,35.0545,48.920833333333334,10.433333333333334,train
624,MOD-PM-00884,2025-09-10T15:00:00Z,2025-09-10,15,Not Harmattan,-0.7071067811865471,-0.7071067811865479,0,20.12929776109435,19.61494837952337,20.936469536950604,35.711166666666664,47.15116666666667,10.063333333333333,train
625,MOD-PM-00884,2025-09-10T16:00:00Z,2025-09-10,16,Not Harmattan,-0.8660254037844384,-0.5000000000000004,0,18.442606807709804,17.993364666197998,19.63328236297768,33.011,54.138333333333335,10.191666666666666,train
626,MOD-PM-00884,2025-09-10T17:00:00Z,2025-09-10,17,Not Harmattan,-0.9659258262890683,-0.25881904510252063,0,19.9106333783112,19.37893194801895,20.648701991076585,29.867833333333333,65.016,10.87,train
627,MOD-PM-00884,2025-09-10T18:00:00Z,2025-09-10,18,Not Harmattan,-1,-1.8369701987210297e-16,0,17.64774352537237,17.230986189864694,19.0809772708142,28.286,70.46383333333333,12.731666666666667,train
628,MOD-PM-00884,2025-09-10T19:00:00Z,2025-09-10,19,Not Harmattan,-0.9659258262890684,0.2588190451025203,0,15.90550451839263,15.636567067449354,17.226780827783873,27.014166666666668,74.23083333333334,12.423333333333334,train
629,MOD-PM-00884,2025-09-10T20:00:00Z,2025-09-10,20,Not Harmattan,-0.8660254037844386,0.5000000000000001,0,20.32438888765281,19.816297252373477,20.6745236368733,26.2835,76.67333333333333,12.746666666666666,train
630,MOD-PM-00884,2025-09-10T21:00:00Z,2025-09-10,21,Not Harmattan,-0.7071067811865477,0.7071067811865474,0,18.54764646412275,18.12251190329362,19.097901984797236,25.639333333333333,79.137,15.98,train
631,MOD-PM-00884,2025-09-10T22:00:00Z,2025-09-10,22,Not Harmattan,-0.5000000000000004,0.8660254037844384,0,17.83777741357121,17.453670424838904,18.522603933861284,25.328333333333333,80.01966666666667,15.97,train
632,MOD-PM-00884,2025-09-10T23:00:00Z,2025-09-10,23,Not Harmattan,-0.25881904510252157,0.9659258262890681,0,17.708002151794474,17.33506581934292,18.438817908148817,24.856833333333334,81.795,15,train
633,MOD-PM-00884,2025-09-11T00:00:00Z,2025-09-11,0,Not Harmattan,0,1,0,17.217633559722632,16.86674596344856,18.19169496018737,24.39,83.72966666666667,16.138333333333332,train
634,MOD-PM-00884,2025-09-11T01:00:00Z,2025-09-11,1,Not Harmattan,0.25881904510252074,0.9659258262890683,0,18.537511595313344,18.09242307880121,19.154712766094168,24.247333333333337,84.0255,16.296666666666667,train
635,MOD-PM-00884,2025-09-11T02:00:00Z,2025-09-11,2,Not Harmattan,0.49999999999999994,0.8660254037844387,0,19.047905219922075,18.536848868186887,19.738086007361893,24.521333333333335,83.21183333333333,17.506666666666668,train
636,MOD-PM-00884,2025-09-11T03:00:00Z,2025-09-11,3,Not Harmattan,0.7071067811865475,0.7071067811865476,0,19.202518047513404,18.68917835177443,19.813717829138557,24.803333333333335,82.01416666666667,17.76,train
637,MOD-PM-00884,2025-09-11T04:00:00Z,2025-09-11,4,Not Harmattan,0.8660254037844386,0.5000000000000001,0,17.112920176752247,16.748083642816084,18.10623384606949,24.680666666666667,81.8505,17.808333333333334,train
638,MOD-PM-00884,2025-09-11T05:00:00Z,2025-09-11,5,Not Harmattan,0.9659258262890683,0.25881904510252074,0,16.39246763140779,16.03751412067592,17.78452205590456,24.107166666666668,84.2345,15.83,train
639,MOD-PM-00884,2025-09-11T06:00:00Z,2025-09-11,6,Not Harmattan,1,6.123233995736766e-17,0,15.263357599261669,14.981865797435765,16.989502974884456,24.023666666666667,85.58866666666667,16.43,train
640,MOD-PM-00884,2025-09-11T07:00:00Z,2025-09-11,7,Not Harmattan,0.9659258262890683,-0.25881904510252063,0,13.489592420894931,13.39714281795148,15.9030975249258,24.800166666666662,82.86833333333334,15.938333333333333,train
641,MOD-PM-00884,2025-09-11T08:00:00Z,2025-09-11,8,Not Harmattan,0.8660254037844387,-0.49999999999999983,0,13.13148692559932,13.078362880714105,15.167559885018813,25.8945,78.76,13.248333333333331,train
642,MOD-PM-00884,2025-09-11T09:00:00Z,2025-09-11,9,Not Harmattan,0.7071067811865476,-0.7071067811865475,0,13.951187773751348,13.852669151922914,15.622298978927148,28.311666666666667,69.88533333333334,11.26,train
643,MOD-PM-00884,2025-09-11T10:00:00Z,2025-09-11,10,Not Harmattan,0.49999999999999994,-0.8660254037844387,0,15.050525354264211,14.863953773577713,17.196629236486366,32.171,58.02916666666667,10.163333333333334,train
644,MOD-PM-00884,2025-09-11T11:00:00Z,2025-09-11,11,Not Harmattan,0.258819045102521,-0.9659258262890682,0,16.015784941976634,15.754055846973111,17.361546430815924,33.92433333333334,52.63466666666667,9.831666666666669,train
645,MOD-PM-00884,2025-09-11T12:00:00Z,2025-09-11,12,Not Harmattan,1.2246467991473532e-16,-1,0,16.717599116915064,16.403485801186882,18.406058867918347,35.13166666666667,49.677166666666665,9.608333333333333,train
646,MOD-PM-00884,2025-09-11T13:00:00Z,2025-09-11,13,Not Harmattan,-0.2588190451025208,-0.9659258262890683,0,23.435365378246058,22.75318968802729,23.493302355170197,36.714,45.3555,9.571666666666667,train
647,MOD-PM-00884,2025-09-11T14:00:00Z,2025-09-11,14,Not Harmattan,-0.4999999999999998,-0.8660254037844388,0,36.03463867554628,34.630676202891415,32.967223110910204,37.06166666666667,44.42316666666667,9.493333333333334,train
648,MOD-PM-00884,2025-09-11T15:00:00Z,2025-09-11,15,Not Harmattan,-0.7071067811865471,-0.7071067811865479,0,20.996593747679263,20.44052493031803,21.321724067475746,38.742333333333335,41.090833333333336,9.47,train
649,MOD-PM-00884,2025-09-11T16:00:00Z,2025-09-11,16,Not Harmattan,-0.8660254037844384,-0.5000000000000004,0,21.70919533831221,21.103152412410186,22.427076979680574,37.3125,43.337,9.763333333333334,train
650,MOD-PM-00884,2025-09-11T17:00:00Z,2025-09-11,17,Not Harmattan,-0.9659258262890683,-0.25881904510252063,0,19.7054277750335,19.18666358997729,20.564236448369467,33.79966666666667,51.936166666666665,9.831666666666669,train
651,MOD-PM-00884,2025-09-11T18:00:00Z,2025-09-11,18,Not Harmattan,-1,-1.8369701987210297e-16,0,30.48894858032804,29.29491183398455,29.374253297615272,29.533166666666663,65.94733333333333,10.52,train
652,MOD-PM-00884,2025-09-11T19:00:00Z,2025-09-11,19,Not Harmattan,-0.9659258262890684,0.2588190451025203,0,27.68713656864697,26.664178959054677,27.045991033131088,28.013833333333334,69.98516666666667,18.098333333333333,train
653,MOD-PM-00884,2025-09-11T20:00:00Z,2025-09-11,20,Not Harmattan,-0.8660254037844386,0.5000000000000001,0,24.90280057823282,24.067498014656497,24.671695442939544,27.847166666666663,70.54133333333333,18.226666666666667,train
654,MOD-PM-00884,2025-09-11T21:00:00Z,2025-09-11,21,Not Harmattan,-0.7071067811865477,0.7071067811865474,0,26.007297357556105,25.076281647063205,25.730019458026256,27.297666666666668,72.57133333333333,16.486666666666668,train
655,MOD-PM-00884,2025-09-11T22:00:00Z,2025-09-11,22,Not Harmattan,-0.5000000000000004,0.8660254037844384,0,26.974188312481303,25.983775214922247,26.08256235648334,26.5125,75.55933333333333,18.073333333333338,train
656,MOD-PM-00884,2025-09-11T23:00:00Z,2025-09-11,23,Not Harmattan,-0.25881904510252157,0.9659258262890681,0,25.40524128767924,24.520215545318536,24.71649615642405,25.819666666666667,78.311,19.186666666666667,train
657,MOD-PM-00884,2025-09-12T00:00:00Z,2025-09-12,0,Not Harmattan,0,1,0,21.851001933283207,21.16150241540602,22.009727123198815,25.298666666666666,79.99816666666666,19.523333333333333,train
658,MOD-PM-00884,2025-09-12T01:00:00Z,2025-09-12,1,Not Harmattan,0.25881904510252074,0.9659258262890683,0,20.56375124194812,20.007411307685256,20.839029960461907,25.446,78.38066666666667,18.088333333333335,train
659,MOD-PM-00884,2025-09-12T02:00:00Z,2025-09-12,2,Not Harmattan,0.49999999999999994,0.8660254037844387,0,19.75024958920466,19.239299794460177,20.119468871289605,25.115666666666662,79.50783333333334,16.27166666666667,train
660,MOD-PM-00884,2025-09-12T03:00:00Z,2025-09-12,3,Not Harmattan,0.7071067811865475,0.7071067811865476,0,19.488252014832018,19.003321839713426,20.09819840908497,24.6745,81.16383333333333,16.46,train
661,MOD-PM-00884,2025-09-12T04:00:00Z,2025-09-12,4,Not Harmattan,0.8660254037844386,0.5000000000000001,0,21.847779983037963,21.16257976462058,21.819019888514156,24.428,83.5185,17.07,train
662,MOD-PM-00884,2025-09-12T05:00:00Z,2025-09-12,5,Not Harmattan,0.9659258262890683,0.25881904510252074,0,21.0072180266525,20.346545449726325,21.30421465282289,24.525,83.61316666666667,20.265,train
663,MOD-PM-00884,2025-09-12T06:00:00Z,2025-09-12,6,Not Harmattan,1,6.123233995736766e-17,0,21.328801288471976,20.67138547629561,21.608685674588664,24.514333333333333,83.0815,20.05666666666667,train
664,MOD-PM-00884,2025-09-12T07:00:00Z,2025-09-12,7,Not Harmattan,0.9659258262890683,-0.25881904510252063,0,20.86041536959236,20.24958402041574,20.96240180179296,24.93,81.326,19.883333333333333,train
665,MOD-PM-00884,2025-09-12T08:00:00Z,2025-09-12,8,Not Harmattan,0.8660254037844387,-0.49999999999999983,0,21.092844413233347,20.46743942230325,21.458812670466248,25.6255,78.6785,18.818333333333335,train
666,MOD-PM-00884,2025-09-12T09:00:00Z,2025-09-12,9,Not Harmattan,0.7071067811865476,-0.7071067811865475,0,19.336208590600815,18.8676335538151,20.04527509710627,26.5645,74.6415,17.773333333333333,train
667,MOD-PM-00884,2025-09-12T10:00:00Z,2025-09-12,10,Not Harmattan,0.49999999999999994,-0.8660254037844387,0,18.72701528916803,18.28692308878732,19.66408186582823,27.442333333333337,71.22483333333334,15.103333333333332,train
668,MOD-PM-00884,2025-09-12T11:00:00Z,2025-09-12,11,Not Harmattan,0.258819045102521,-0.9659258262890682,0,17.079150875447677,16.75158502776341,18.335594535845186,28.4475,67.79666666666667,13.93,train
669,MOD-PM-00884,2025-09-12T12:00:00Z,2025-09-12,12,Not Harmattan,1.2246467991473532e-16,-1,0,17.201911258209456,16.861936368740697,18.654114176407337,30.387166666666666,61.615833333333335,12.291666666666666,train
670,MOD-PM-00884,2025-09-12T13:00:00Z,2025-09-12,13,Not Harmattan,-0.2588190451025208,-0.9659258262890683,0,16.76737620899505,16.462778484745456,18.201271408995694,31.7035,57.10633333333333,11.091666666666669,train
671,MOD-PM-00884,2025-09-12T14:00:00Z,2025-09-12,14,Not Harmattan,-0.4999999999999998,-0.8660254037844388,0,17.395493370096094,17.03715952313768,18.82612679237871,32.2395,55.66616666666667,10.18,train
672,MOD-PM-00884,2025-09-12T15:00:00Z,2025-09-12,15,Not Harmattan,-0.7071067811865471,-0.7071067811865479,0,19.638562111399633,19.16584766408164,20.316181139880477,32.8205,54.0245,10.255,train
673,MOD-PM-00884,2025-09-12T16:00:00Z,2025-09-12,16,Not Harmattan,-0.8660254037844384,-0.5000000000000004,0,15.685004847495104,14.541095300028063,23.74914840501646,33.0485,51.602333333333334,11.103333333333332,train
674,MOD-PM-00884,2025-09-12T17:00:00Z,2025-09-12,17,Not Harmattan,-0.9659258262890683,-0.25881904510252063,0,5.4667731735193765,5.531724016495261,10.392625569052422,24.630833333333335,74.73783333333333,12.938333333333334,train
675,MOD-PM-00884,2025-09-12T18:00:00Z,2025-09-12,18,Not Harmattan,-1,-1.8369701987210297e-16,0,5.82302298861045,5.95135153556718,9.85801952419146,22.9265,84.32516666666666,7.158333333333333,train
676,MOD-PM-00884,2025-09-12T19:00:00Z,2025-09-12,19,Not Harmattan,-0.9659258262890684,0.2588190451025203,0,3.5885189251740113,3.7829553807150766,8.74334300671119,22.568,86.38816666666666,7.078333333333333,train
677,MOD-PM-00884,2025-09-12T20:00:00Z,2025-09-12,20,Not Harmattan,-0.8660254037844386,0.5000000000000001,0,2.4237227352483024,2.693081981533743,7.578034571769065,22.4405,86.369,6.823333333333333,train
678,MOD-PM-00884,2025-09-12T22:00:00Z,2025-09-12,22,Not Harmattan,-0.5000000000000004,0.8660254037844384,0,4.497804491185676,4.618400893776066,7.843994362931049,22.7805,80.16083333333333,2.538333333333333,train
679,MOD-PM-00884,2025-09-12T23:00:00Z,2025-09-12,23,Not Harmattan,-0.25881904510252157,0.9659258262890681,0,8.759871421329475,8.940418454611923,11.684987879273356,23.469166666666663,80.64733333333334,4.665,train
680,MOD-PM-00884,2025-09-13T00:00:00Z,2025-09-13,0,Not Harmattan,0,1,0,14.835225666357427,14.603235263653696,16.27991340254063,24.065333333333335,82.14283333333333,8.681666666666667,train
681,MOD-PM-00884,2025-09-13T01:00:00Z,2025-09-13,1,Not Harmattan,0.25881904510252074,0.9659258262890683,0,17.315107750686305,16.893525786781964,18.377471745980618,24.548833333333334,82.96266666666666,14.04,train
682,MOD-PM-00884,2025-09-13T02:00:00Z,2025-09-13,2,Not Harmattan,0.49999999999999994,0.8660254037844387,0,17.056556439550658,16.664204311110897,18.17655595365539,24.486666666666668,84.21716666666667,16.816666666666666,train
683,MOD-PM-00884,2025-09-13T03:00:00Z,2025-09-13,3,Not Harmattan,0.7071067811865475,0.7071067811865476,0,15.86051956750019,15.539432492729286,17.31571854047904,24.568666666666665,84.7835,17.155,train
684,MOD-PM-00884,2025-09-13T04:00:00Z,2025-09-13,4,Not Harmattan,0.8660254037844386,0.5000000000000001,0,16.063991843114316,15.658671964726707,17.479908809651533,24.612,85.13533333333334,16.388333333333332,train
685,MOD-PM-00884,2025-09-13T05:00:00Z,2025-09-13,5,Not Harmattan,0.9659258262890683,0.25881904510252074,0,14.056492527336369,13.831429981692978,15.67892012757441,24.263166666666667,83.9275,17.181666666666665,train
686,MOD-PM-00884,2025-09-13T06:00:00Z,2025-09-13,6,Not Harmattan,1,6.123233995736766e-17,0,14.17970153608166,13.90368933258396,16.08492363051759,24.171,83.45216666666667,14.465,train
687,MOD-PM-00884,2025-09-13T07:00:00Z,2025-09-13,7,Not Harmattan,0.9659258262890683,-0.25881904510252063,0,11.342121798260369,11.346466303169114,13.762271331919472,24.647166666666667,81.26716666666667,14.393333333333333,train
688,MOD-PM-00884,2025-09-13T08:00:00Z,2025-09-13,8,Not Harmattan,0.8660254037844387,-0.49999999999999983,0,9.45177504045026,9.608144107094416,12.611074726656948,25.291666666666668,79.434,10.485,train
689,MOD-PM-00884,2025-09-13T09:00:00Z,2025-09-13,9,Not Harmattan,0.7071067811865476,-0.7071067811865475,0,11.59392332755313,11.5999511826525,14.001366497711562,27.110333333333333,73.958,8.376666666666667,train
690,MOD-PM-00884,2025-09-13T10:00:00Z,2025-09-13,10,Not Harmattan,0.49999999999999994,-0.8660254037844387,0,9.712875362855875,9.841101636364629,12.553047135857968,28.537666666666667,69.606,9.215,train
691,MOD-PM-00884,2025-09-13T11:00:00Z,2025-09-13,11,Not Harmattan,0.258819045102521,-0.9659258262890682,0,13.7893357541533,13.651031703390329,16.027860005687767,27.964666666666663,69.67533333333333,7.556666666666667,train
692,MOD-PM-00884,2025-09-13T12:00:00Z,2025-09-13,12,Not Harmattan,1.2246467991473532e-16,-1,0,15.103891454212317,14.89238809749062,16.78232930512013,28.060666666666663,69.25966666666666,10.625,train
693,MOD-PM-00884,2025-09-13T13:00:00Z,2025-09-13,13,Not Harmattan,-0.2588190451025208,-0.9659258262890683,0,14.18904111337483,14.027796114425742,15.984039060893222,28.985,66.40483333333333,11.296666666666669,train
694,MOD-PM-00884,2025-09-13T14:00:00Z,2025-09-13,14,Not Harmattan,-0.4999999999999998,-0.8660254037844388,0,14.042136495863891,13.902304169308094,15.90374543647884,30.527333333333335,61.88666666666666,10.346666666666668,train
695,MOD-PM-00884,2025-09-13T15:00:00Z,2025-09-13,15,Not Harmattan,-0.7071067811865471,-0.7071067811865479,0,13.99144175972672,13.85341944869734,15.882870042294348,31.702666666666666,58.1625,9.305,train
696,MOD-PM-00884,2025-09-13T16:00:00Z,2025-09-13,16,Not Harmattan,-0.8660254037844384,-0.5000000000000004,0,18.09702205577229,17.737705849906657,18.82702754746464,32.141666666666666,56.73533333333334,9.115,train
697,MOD-PM-00884,2025-09-13T17:00:00Z,2025-09-13,17,Not Harmattan,-0.9659258262890683,-0.25881904510252063,0,17.473921348850546,17.116402405544488,18.48895994126569,30.697166666666668,60.713833333333334,10.195,train
698,MOD-PM-00884,2025-09-13T18:00:00Z,2025-09-13,18,Not Harmattan,-1,-1.8369701987210297e-16,0,16.543246746049086,16.232610520405807,17.82132659266132,27.159,73.08466666666666,10.961666666666666,train
699,MOD-PM-00884,2025-09-13T19:00:00Z,2025-09-13,19,Not Harmattan,-0.9659258262890684,0.2588190451025203,0,15.688124837289548,15.429889163662924,17.01967036890277,25.478166666666667,78.51683333333334,13.126666666666669,train
700,MOD-PM-00884,2025-09-13T20:00:00Z,2025-09-13,20,Not Harmattan,-0.8660254037844386,0.5000000000000001,0,43.35034180454187,41.43402106257777,38.847431325477395,25.618,78.23933333333333,13.916666666666666,train
701,MOD-PM-00884,2025-09-13T21:00:00Z,2025-09-13,21,Not Harmattan,-0.7071067811865477,0.7071067811865474,0,37.56914346006851,35.941367714300306,34.36784986137182,25.459666666666667,79.59433333333334,30.076666666666668,train
702,MOD-PM-00884,2025-09-13T22:00:00Z,2025-09-13,22,Not Harmattan,-0.5000000000000004,0.8660254037844384,0,16.26742333454812,15.993766047213168,17.797290654315663,24.88233333333333,81.0835,27.355,train
703,MOD-PM-00884,2025-09-13T23:00:00Z,2025-09-13,23,Not Harmattan,-0.25881904510252157,0.9659258262890681,0,15.239152188242029,15.016571832847726,16.911263704174832,24.592333333333332,82.12616666666666,14.351666666666668,train
704,MOD-PM-00884,2025-09-14T00:00:00Z,2025-09-14,0,Not Harmattan,0,1,0,15.609064703740144,15.348914827161288,17.070634143501547,24.4775,83.09916666666666,13.481666666666667,train
705,MOD-PM-00884,2025-09-14T01:00:00Z,2025-09-14,1,Not Harmattan,0.25881904510252074,0.9659258262890683,0,15.615569780501108,15.35605226570776,17.000154008707582,24.570333333333338,83.09283333333333,14.625,train
706,MOD-PM-00884,2025-09-14T02:00:00Z,2025-09-14,2,Not Harmattan,0.49999999999999994,0.8660254037844387,0,15.60849372521567,15.339160969093731,16.871614677673023,24.683,82.73983333333334,14.363333333333332,train
707,MOD-PM-00884,2025-09-14T03:00:00Z,2025-09-14,3,Not Harmattan,0.7071067811865475,0.7071067811865476,0,14.695458280402406,14.4308786277026,16.189031955186344,24.453833333333332,83.7885,14.666666666666666,train
708,MOD-PM-00884,2025-09-14T04:00:00Z,2025-09-14,4,Not Harmattan,0.8660254037844386,0.5000000000000001,0,14.461968848073113,14.172968921087978,16.071238474299747,24.57133333333333,83.629,15.025,train
709,MOD-PM-00884,2025-09-14T05:00:00Z,2025-09-14,5,Not Harmattan,0.9659258262890683,0.25881904510252074,0,14.377912652434564,14.033182860498552,16.03979105989616,24.515833333333333,83.8555,15.29,train
710,MOD-PM-00884,2025-09-14T06:00:00Z,2025-09-14,6,Not Harmattan,1,6.123233995736766e-17,0,14.4438810641014,14.162176190563526,16.07096982804605,24.401,85.20483333333334,15.608333333333333,train
711,MOD-PM-00884,2025-09-14T07:00:00Z,2025-09-14,7,Not Harmattan,0.9659258262890683,-0.25881904510252063,0,13.861238264056627,13.6025894654927,15.695797433395027,25.3075,80.74416666666667,16.058333333333334,train
712,MOD-PM-00884,2025-09-14T08:00:00Z,2025-09-14,8,Not Harmattan,0.8660254037844387,-0.49999999999999983,0,14.166895303461327,13.98012341168137,16.131762894986046,26.693166666666663,75.21066666666667,13.595,train
713,MOD-PM-00884,2025-09-14T09:00:00Z,2025-09-14,9,Not Harmattan,0.7071067811865476,-0.7071067811865475,0,14.567477522559727,14.39857738964457,16.23572899516755,29.648,65.39333333333333,11.783333333333331,train
714,MOD-PM-00884,2025-09-14T10:00:00Z,2025-09-14,10,Not Harmattan,0.49999999999999994,-0.8660254037844387,0,13.177838146532464,13.110433258226156,15.116327464166336,31.3835,59.23166666666667,10.151666666666667,train
715,MOD-PM-00884,2025-09-14T11:00:00Z,2025-09-14,11,Not Harmattan,0.258819045102521,-0.9659258262890682,0,15.478636895078296,15.254338956825803,16.91440844561519,30.808666666666667,61.1455,9.055,train
716,MOD-PM-00884,2025-09-14T12:00:00Z,2025-09-14,12,Not Harmattan,1.2246467991473532e-16,-1,0,14.229478628161644,14.08304873842971,16.26151903552265,33.6525,53.256,10.21,train
717,MOD-PM-00884,2025-09-14T13:00:00Z,2025-09-14,13,Not Harmattan,-0.2588190451025208,-0.9659258262890683,0,14.66409524573669,14.496154447077762,16.245400260300713,33.20733333333333,53.747166666666665,9.38,train
718,MOD-PM-00884,2025-09-14T14:00:00Z,2025-09-14,14,Not Harmattan,-0.4999999999999998,-0.8660254037844388,0,14.429361895907649,14.283589599368902,16.034418134822182,34.91683333333334,48.707166666666666,9.058333333333334,train
719,MOD-PM-00884,2025-09-14T15:00:00Z,2025-09-14,15,Not Harmattan,-0.7071067811865471,-0.7071067811865479,0,15.859459178811884,15.62981439647951,17.09558663965394,35.1105,48.518166666666666,8.523333333333333,train
720,MOD-PM-00884,2025-09-14T16:00:00Z,2025-09-14,16,Not Harmattan,-0.8660254037844384,-0.5000000000000004,0,22.265593518321364,21.69517504419086,22.039388830151346,36.6965,44.36,8.326666666666666,train
721,MOD-PM-00884,2025-09-14T17:00:00Z,2025-09-14,17,Not Harmattan,-0.9659258262890683,-0.25881904510252063,0,16.41059619955982,16.137130446265246,17.631883575641123,34.447,49.0215,7.525,train
722,MOD-PM-00884,2025-09-14T18:00:00Z,2025-09-14,18,Not Harmattan,-1,-1.8369701987210297e-16,0,23.654356034471757,22.85892381808502,23.792052792004263,29.895166666666668,62.4725,9.675,train
723,MOD-PM-00884,2025-09-14T19:00:00Z,2025-09-14,19,Not Harmattan,-0.9659258262890684,0.2588190451025203,0,25.02888487169064,24.251070625466337,24.691211803134735,27.676166666666667,71.40233333333333,15.508333333333333,train
724,MOD-PM-00884,2025-09-14T20:00:00Z,2025-09-14,20,Not Harmattan,-0.8660254037844386,0.5000000000000001,0,17.052600374059665,16.681499613680387,18.682527468416204,26.4145,76.618,17.201666666666664,train
725,MOD-PM-00884,2025-09-14T21:00:00Z,2025-09-14,21,Not Harmattan,-0.7071067811865477,0.7071067811865474,0,18.54664725170492,18.12970705697659,19.313830361887987,26.8555,74.94066666666667,12.91,train
726,MOD-PM-00884,2025-09-14T22:00:00Z,2025-09-14,22,Not Harmattan,-0.5000000000000004,0.8660254037844384,0,14.910533655317437,14.731920779657369,16.389457863166587,27.408666666666665,72.75716666666666,13.798333333333334,train
727,MOD-PM-00884,2025-09-14T23:00:00Z,2025-09-14,23,Not Harmattan,-0.25881904510252157,0.9659258262890681,0,15.99090659198172,15.727064401472566,17.193642522254066,26.9635,74.5355,10.716666666666669,train
728,MOD-PM-00884,2025-09-15T00:00:00Z,2025-09-15,0,Not Harmattan,0,1,0,14.819911206647443,14.617567855883138,16.317176218200757,26.157,77.14333333333333,12.015,test
729,MOD-PM-00884,2025-09-15T01:00:00Z,2025-09-15,1,Not Harmattan,0.25881904510252074,0.9659258262890683,0,14.977093437598905,14.741059009602314,16.586027907270207,24.8275,81.7255,12.495,test
730,MOD-PM-00884,2025-09-15T02:00:00Z,2025-09-15,2,Not Harmattan,0.49999999999999994,0.8660254037844387,0,14.464028449179247,14.24113049728786,16.07428839941527,24.243833333333335,83.56916666666666,13.923333333333334,test
731,MOD-PM-00884,2025-09-15T03:00:00Z,2025-09-15,3,Not Harmattan,0.7071067811865475,0.7071067811865476,0,13.039824480331182,12.911796996791278,14.8931140327841,23.989333333333335,84.49033333333334,14.175,test
732,MOD-PM-00884,2025-09-15T04:00:00Z,2025-09-15,4,Not Harmattan,0.8660254037844386,0.5000000000000001,0,12.172120651943072,12.094531425651809,14.32476917900271,23.781166666666667,85.18166666666667,13.25,test
733,MOD-PM-00884,2025-09-15T05:00:00Z,2025-09-15,5,Not Harmattan,0.9659258262890683,0.25881904510252074,0,11.196889332142527,11.178976977062378,13.552347988734931,23.455166666666667,86.30683333333333,12.88,test
734,MOD-PM-00884,2025-09-15T06:00:00Z,2025-09-15,6,Not Harmattan,1,6.123233995736766e-17,0,12.45634560458986,12.35561546477362,14.44251525172689,23.794833333333333,85.99983333333333,12.696666666666667,test
735,MOD-PM-00884,2025-09-15T07:00:00Z,2025-09-15,7,Not Harmattan,0.9659258262890683,-0.25881904510252063,0,18.188399011778188,17.72252676900863,19.291374695622917,25.840333333333337,80.151,13.883333333333333,test
736,MOD-PM-00884,2025-09-15T08:00:00Z,2025-09-15,8,Not Harmattan,0.8660254037844387,-0.49999999999999983,0,18.221699295009085,17.805732757454717,19.235338247645473,28.622166666666665,70.07283333333334,16.45,test
737,MOD-PM-00884,2025-09-15T09:00:00Z,2025-09-15,9,Not Harmattan,0.7071067811865476,-0.7071067811865475,0,17.161290214611206,16.84394848453328,18.134726151682383,32.378,57.240833333333335,13.823333333333334,test
738,MOD-PM-00884,2025-09-15T10:00:00Z,2025-09-15,10,Not Harmattan,0.49999999999999994,-0.8660254037844387,0,15.1777923889513,14.972977666415623,16.809430971302113,33.3955,53.8435,10.898333333333332,test
739,MOD-PM-00884,2025-09-15T11:00:00Z,2025-09-15,11,Not Harmattan,0.258819045102521,-0.9659258262890682,0,16.041846033200812,15.800535770229931,17.513695026734382,34.9645,49.43716666666667,9.563333333333333,test
740,MOD-PM-00884,2025-09-15T12:00:00Z,2025-09-15,12,Not Harmattan,1.2246467991473532e-16,-1,0,14.922789301503451,14.729477505545772,16.81387153584855,34.64183333333333,49.617333333333335,9.241666666666667,test
741,MOD-PM-00884,2025-09-15T13:00:00Z,2025-09-15,13,Not Harmattan,-0.2588190451025208,-0.9659258262890683,0,10.859420632088597,10.507134311509953,15.1493393479297,32.88733333333333,52.967166666666664,8.996666666666666,test
742,MOD-PM-00884,2025-09-15T14:00:00Z,2025-09-15,14,Not Harmattan,-0.4999999999999998,-0.8660254037844388,0,4.046575195624421,3.542414669443093,13.66318827246697,25.632833333333338,72.58666666666666,8.463333333333333,test
743,MOD-PM-00884,2025-09-15T15:00:00Z,2025-09-15,15,Not Harmattan,-0.7071067811865471,-0.7071067811865479,0,4.177228544855636,4.442716344361343,8.285443368641689,22.1705,84.041,7.786666666666667,test
744,MOD-PM-00884,2025-09-15T16:00:00Z,2025-09-15,16,Not Harmattan,-0.8660254037844384,-0.5000000000000004,0,7.577619602227008,7.827670622999977,10.687488536568257,22.3655,83.59466666666667,6.181666666666667,test
745,MOD-PM-00884,2025-09-15T17:00:00Z,2025-09-15,17,Not Harmattan,-0.9659258262890683,-0.25881904510252063,0,10.993478232798884,11.030937651954256,13.58852041665946,23.220833333333335,83.25283333333333,8.556666666666667,test
746,MOD-PM-00884,2025-09-15T18:00:00Z,2025-09-15,18,Not Harmattan,-1,-1.8369701987210297e-16,0,7.474435626018603,7.6586807033443876,10.770516031682044,22.245166666666663,86.491,13.635,test
747,MOD-PM-00884,2025-09-15T19:00:00Z,2025-09-15,19,Not Harmattan,-0.9659258262890684,0.2588190451025203,0,5.136767978463919,5.461119166183784,8.866793861646272,21.679333333333332,87.1135,10.296666666666669,test
748,MOD-PM-00884,2025-09-15T20:00:00Z,2025-09-15,20,Not Harmattan,-0.8660254037844386,0.5000000000000001,0,8.856435736651257,8.924262796959882,11.871295184979369,22.09936507936508,87.78015873015873,7.706666666666667,test
749,MOD-PM-00884,2025-09-15T21:00:00Z,2025-09-15,21,Not Harmattan,-0.7071067811865477,0.7071067811865474,0,7.287073101630693,7.443788011796921,10.640917918353498,22.289,87.26766666666667,11.856666666666666,test
750,MOD-PM-00884,2025-09-15T22:00:00Z,2025-09-15,22,Not Harmattan,-0.5000000000000004,0.8660254037844384,0,6.609831395334777,6.768290054266516,10.24719312947644,22.082333333333334,87.821,10.448333333333334,test
751,MOD-PM-00884,2025-09-15T23:00:00Z,2025-09-15,23,Not Harmattan,-0.25881904510252157,0.9659258262890681,0,11.938977885146492,11.831331164858533,14.359155899476178,21.933333333333337,88.21116666666667,9.401666666666667,test
752,MOD-PM-00884,2025-09-16T00:00:00Z,2025-09-16,0,Not Harmattan,0,1,0,4.392925705706214,4.752011760834809,8.303300443152269,21.871833333333335,87.76016666666666,14.165,train
753,MOD-PM-00884,2025-09-16T01:00:00Z,2025-09-16,1,Not Harmattan,0.25881904510252074,0.9659258262890683,0,4.379650455012208,4.775559536524522,8.345398891378979,21.748333333333335,88.23716666666667,6.835,train
754,MOD-PM-00884,2025-09-16T02:00:00Z,2025-09-16,2,Not Harmattan,0.49999999999999994,0.8660254037844387,0,76.27302470194782,7.504004137539408,411.4753034777873,21.592666666666663,88.9935,7.351666666666667,train
755,MOD-PM-00884,2025-09-16T03:00:00Z,2025-09-16,3,Not Harmattan,0.7071067811865475,0.7071067811865476,0,58.859484799279755,5.698174470145098,471.0858212144435,21.758166666666668,89.13666666666667,9.2283333333333335,train
756,MOD-PM-00884,2025-09-16T04:00:00Z,2025-09-16,4,Not Harmattan,0.8660254037844386,0.5000000000000001,0,53.51942854123256,4.8468954452315955,384.936852087377,21.9205,88.51533333333333,5.053333333333334,train
757,MOD-PM-00884,2025-09-16T05:00:00Z,2025-09-16,5,Not Harmattan,0.9659258262890683,0.25881904510252074,0,44.76930500621887,3.904715080339419,550.848047536288,21.792,88.54333333333334,5.368333333333333,train
758,MOD-PM-00884,2025-09-16T06:00:00Z,2025-09-16,6,Not Harmattan,1,6.123233995736766e-17,0,17.50006400843536,7.882442287533159,249.7658402337188,22.001666666666665,88.47266666666667,2.7566666666666664,train
759,MOD-PM-00884,2025-09-16T07:00:00Z,2025-09-16,7,Not Harmattan,0.9659258262890683,-0.25881904510252063,0,10.734253982687967,10.792593376611231,14.322556798089895,23.856,82.8125,9.54,train
760,MOD-PM-00884,2025-09-16T08:00:00Z,2025-09-16,8,Not Harmattan,0.8660254037844387,-0.49999999999999983,0,5.0513455127846685,5.484205220781542,8.712954374601594,27.033166666666663,74.47066666666667,11.396666666666668,train
761,MOD-PM-00884,2025-09-16T09:00:00Z,2025-09-16,9,Not Harmattan,0.7071067811865476,-0.7071067811865475,0,6.252256094383319,6.602128176299152,10.677374795252527,30.188333333333333,64.4925,4.666666666666667,train
762,MOD-PM-00884,2025-09-16T10:00:00Z,2025-09-16,10,Not Harmattan,0.49999999999999994,-0.8660254037844387,0,8.106366107979524,8.358091965762304,11.709892967263333,31.905666666666665,58.3045,4.513333333333334,train
763,MOD-PM-00884,2025-09-16T11:00:00Z,2025-09-16,11,Not Harmattan,0.258819045102521,-0.9659258262890682,0,9.894059083925375,10.047029243376633,12.60103999894525,34.563,50.25783333333333,4.933333333333334,train
764,MOD-PM-00884,2025-09-16T12:00:00Z,2025-09-16,12,Not Harmattan,1.2246467991473532e-16,-1,0,9.530875958179983,9.688348908442794,12.744386479374862,35.8825,46.85,5.545,train
765,MOD-PM-00884,2025-09-16T13:00:00Z,2025-09-16,13,Not Harmattan,-0.2588190451025208,-0.9659258262890683,0,11.950784905348996,11.944433594008714,14.586462235547122,38.8055,40.60516666666667,5.251666666666667,train
766,MOD-PM-00884,2025-09-16T14:00:00Z,2025-09-16,14,Not Harmattan,-0.4999999999999998,-0.8660254037844388,0,11.022188889392783,11.063907589524772,13.325500476488765,35.820166666666665,46.47516666666667,5.136666666666667,train
767,MOD-PM-00884,2025-09-16T15:00:00Z,2025-09-16,15,Not Harmattan,-0.7071067811865471,-0.7071067811865479,0,10.10293526343184,10.189374008350642,12.768880696623889,38.020833333333336,41.36633333333334,5.545,train
768,MOD-PM-00884,2025-09-16T16:00:00Z,2025-09-16,16,Not Harmattan,-0.8660254037844384,-0.5000000000000004,0,9.951442425634951,10.031484633280808,12.913791646413276,34.143,50.31166666666667,6.076666666666667,train
769,MOD-PM-00884,2025-09-16T17:00:00Z,2025-09-16,17,Not Harmattan,-0.9659258262890683,-0.25881904510252063,0,14.849459345288942,14.652081507506788,16.39088010803911,36.038833333333336,48.28766666666667,6.076666666666666,train
770,MOD-PM-00884,2025-09-16T18:00:00Z,2025-09-16,18,Not Harmattan,-1,-1.8369701987210297e-16,0,20.382689873419572,19.819163770819365,21.036848419509187,29.961833333333335,66.54066666666667,7.176666666666667,train
771,MOD-PM-00884,2025-09-16T19:00:00Z,2025-09-16,19,Not Harmattan,-0.9659258262890684,0.2588190451025203,0,24.405834360683137,22.14241488371653,25.710566308714288,27.726166666666668,71.76316666666666,12.901666666666667,train
772,MOD-PM-00884,2025-09-16T23:00:00Z,2025-09-16,23,Not Harmattan,-0.25881904510252157,0.9659258262890681,0,1.7146424353538878,2.2616081861406867,5.8749595478048136,23.526333333333337,87.12866666666666,3.065,train
773,MOD-PM-00884,2025-09-17T00:00:00Z,2025-09-17,0,Not Harmattan,0,1,0,1.9365557013315453,2.5529688685041823,6.219522072254958,23.7605,86.52466666666666,2.8233333333333333,train
774,MOD-PM-00884,2025-09-17T01:00:00Z,2025-09-17,1,Not Harmattan,0.25881904510252074,0.9659258262890683,0,2.3431943712073955,2.937043863495553,6.428197000495839,23.903333333333332,85.658,3.0749999999999997,train
775,MOD-PM-00884,2025-09-17T02:00:00Z,2025-09-17,2,Not Harmattan,0.49999999999999994,0.8660254037844387,0,4.302140120314946,4.72523193750141,8.112767038396472,23.6835,87.40066666666667,3.431666666666666,train
776,MOD-PM-00884,2025-09-17T03:00:00Z,2025-09-17,3,Not Harmattan,0.7071067811865475,0.7071067811865476,0,16.213139590542827,7.789540156156014,41.5570922566101,23.588,87.59066666666666,6.663333333333333,train
777,MOD-PM-00884,2025-09-17T04:00:00Z,2025-09-17,4,Not Harmattan,0.8660254037844386,0.5000000000000001,0,6.2234012868072535,6.556302357922601,9.602299896111647,23.286,87.6595,10.028333333333332,train
778,MOD-PM-00884,2025-09-17T05:00:00Z,2025-09-17,5,Not Harmattan,0.9659258262890683,0.25881904510252074,0,7.710841127240745,5.331010010146585,30.267312458514688,23.26,88.20483333333333,7.861666666666666,train
779,MOD-PM-00884,2025-09-17T06:00:00Z,2025-09-17,6,Not Harmattan,1,6.123233995736766e-17,0,20.003376604357808,4.266031073173167,97.88957260291065,23.415333333333333,88.724,6.566666666666666,train
780,MOD-PM-00884,2025-09-17T07:00:00Z,2025-09-17,7,Not Harmattan,0.9659258262890683,-0.25881904510252063,0,41.228361294607005,9.38222782447652,102.33020036022984,25.028166666666667,85.10266666666666,4.75,train
781,MOD-PM-00884,2025-09-17T08:00:00Z,2025-09-17,8,Not Harmattan,0.8660254037844387,-0.49999999999999983,0,12.575088745590165,12.565005979975288,14.491092815483988,27.457833333333333,76.7715,8.98,train
782,MOD-PM-00884,2025-09-17T09:00:00Z,2025-09-17,9,Not Harmattan,0.7071067811865476,-0.7071067811865475,0,12.291292026836732,12.303806510580484,14.618067677158768,29.012666666666668,71.19783333333334,10.596666666666668,train
783,MOD-PM-00884,2025-09-17T10:00:00Z,2025-09-17,10,Not Harmattan,0.49999999999999994,-0.8660254037844387,0,10.766881326943588,10.867084379446664,13.415275188465232,31.266166666666667,63.809333333333335,9.415,train
784,MOD-PM-00884,2025-09-17T11:00:00Z,2025-09-17,11,Not Harmattan,0.258819045102521,-0.9659258262890682,0,11.383578917555166,11.442292668128642,13.664705333664328,33.86183333333334,55.161,7.03,train
785,MOD-PM-00884,2025-09-17T12:00:00Z,2025-09-17,12,Not Harmattan,1.2246467991473532e-16,-1,0,9.415783001318276,9.593849991622635,12.329960126242176,34.7765,51.941,6.51,train
786,MOD-PM-00884,2025-09-17T13:00:00Z,2025-09-17,13,Not Harmattan,-0.2588190451025208,-0.9659258262890683,0,8.285714540934647,8.523926791289535,11.646081580649422,34.756166666666665,51.68383333333333,5.175,train
787,MOD-PM-00884,2025-09-17T14:00:00Z,2025-09-17,14,Not Harmattan,-0.4999999999999998,-0.8660254037844388,0,8.062278409054114,8.315709817196586,11.22669317318371,35.77033333333333,48.034166666666664,4.696666666666666,train
788,MOD-PM-00884,2025-09-17T15:00:00Z,2025-09-17,15,Not Harmattan,-0.7071067811865471,-0.7071067811865479,0,10.408799931390892,10.528219574709238,13.268154730984994,36.7935,44.620333333333335,4.5216666666666665,train
789,MOD-PM-00884,2025-09-17T16:00:00Z,2025-09-17,16,Not Harmattan,-0.8660254037844384,-0.5000000000000004,0,10.449172562254468,10.542282829635038,13.194258335275004,35.38366666666667,47.4475,4.528333333333333,train
790,MOD-PM-00884,2025-09-17T17:00:00Z,2025-09-17,17,Not Harmattan,-0.9659258262890683,-0.25881904510252063,0,17.963515041496315,17.57244817574437,19.29464585882972,32.875166666666665,55.446666666666665,5.3133333333333335,train
791,MOD-PM-00884,2025-09-17T18:00:00Z,2025-09-17,18,Not Harmattan,-1,-1.8369701987210297e-16,0,33.48438348807606,32.116027705830604,31.34463134401,28.77166666666667,69.959,9.696666666666664,train
792,MOD-PM-00884,2025-09-17T19:00:00Z,2025-09-17,19,Not Harmattan,-0.9659258262890684,0.2588190451025203,0,42.7296881484393,40.839632110200824,38.272717975211265,27.120166666666663,76.20783333333333,20.266666666666666,train
793,MOD-PM-00884,2025-09-17T20:00:00Z,2025-09-17,20,Not Harmattan,-0.8660254037844386,0.5000000000000001,0,30.15996298978057,29.101643080243655,28.156938108501187,26.739166666666662,78.45983333333334,27.076666666666668,train
794,MOD-PM-00884,2025-09-17T21:00:00Z,2025-09-17,21,Not Harmattan,-0.7071067811865477,0.7071067811865474,0,12.72221767609286,12.691325175382689,14.520201427208312,26.555666666666667,77.68716666666667,20.703333333333333,train
795,MOD-PM-00884,2025-09-17T22:00:00Z,2025-09-17,22,Not Harmattan,-0.5000000000000004,0.8660254037844384,0,9.690688768762053,9.836542140581573,12.197138257869245,25.732166666666668,78.81366666666666,10.128333333333334,train
796,MOD-PM-00884,2025-09-17T23:00:00Z,2025-09-17,23,Not Harmattan,-0.25881904510252157,0.9659258262890681,0,13.54930046088272,13.46028317727635,15.232635489297188,25.845666666666663,79.23,8.088333333333333,train
797,MOD-PM-00884,2025-09-18T00:00:00Z,2025-09-18,0,Not Harmattan,0,1,0,14.993325541366076,14.796407825500438,16.445620732910477,26.082,80.45566666666667,11.151666666666667,train
798,MOD-PM-00884,2025-09-18T01:00:00Z,2025-09-18,1,Not Harmattan,0.25881904510252074,0.9659258262890683,0,11.021864022301274,11.038267474289045,13.20422985210348,25.875,81.7905,12.613333333333332,train
799,MOD-PM-00884,2025-09-18T02:00:00Z,2025-09-18,2,Not Harmattan,0.49999999999999994,0.8660254037844387,0,11.574428489360397,11.505740841514816,13.747669617894896,25.504,83.745,10.636666666666668,train
800,MOD-PM-00884,2025-09-18T03:00:00Z,2025-09-18,3,Not Harmattan,0.7071067811865475,0.7071067811865476,0,11.676511292700171,11.573671557168716,13.871152078271589,25.19,85.412,12.268333333333333,train
801,MOD-PM-00884,2025-09-18T04:00:00Z,2025-09-18,4,Not Harmattan,0.8660254037844386,0.5000000000000001,0,9.807678190008618,9.689830263612818,12.6139350191228,24.728666666666665,86.0515,12.848333333333333,train
802,MOD-PM-00884,2025-09-18T05:00:00Z,2025-09-18,5,Not Harmattan,0.9659258262890683,0.25881904510252074,0,9.12034239908362,8.955097337660332,12.19004283622743,24.567666666666668,85.87933333333334,11.76,train
803,MOD-PM-00884,2025-09-18T06:00:00Z,2025-09-18,6,Not Harmattan,1,6.123233995736766e-17,0,9.077620970198916,8.992227408805059,12.0018640368717,24.6155,85.08883333333333,11.65,train
804,MOD-PM-00884,2025-09-18T07:00:00Z,2025-09-18,7,Not Harmattan,0.9659258262890683,-0.25881904510252063,0,9.078477437985624,9.06602583000256,12.049224791126749,25.080666666666666,83.4475,11.278333333333334,train
805,MOD-PM-00884,2025-09-18T08:00:00Z,2025-09-18,8,Not Harmattan,0.8660254037844387,-0.49999999999999983,0,9.744360750062553,9.796333928823808,12.750992016671695,26.978666666666665,76.46733333333333,10.685,train
806,MOD-PM-00884,2025-09-18T09:00:00Z,2025-09-18,9,Not Harmattan,0.7071067811865476,-0.7071067811865475,0,10.317113386379836,10.390549735791272,12.835536572982845,28.890666666666668,69.90933333333334,9.545,train
807,MOD-PM-00884,2025-09-18T10:00:00Z,2025-09-18,10,Not Harmattan,0.49999999999999994,-0.8660254037844387,0,13.053568749098863,12.927995711767371,14.914479311313572,29.626333333333335,68.40533333333333,8.75,train
808,MOD-PM-00884,2025-09-18T11:00:00Z,2025-09-18,11,Not Harmattan,0.258819045102521,-0.9659258262890682,0,10.513224117446288,10.599093762324356,12.91842184360938,29.7855,68.195,11.11,train
809,MOD-PM-00884,2025-09-18T12:00:00Z,2025-09-18,12,Not Harmattan,1.2246467991473532e-16,-1,0,10.066739303398258,10.18317925036691,12.70985753441414,34.68933333333333,53.282666666666664,8.293333333333333,train
810,MOD-PM-00884,2025-09-18T13:00:00Z,2025-09-18,13,Not Harmattan,-0.2588190451025208,-0.9659258262890683,0,11.04229689664136,11.05531267793372,13.540843607988297,31.2085,64.5245,6.708333333333333,train
811,MOD-PM-00884,2025-09-18T14:00:00Z,2025-09-18,14,Not Harmattan,-0.4999999999999998,-0.8660254037844388,0,8.478501361305053,8.582469178073682,12.36891383302853,26.9245,81.1225,8.17,train
812,MOD-PM-00884,2025-09-18T15:00:00Z,2025-09-18,15,Not Harmattan,-0.7071067811865471,-0.7071067811865479,0,7.593790529723701,7.849429229458365,10.709770372904464,29.455833333333334,73.52916666666667,8.133333333333333,train
813,MOD-PM-00884,2025-09-18T16:00:00Z,2025-09-18,16,Not Harmattan,-0.8660254037844384,-0.5000000000000004,0,8.275008693600771,8.490682872668762,11.19669960909426,31.371,67.05033333333333,6.121666666666667,train
814,MOD-PM-00884,2025-09-18T17:00:00Z,2025-09-18,17,Not Harmattan,-0.9659258262890683,-0.25881904510252063,0,5.012315052218881,5.336396756219395,8.659778219090002,26.599333333333337,80.51433333333334,6.576666666666666,train
815,MOD-PM-00884,2025-09-18T18:00:00Z,2025-09-18,18,Not Harmattan,-1,-1.8369701987210297e-16,0,7.388625710626317,7.550464822417396,10.662346407766192,25.099333333333337,86.45433333333334,5.7700000000000005,train
816,MOD-PM-00884,2025-09-18T19:00:00Z,2025-09-18,19,Not Harmattan,-0.9659258262890684,0.2588190451025203,0,4.434178904099417,4.819346086744937,8.366274285563469,24.331,86.00916666666667,9.065,train
817,MOD-PM-00884,2025-09-18T20:00:00Z,2025-09-18,20,Not Harmattan,-0.8660254037844386,0.5000000000000001,0,2.7157374663361207,3.23874012033059,6.851994367066375,23.7925,83.45583333333333,6.365,train
818,MOD-PM-00884,2025-09-18T21:00:00Z,2025-09-18,21,Not Harmattan,-0.7071067811865477,0.7071067811865474,0,2.6535619834390007,3.12332908572063,6.815347857517674,23.44483333333333,85.687,3.9183333333333334,train
819,MOD-PM-00884,2025-09-18T22:00:00Z,2025-09-18,22,Not Harmattan,-0.5000000000000004,0.8660254037844384,0,3.492981982775518,3.954446289618757,7.401186323231109,23.357666666666667,86.36366666666666,4.435,train
820,MOD-PM-00884,2025-09-18T23:00:00Z,2025-09-18,23,Not Harmattan,-0.25881904510252157,0.9659258262890681,0,2.5057601139610326,3.0479146407012867,6.629887126140546,23.156833333333335,86.7215,5.068333333333333,train
821,MOD-PM-00884,2025-09-19T00:00:00Z,2025-09-19,0,Not Harmattan,0,1,0,10.990154322102844,3.5165615490357784,166.31349647066142,23.203666666666667,89.20716666666667,4.556666666666667,train
822,MOD-PM-00884,2025-09-19T01:00:00Z,2025-09-19,1,Not Harmattan,0.25881904510252074,0.9659258262890683,0,3.48502906761321,3.9945390711035302,7.308076692243206,23.415166666666668,85.35133333333333,5.2316666666666665,train
823,MOD-PM-00884,2025-09-19T02:00:00Z,2025-09-19,2,Not Harmattan,0.49999999999999994,0.8660254037844387,0,2.1911509469761965,2.617571344620242,9.02316178401988,22.815,86.95716666666667,5.2,train
824,MOD-PM-00884,2025-09-19T03:00:00Z,2025-09-19,3,Not Harmattan,0.7071067811865475,0.7071067811865476,0,1.5554071441554,2.0775115740633514,6.455867564626833,22.269333333333336,88.66833333333334,5.031666666666667,train
825,MOD-PM-00884,2025-09-19T04:00:00Z,2025-09-19,4,Not Harmattan,0.8660254037844386,0.5000000000000001,0,2.364809986776745,2.890814039163542,6.583490337854652,22.195166666666665,88.539,4.075,train
826,MOD-PM-00884,2025-09-19T05:00:00Z,2025-09-19,5,Not Harmattan,0.9659258262890683,0.25881904510252074,0,23.931627284374073,4.009064047121287,83.3634156963366,22.165166666666668,88.27983333333333,4.786666666666666,train
827,MOD-PM-00884,2025-09-19T06:00:00Z,2025-09-19,6,Not Harmattan,1,6.123233995736766e-17,0,74.19350052372559,3.6845125962344696,460.2990533072552,22.220333333333333,88.832,5.136666666666667,train
828,MOD-PM-00884,2025-09-19T07:00:00Z,2025-09-19,7,Not Harmattan,0.9659258262890683,-0.25881904510252063,0,6.087589966343226,3.7919589420082023,12.028333594221452,22.738833333333332,87.7545,3.111666666666667,train
829,MOD-PM-00884,2025-09-19T08:00:00Z,2025-09-19,8,Not Harmattan,0.8660254037844387,-0.49999999999999983,0,3.8462137685229463,4.323034389650799,7.630578618448423,24.0955,83.49416666666667,6.133333333333333,train
830,MOD-PM-00884,2025-09-19T09:00:00Z,2025-09-19,9,Not Harmattan,0.7071067811865476,-0.7071067811865475,0,5.103692008224782,5.530781335932519,8.568786152690079,26.521,75.133,6.253333333333334,train
831,MOD-PM-00884,2025-09-19T10:00:00Z,2025-09-19,10,Not Harmattan,0.49999999999999994,-0.8660254037844387,0,8.197029340829834,8.407726983147484,11.179964527760896,28.7895,65.3815,5.56,train
832,MOD-PM-00884,2025-09-19T11:00:00Z,2025-09-19,11,Not Harmattan,0.258819045102521,-0.9659258262890682,0,3.86499488356009,4.352699969808918,7.723972698410831,29.3675,60.930166666666665,7.873333333333333,train
833,MOD-PM-00884,2025-09-19T12:00:00Z,2025-09-19,12,Not Harmattan,1.2246467991473532e-16,-1,0,3.6014882945156215,4.118972905385448,7.3630701606474656,29.705833333333334,60.69166666666667,4.098333333333334,train
834,MOD-PM-00884,2025-09-19T13:00:00Z,2025-09-19,13,Not Harmattan,-0.2588190451025208,-0.9659258262890683,0,3.560316664483058,4.065086206278513,7.406827894558788,30.423333333333332,60.248333333333335,3.6566666666666663,train
835,MOD-PM-00884,2025-09-19T14:00:00Z,2025-09-19,14,Not Harmattan,-0.4999999999999998,-0.8660254037844388,0,5.048674148973739,5.444958927965353,8.632581736583182,31.963333333333335,55.847833333333334,3.755,train
836,MOD-PM-00884,2025-09-19T15:00:00Z,2025-09-19,15,Not Harmattan,-0.7071067811865471,-0.7071067811865479,0,5.784650604988124,6.124296409406615,9.177872563450682,32.66830508474576,53.86237288135593,5.201666666666667,train
837,MOD-PM-00884,2025-09-19T16:00:00Z,2025-09-19,16,Not Harmattan,-0.8660254037844384,-0.5000000000000004,0,7.200916520705691,7.445461750755259,10.29799887686716,35.691833333333335,45.394666666666666,6.221666666666667,train
838,MOD-PM-00884,2025-09-19T17:00:00Z,2025-09-19,17,Not Harmattan,-0.9659258262890683,-0.25881904510252063,0,8.053672947006694,8.256128557955538,10.911823961127704,33.78783333333333,50.23916666666667,6.67,train
839,MOD-PM-00884,2025-09-19T18:00:00Z,2025-09-19,18,Not Harmattan,-1,-1.8369701987210297e-16,0,8.538923124448434,8.728873240981132,11.439476808834105,28.001833333333337,71.39066666666666,6.911666666666667,train
840,MOD-PM-00884,2025-09-19T19:00:00Z,2025-09-19,19,Not Harmattan,-0.9659258262890684,0.2588190451025203,0,6.161613253623169,6.472038258640784,9.49449373477433,25.403166666666667,82.18216666666666,8.166666666666666,train
841,MOD-PM-00884,2025-09-19T20:00:00Z,2025-09-19,20,Not Harmattan,-0.8660254037844386,0.5000000000000001,0,8.575934768088405,8.750304794999384,11.319802804171614,24.653833333333335,85.06216666666667,8.393333333333333,train
842,MOD-PM-00884,2025-09-19T21:00:00Z,2025-09-19,21,Not Harmattan,-0.7071067811865477,0.7071067811865474,0,9.29653005806398,9.463144445841664,11.85605233199638,24.386666666666667,85.57816666666666,9.166666666666668,train
843,MOD-PM-00884,2025-09-19T22:00:00Z,2025-09-19,22,Not Harmattan,-0.5000000000000004,0.8660254037844384,0,5.325048146909018,5.732726598526409,8.814502658499807,24.357,84.81666666666666,9.605,train
844,MOD-PM-00884,2025-09-19T23:00:00Z,2025-09-19,23,Not Harmattan,-0.25881904510252157,0.9659258262890681,0,5.205366969761364,5.607927235046694,8.6573287973651,24.5675,84.07,6.443333333333333,train
845,MOD-PM-00884,2025-09-20T00:00:00Z,2025-09-20,0,Not Harmattan,0,1,0,6.1448713476020025,6.501511455010589,9.551367726954483,23.980333333333338,86.11283333333333,6.09,train
846,MOD-PM-00884,2025-09-20T01:00:00Z,2025-09-20,1,Not Harmattan,0.25881904510252074,0.9659258262890683,0,6.878068949296311,7.171103230239734,9.972715671800117,23.715833333333332,86.2135,7.271666666666667,train
847,MOD-PM-00884,2025-09-20T02:00:00Z,2025-09-20,2,Not Harmattan,0.49999999999999994,0.8660254037844387,0,6.621536455086481,6.939800201549028,9.7851057703934,23.4915,85.61233333333334,8.018333333333333,train
848,MOD-PM-00884,2025-09-20T03:00:00Z,2025-09-20,3,Not Harmattan,0.7071067811865475,0.7071067811865476,0,6.011486685866988,6.3713830605945585,9.289548248643625,23.404333333333337,84.61683333333333,7.373333333333333,train
849,MOD-PM-00884,2025-09-20T04:00:00Z,2025-09-20,4,Not Harmattan,0.8660254037844386,0.5000000000000001,0,6.662422595856808,6.979296593290027,9.85329451067052,23.4855,83.60783333333333,6.823333333333333,train
850,MOD-PM-00884,2025-09-20T05:00:00Z,2025-09-20,5,Not Harmattan,0.9659258262890683,0.25881904510252074,0,5.570874793784971,5.956141891896214,9.060803864979349,23.466,83.95883333333333,7.086666666666667,train
851,MOD-PM-00884,2025-09-20T06:00:00Z,2025-09-20,6,Not Harmattan,1,6.123233995736766e-17,0,8.240403316599652,8.445261060247672,11.323516443560983,24.0025,82.7345,6.463333333333333,train
852,MOD-PM-00884,2025-09-20T07:00:00Z,2025-09-20,7,Not Harmattan,0.9659258262890683,-0.25881904510252063,0,13.435063971807724,13.351182330923113,15.237613346351022,27.269166666666667,73.58966666666666,8.17,train
853,MOD-PM-00884,2025-09-20T08:00:00Z,2025-09-20,8,Not Harmattan,0.8660254037844387,-0.49999999999999983,0,15.743346617442189,15.503437485935615,17.35222282554049,29.121833333333335,68.80283333333334,10.161666666666669,train
854,MOD-PM-00884,2025-09-20T09:00:00Z,2025-09-20,9,Not Harmattan,0.7071067811865476,-0.7071067811865475,0,4.868346895690948,5.2881084253524175,8.557645234521974,29.910166666666665,60.91583333333333,10.755,train
855,MOD-PM-00884,2025-09-20T10:00:00Z,2025-09-20,10,Not Harmattan,0.49999999999999994,-0.8660254037844387,0,4.414133479472369,4.873386692882523,8.142017874608047,30.781,58.68866666666667,4.053333333333334,train
856,MOD-PM-00884,2025-09-20T11:00:00Z,2025-09-20,11,Not Harmattan,0.258819045102521,-0.9659258262890682,0,6.6409089407382575,6.963405692375236,9.89577222419657,32.98383333333334,54.7,3.785,train
857,MOD-PM-00884,2025-09-20T12:00:00Z,2025-09-20,12,Not Harmattan,1.2246467991473532e-16,-1,0,7.088413359294274,7.368719857596544,10.404777861352098,31.023666666666667,61.800333333333334,4.585,train
858,MOD-PM-00884,2025-09-20T13:00:00Z,2025-09-20,13,Not Harmattan,-0.2588190451025208,-0.9659258262890683,0,6.699169142324703,6.991359056817355,10.140998845661317,30.19783333333333,65.77233333333334,5.296666666666667,train
859,MOD-PM-00884,2025-09-20T14:00:00Z,2025-09-20,14,Not Harmattan,-0.4999999999999998,-0.8660254037844388,0,8.701284946300474,8.867966719932625,11.502023977783548,32.50983333333333,57.691,5.361666666666666,train
860,MOD-PM-00884,2025-09-20T15:00:00Z,2025-09-20,15,Not Harmattan,-0.7071067811865471,-0.7071067811865479,0,11.728796611869807,11.713342187485155,13.93358862817539,35.193,50.9215,6.198333333333333,train
861,MOD-PM-00884,2025-09-20T16:00:00Z,2025-09-20,16,Not Harmattan,-0.8660254037844384,-0.5000000000000004,0,9.754393658421154,9.870343972188456,12.215090148704656,38.376333333333335,40.527,6.816666666666666,train
862,MOD-PM-00884,2025-09-20T17:00:00Z,2025-09-20,17,Not Harmattan,-0.9659258262890683,-0.25881904510252063,0,6.349607932806031,6.654822095918535,9.606629841612444,34.49333333333333,48.85816666666667,5.486666666666666,train
863,MOD-PM-00884,2025-09-20T18:00:00Z,2025-09-20,18,Not Harmattan,-1,-1.8369701987210297e-16,0,23.3559789712541,22.64951406450453,23.18677697969967,28.3755,67.27633333333333,5.208333333333333,train
864,MOD-PM-00884,2025-09-20T19:00:00Z,2025-09-20,19,Not Harmattan,-0.9659258262890684,0.2588190451025203,0,31.575500320310734,30.433823860807287,29.27385861233588,25.879,74.56883333333333,16.175,train
865,MOD-PM-00884,2025-09-20T20:00:00Z,2025-09-20,20,Not Harmattan,-0.8660254037844386,0.5000000000000001,0,27.902579001184876,26.93838357253955,26.53489943682919,25.313833333333335,74.77533333333334,21.355,train
866,MOD-PM-00884,2025-09-20T21:00:00Z,2025-09-20,21,Not Harmattan,-0.7071067811865477,0.7071067811865474,0,50.75723836073192,48.43746430049019,44.54756753646225,25.486666666666668,72.29183333333333,21.391666666666666,train
867,MOD-PM-00884,2025-09-20T22:00:00Z,2025-09-20,22,Not Harmattan,-0.5000000000000004,0.8660254037844384,0,68.74318423418457,65.29636348456444,58.60301310822619,25.3075,76.60183333333333,32.428333333333335,train
868,MOD-PM-00884,2025-09-20T23:00:00Z,2025-09-20,23,Not Harmattan,-0.25881904510252157,0.9659258262890681,0,22.048764423652596,21.412909549975605,22.179069079354004,25.307166666666667,73.8405,43.53333333333334,train
869,MOD-PM-00884,2025-09-21T00:00:00Z,2025-09-21,0,Not Harmattan,0,1,0,9.818384037342495,9.93342661637683,12.57720949597007,25.277166666666663,75.32333333333334,16.025,test
870,MOD-PM-00884,2025-09-21T01:00:00Z,2025-09-21,1,Not Harmattan,0.25881904510252074,0.9659258262890683,0,10.223248595374445,10.323042264471662,12.593028019496698,25.311,78.07683333333333,9.385,test
871,MOD-PM-00884,2025-09-21T02:00:00Z,2025-09-21,2,Not Harmattan,0.49999999999999994,0.8660254037844387,0,9.09344523216289,9.253638500367009,11.7532398304337,25.439166666666665,78.447,9.758333333333333,test
872,MOD-PM-00884,2025-09-21T03:00:00Z,2025-09-21,3,Not Harmattan,0.7071067811865475,0.7071067811865476,0,8.46665355692223,8.660865571811902,11.24995477820988,24.996,80.72483333333334,9.14,test
873,MOD-PM-00884,2025-09-21T04:00:00Z,2025-09-21,4,Not Harmattan,0.8660254037844386,0.5000000000000001,0,10.122878727608088,10.177503928611628,12.766510288503014,24.734166666666667,82.99816666666666,8.941666666666666,test
874,MOD-PM-00884,2025-09-21T05:00:00Z,2025-09-21,5,Not Harmattan,0.9659258262890683,0.25881904510252074,0,9.097951884088198,9.193172275699713,11.881652739701812,24.543166666666668,85.06466666666667,11,test
875,MOD-PM-00884,2025-09-21T06:00:00Z,2025-09-21,6,Not Harmattan,1,6.123233995736766e-17,0,8.075410915117002,8.206089534614899,11.00035080308192,24.536166666666663,86.06033333333333,10.996666666666666,test
876,MOD-PM-00884,2025-09-21T07:00:00Z,2025-09-21,7,Not Harmattan,0.9659258262890683,-0.25881904510252063,0,7.754051966289284,7.879710437739091,11.024987244818195,25.596666666666668,83.26733333333334,10.333333333333334,test
877,MOD-PM-00884,2025-09-21T08:00:00Z,2025-09-21,8,Not Harmattan,0.8660254037844387,-0.49999999999999983,0,8.013622881932918,8.19666272898748,11.012771741635296,26.502333333333333,78.43516666666666,9.256666666666666,test
878,MOD-PM-00884,2025-09-21T09:00:00Z,2025-09-21,9,Not Harmattan,0.7071067811865476,-0.7071067811865475,0,8.269196947905238,8.441144047177739,11.32049812388707,27.97383333333333,73.31866666666667,8.126666666666667,test
879,MOD-PM-00884,2025-09-21T10:00:00Z,2025-09-21,10,Not Harmattan,0.49999999999999994,-0.8660254037844387,0,8.990322432224966,9.12997420123835,11.89478480069145,29.969666666666665,67.1585,7.735,test
880,MOD-PM-00884,2025-09-21T11:00:00Z,2025-09-21,11,Not Harmattan,0.258819045102521,-0.9659258262890682,0,9.172362621081176,9.315663033719652,11.9739090237662,31.353,62.75633333333333,7.495,test
881,MOD-PM-00884,2025-09-21T12:00:00Z,2025-09-21,12,Not Harmattan,1.2246467991473532e-16,-1,0,8.808445380090031,8.971199860742267,11.680721144655784,32.432,60.36633333333334,7.221666666666667,test
882,MOD-PM-00884,2025-09-21T13:00:00Z,2025-09-21,13,Not Harmattan,-0.2588190451025208,-0.9659258262890683,0,9.8503180505326835,9.947143580483663,12.480939320821005,33.598,56.4885,7.046666666666667,test
883,MOD-PM-00884,2025-09-21T14:00:00Z,2025-09-21,14,Not Harmattan,-0.4999999999999998,-0.8660254037844388,0,11.612174248246118,11.579693169742969,14.07089846925718,33.251333333333335,57.6995,7.321666666666666,test
884,MOD-PM-00884,2025-09-21T15:00:00Z,2025-09-21,15,Not Harmattan,-0.7071067811865471,-0.7071067811865479,0,13.811746661238882,13.66118956741334,15.652656005595132,34.501666666666665,53.4265,8.163333333333334,test
885,MOD-PM-00884,2025-09-21T16:00:00Z,2025-09-21,16,Not Harmattan,-0.8660254037844384,-0.5000000000000004,0,14.385783999236232,14.192669021011396,16.18478102328958,33.4185,57.826166666666666,8.62,test
886,MOD-PM-00884,2025-09-21T17:00:00Z,2025-09-21,17,Not Harmattan,-0.9659258262890683,-0.25881904510252063,0,17.73314559896146,17.360191142096813,18.81844667006708,29.632833333333338,72.1165,9.095,test
887,MOD-PM-00884,2025-09-21T18:00:00Z,2025-09-21,18,Not Harmattan,-1,-1.8369701987210297e-16,0,24.04829043217808,23.298443820868677,23.67765689609092,27.642,76.17633333333333,13.076666666666666,test
888,MOD-PM-00884,2025-09-21T19:00:00Z,2025-09-21,19,Not Harmattan,-0.9659258262890684,0.2588190451025203,0,26.277696473074577,25.36581924847675,25.39948974965168,26.368,81.15283333333333,18.918333333333333,test
889,MOD-PM-00884,2025-09-21T20:00:00Z,2025-09-21,20,Not Harmattan,-0.8660254037844386,0.5000000000000001,0,27.63560575681325,26.68057005781909,26.300829536253353,26.359333333333332,79.25933333333333,21.29,test
890,MOD-PM-00884,2025-09-21T21:00:00Z,2025-09-21,21,Not Harmattan,-0.7071067811865477,0.7071067811865474,0,24.818601637963155,24.00849390678039,24.36336855729715,26.212,79.36333333333333,20.373333333333335,test
891,MOD-PM-00884,2025-09-21T22:00:00Z,2025-09-21,22,Not Harmattan,-0.5000000000000004,0.8660254037844384,0,12.417457888655193,12.381683468090255,14.345565559583171,26.417,78.35966666666667,18.425,test
892,MOD-PM-00884,2025-09-21T23:00:00Z,2025-09-21,23,Not Harmattan,-0.25881904510252157,0.9659258262890681,0,10.85481201971249,10.922394718587128,13.29757652390347,26.1485,79.773,10.475,test
893,MOD-PM-00884,2025-09-22T00:00:00Z,2025-09-22,0,Not Harmattan,0,1,0,9.706003228472037,9.80935831129271,12.21659140718121,25.913333333333338,81.4925,10.07,test
894,MOD-PM-00884,2025-09-22T01:00:00Z,2025-09-22,1,Not Harmattan,0.25881904510252074,0.9659258262890683,0,9.380361940710769,9.49082847298014,12.003697152485175,25.882,81.98333333333333,9.505,test
895,MOD-PM-00884,2025-09-22T02:00:00Z,2025-09-22,2,Not Harmattan,0.49999999999999994,0.8660254037844387,0,8.594450785953471,8.745687584079834,11.48666373316029,25.7925,82.38716666666667,9.333333333333334,test
896,MOD-PM-00884,2025-09-22T03:00:00Z,2025-09-22,3,Not Harmattan,0.7071067811865475,0.7071067811865476,0,8.588129238003944,8.731354991850392,11.374669850809427,25.604833333333335,83.24166666666666,8.885,test
897,MOD-PM-00884,2025-09-22T04:00:00Z,2025-09-22,4,Not Harmattan,0.8660254037844386,0.5000000000000001,0,8.391753409765418,8.54410785068374,11.369739401918013,25.511333333333333,83.8215,9.193333333333332,test
898,MOD-PM-00884,2025-09-22T05:00:00Z,2025-09-22,5,Not Harmattan,0.9659258262890683,0.25881904510252074,0,8.938302210227407,9.034724987643765,11.75933968066475,25.3155,84.86466666666666,9.2716666666666665,test
899,MOD-PM-00884,2025-09-22T06:00:00Z,2025-09-22,6,Not Harmattan,1,6.123233995736766e-17,0,9.643725785124117,9.648140696685031,12.372832907788371,25.200833333333335,85.3395,10.048333333333334,test
900,MOD-PM-00884,2025-09-22T07:00:00Z,2025-09-22,7,Not Harmattan,0.9659258262890683,-0.25881904510252063,0,10.418013448490347,10.384374216186371,13.126085397718688,25.669833333333333,84.31466666666667,11.1,test
901,MOD-PM-00884,2025-09-22T08:00:00Z,2025-09-22,8,Not Harmattan,0.8660254037844387,-0.49999999999999983,0,13.365180278830216,13.205259227486447,15.583424285744826,28.385666666666665,75.84383333333334,11.681666666666668,test
902,MOD-PM-00884,2025-09-22T09:00:00Z,2025-09-22,9,Not Harmattan,0.7071067811865476,-0.7071067811865475,0,13.304350673883638,13.161511154023696,15.318254630623132,31.170166666666667,66.737,11.915,test
903,MOD-PM-00884,2025-09-22T10:00:00Z,2025-09-22,10,Not Harmattan,0.49999999999999994,-0.8660254037844387,0,14.172197246902869,13.993301701180926,16.080593685016794,31.106666666666666,66.28366666666666,10.596666666666666,test
904,MOD-PM-00884,2025-09-22T11:00:00Z,2025-09-22,11,Not Harmattan,0.258819045102521,-0.9659258262890682,0,14.086733997043297,13.908056444578705,16.125520820267745,31.168833333333332,65.393,11.135,test
905,MOD-PM-00884,2025-09-22T12:00:00Z,2025-09-22,12,Not Harmattan,1.2246467991473532e-16,-1,0,14.725883278920774,14.48603505981241,16.674855000919734,29.819666666666667,69.595,10.44,test
906,MOD-PM-00884,2025-09-22T13:00:00Z,2025-09-22,13,Not Harmattan,-0.2588190451025208,-0.9659258262890683,0,17.33293043748594,16.92486510589842,18.827912499829768,29.84,69.888,11.411666666666669,test
907,MOD-PM-00884,2025-09-22T14:00:00Z,2025-09-22,14,Not Harmattan,-0.4999999999999998,-0.8660254037844388,0,16.07908198983254,15.718368654240743,17.721643029818193,30.845666666666663,66.40733333333334,13.171666666666669,test
908,MOD-PM-00884,2025-09-22T15:00:00Z,2025-09-22,15,Not Harmattan,-0.7071067811865471,-0.7071067811865479,0,17.06320426094274,16.64964085833548,18.21487755160951,31.502833333333335,63.926833333333335,12.663333333333334,test
909,MOD-PM-00884,2025-09-22T16:00:00Z,2025-09-22,16,Not Harmattan,-0.8660254037844384,-0.5000000000000004,0,17.408116073904985,16.976654821712724,18.690729080514423,32.01466666666666,63.3945,12.363333333333332,test
910,MOD-PM-00884,2025-09-22T17:00:00Z,2025-09-22,17,Not Harmattan,-0.9659258262890683,-0.25881904510252063,0,26.611637341530862,25.573420594447096,26.002790221855548,30.1905,70.3105,12.233333333333333,test
911,MOD-PM-00884,2025-09-22T18:00:00Z,2025-09-22,18,Not Harmattan,-1,-1.8369701987210297e-16,0,43.05078200009494,40.98518968443969,38.83069624414403,27.904333333333337,78.82583333333334,18.783333333333335,test
912,MOD-PM-00884,2025-09-22T19:00:00Z,2025-09-22,19,Not Harmattan,-0.9659258262890684,0.2588190451025203,0,12.606023546362527,12.421603104165548,14.61261573848076,26.820333333333338,84.80483333333333,31.48,test
913,MOD-PM-00884,2025-09-22T20:00:00Z,2025-09-22,20,Not Harmattan,-0.8660254037844386,0.5000000000000001,0,33.30228212294937,31.865255437762457,30.999847581468575,26.388,86.07933333333334,14.563333333333333,test
914,MOD-PM-00884,2025-09-22T21:00:00Z,2025-09-22,21,Not Harmattan,-0.7071067811865477,0.7071067811865474,0,18.94402791264824,18.447448121757063,19.765882993259336,26.301166666666667,85.2745,32.473333333333336,test
915,MOD-PM-00884,2025-09-22T22:00:00Z,2025-09-22,22,Not Harmattan,-0.5000000000000004,0.8660254037844384,0,11.972257776287227,11.896068309626411,14.095124040252504,26.149166666666662,84.017,19.37333333333333,test
916,MOD-PM-00884,2025-09-22T23:00:00Z,2025-09-22,23,Not Harmattan,-0.25881904510252157,0.9659258262890681,0,11.2580248184415,11.235441618932729,13.463742133176687,25.8465,83.49316666666667,13.13,test
917,MOD-PM-00884,2025-09-23T00:00:00Z,2025-09-23,0,Not Harmattan,0,1,0,11.822396305703124,11.744950843905253,13.960010777362726,25.5185,84.50066666666666,12.11,train
918,MOD-PM-00884,2025-09-23T01:00:00Z,2025-09-23,1,Not Harmattan,0.25881904510252074,0.9659258262890683,0,11.577222205712284,11.494813442338543,13.748001475031815,25.195,85.316,12.998333333333331,train
919,MOD-PM-00884,2025-09-23T02:00:00Z,2025-09-23,2,Not Harmattan,0.49999999999999994,0.8660254037844387,0,12.417294751933913,12.19097341873394,14.702564825307498,25.142833333333332,85.93833333333333,13.671666666666669,train
920,MOD-PM-00884,2025-09-23T03:00:00Z,2025-09-23,3,Not Harmattan,0.7071067811865475,0.7071067811865476,0,12.876769327413712,12.572547424477222,15.218618475942424,25.029833333333332,86.07533333333333,14.845,train
921,MOD-PM-00884,2025-09-23T04:00:00Z,2025-09-23,4,Not Harmattan,0.8660254037844386,0.5000000000000001,0,11.58529747341555,11.381268530475236,14.032023776074857,24.946666666666665,85.85466666666666,15.318333333333332,train
922,MOD-PM-00884,2025-09-23T05:00:00Z,2025-09-23,5,Not Harmattan,0.9659258262890683,0.25881904510252074,0,11.484642116386954,11.32761269191428,13.80071935164004,25.211666666666662,85.03533333333334,14.125,train
923,MOD-PM-00884,2025-09-23T06:00:00Z,2025-09-23,6,Not Harmattan,1,6.123233995736766e-17,0,12.062084933440987,11.86061197744002,14.309061274521722,25.334,85.3045,13.735,train
924,MOD-PM-00884,2025-09-23T07:00:00Z,2025-09-23,7,Not Harmattan,0.9659258262890683,-0.25881904510252063,0,10.074365945118007,9.22547351375774,27.014938686747648,25.150166666666667,85.22283333333333,14.266666666666667,train
925,MOD-PM-00884,2025-09-23T09:00:00Z,2025-09-23,9,Not Harmattan,0.7071067811865476,-0.7071067811865475,0,3.528979119930041,3.398514856525908,7.237470135682793,22.856333333333332,85.827,3.265,train
926,MOD-PM-00884,2025-09-23T11:00:00Z,2025-09-23,11,Not Harmattan,0.258819045102521,-0.9659258262890682,0,1.7174047210866548,2.260845172471778,6.0539411636515545,23.679333333333332,85.51283333333333,3.8316666666666666,train
927,MOD-PM-00884,2025-09-23T12:00:00Z,2025-09-23,12,Not Harmattan,1.2246467991473532e-16,-1,0,2.655411787956544,3.131216821041531,6.717386791242382,26.164166666666667,76.48133333333334,4.176666666666667,train
928,MOD-PM-00884,2025-09-23T13:00:00Z,2025-09-23,13,Not Harmattan,-0.2588190451025208,-0.9659258262890683,0,3.3902874167309474,3.839092970145292,7.3232789096584066,30.366666666666667,62.8275,4.7,train
929,MOD-PM-00884,2025-09-23T14:00:00Z,2025-09-23,14,Not Harmattan,-0.4999999999999998,-0.8660254037844388,0,3.835304000287473,4.239828401204711,7.740344317165663,32.222,57.23733333333333,5.035,train
930,MOD-PM-00884,2025-09-23T15:00:00Z,2025-09-23,15,Not Harmattan,-0.7071067811865471,-0.7071067811865479,0,4.635591578607404,5.001052574808126,8.262007933686656,35.69166666666667,46.012166666666666,5.165,train
931,MOD-PM-00884,2025-09-23T16:00:00Z,2025-09-23,16,Not Harmattan,-0.8660254037844384,-0.5000000000000004,0,6.713300860805419,6.945590953577299,9.867595972999789,36.95916666666667,43.54333333333334,5.366666666666666,train
932,MOD-PM-00884,2025-09-23T17:00:00Z,2025-09-23,17,Not Harmattan,-0.9659258262890683,-0.25881904510252063,0,13.779425198335655,13.598626359453418,15.852086342164608,33.5445,52.15866666666667,6.191666666666666,train
933,MOD-PM-00884,2025-09-23T18:00:00Z,2025-09-23,18,Not Harmattan,-1,-1.8369701987210297e-16,0,35.4994890534836,34.05685307748531,33.05251039509922,27.2595,70.0075,9.893333333333333,train
934,MOD-PM-00884,2025-09-23T19:00:00Z,2025-09-23,19,Not Harmattan,-0.9659258262890684,0.2588190451025203,0,27.59104903981417,26.625856108422397,26.712759059498715,25.082833333333333,78.42016666666666,23.89666666666667,train
935,MOD-PM-00884,2025-09-23T20:00:00Z,2025-09-23,20,Not Harmattan,-0.8660254037844386,0.5000000000000001,0,27.99599516620675,26.962989459064993,26.824168241179763,24.8385,79.67966666666666,21.58,train
936,MOD-PM-00884,2025-09-23T21:00:00Z,2025-09-23,21,Not Harmattan,-0.7071067811865477,0.7071067811865474,0,18.675912711227664,18.234960227563537,19.22410251315253,24.555833333333332,81.0435,22.845,train
937,MOD-PM-00884,2025-09-23T22:00:00Z,2025-09-23,22,Not Harmattan,-0.5000000000000004,0.8660254037844384,0,7.445030232008223,7.65175488696506,10.573945987578425,24.471,83.52816666666666,16.938333333333333,train
938,MOD-PM-00884,2025-09-23T23:00:00Z,2025-09-23,23,Not Harmattan,-0.25881904510252157,0.9659258262890681,0,8.85867109815353,8.974162571082314,11.618837689980186,24.104833333333332,85.26583333333333,10.145,train
939,MOD-PM-00884,2025-09-24T00:00:00Z,2025-09-24,0,Not Harmattan,0,1,0,7.524069973467467,7.7117593905404,10.532384831859112,23.727,83.94616666666667,11,train
940,MOD-PM-00884,2025-09-24T01:00:00Z,2025-09-24,1,Not Harmattan,0.25881904510252074,0.9659258262890683,0,10.147512372521083,10.207919805544174,12.61355575382346,23.645833333333332,82.74566666666666,9.66,train
941,MOD-PM-00884,2025-09-24T02:00:00Z,2025-09-24,2,Not Harmattan,0.49999999999999994,0.8660254037844387,0,7.223959582586224,7.428281878458761,10.508759764254409,23.500833333333333,83.01183333333333,11.735,train
942,MOD-PM-00884,2025-09-24T03:00:00Z,2025-09-24,3,Not Harmattan,0.7071067811865475,0.7071067811865476,0,4.691486297735317,5.018751883333073,8.529864051345339,23.118333333333332,85.09783333333333,9.891666666666667,train
943,MOD-PM-00884,2025-09-24T04:00:00Z,2025-09-24,4,Not Harmattan,0.8660254037844386,0.5000000000000001,0,7.0485672151220955,7.240034341592874,10.284740394111074,22.924666666666667,84.58283333333333,7.878333333333333,train
944,MOD-PM-00884,2025-09-24T05:00:00Z,2025-09-24,5,Not Harmattan,0.9659258262890683,0.25881904510252074,0,8.112177853675057,8.255435976317607,11.02550873460479,23.106833333333334,85.96266666666666,9.753333333333334,train
945,MOD-PM-00884,2025-09-24T06:00:00Z,2025-09-24,6,Not Harmattan,1,6.123233995736766e-17,0,8.270909883478657,8.369788900091836,11.13201907283603,23.408166666666663,85.7065,10.523333333333332,train
946,MOD-PM-00884,2025-09-24T07:00:00Z,2025-09-24,7,Not Harmattan,0.9659258262890683,-0.25881904510252063,0,8.100044560029996,8.2824466601969835,11.01620093205016,24.85033333333333,82.16933333333333,11.026666666666667,train
947,MOD-PM-00884,2025-09-24T08:00:00Z,2025-09-24,8,Not Harmattan,0.8660254037844387,-0.49999999999999983,0,9.151868570470617,9.269067680189842,12.245952862438427,27.098166666666668,76.029,9.073333333333334,train
948,MOD-PM-00884,2025-09-24T09:00:00Z,2025-09-24,9,Not Harmattan,0.7071067811865476,-0.7071067811865475,0,9.23784162258418,9.359334153667078,12.00118451987705,29.87,67.073,9.186666666666667,train
949,MOD-PM-00884,2025-09-24T10:00:00Z,2025-09-24,10,Not Harmattan,0.49999999999999994,-0.8660254037844387,0,9.489174133803267,9.566723877470272,12.24088018905976,32.77733333333333,56.93933333333333,8.008333333333333,train
950,MOD-PM-00884,2025-09-24T11:00:00Z,2025-09-24,11,Not Harmattan,0.258819045102521,-0.9659258262890682,0,10.172268369975036,10.191605660295092,12.872420123343632,34.786500000000004,51.219,7.715,train
951,MOD-PM-00884,2025-09-24T12:00:00Z,2025-09-24,12,Not Harmattan,1.2246467991473532e-16,-1,0,11.002185655297104,10.970779241348264,13.49664339789441,35.89216666666667,48.10816666666667,7.93,train
952,MOD-PM-00884,2025-09-24T13:00:00Z,2025-09-24,13,Not Harmattan,-0.2588190451025208,-0.9659258262890683,0,12.943798127768854,12.79548175837624,14.908253039316078,37.072,44.067,8.231666666666667,train
953,MOD-PM-00884,2025-09-24T14:00:00Z,2025-09-24,14,Not Harmattan,-0.4999999999999998,-0.8660254037844388,0,12.373655678992018,12.261828367970228,14.675810818983242,39.56433333333333,39.321666666666665,7.645,train
954,MOD-PM-00884,2025-09-24T15:00:00Z,2025-09-24,15,Not Harmattan,-0.7071067811865471,-0.7071067811865479,0,10.383244934767951,10.318771344371076,13.190592104048054,34.248666666666665,56.55916666666667,8.001666666666667,train
955,MOD-PM-00884,2025-09-24T16:00:00Z,2025-09-24,16,Not Harmattan,-0.8660254037844384,-0.5000000000000004,0,8.69115007749107,8.83547309808628,11.402861904727017,35.5995,49.515,8.988333333333333,train
956,MOD-PM-00884,2025-09-24T17:00:00Z,2025-09-24,17,Not Harmattan,-0.9659258262890683,-0.25881904510252063,0,9.299405342776506,9.387903146231803,11.97401964281184,35.61333333333334,51.00866666666667,7.648333333333333,train
957,MOD-PM-00884,2025-09-24T18:00:00Z,2025-09-24,18,Not Harmattan,-1,-1.8369701987210297e-16,0,11.365674662394891,11.34877490862889,13.642186456516033,29.3795,69.33883333333334,7.556666666666667,train
958,MOD-PM-00884,2025-09-24T19:00:00Z,2025-09-24,19,Not Harmattan,-0.9659258262890684,0.2588190451025203,0,41.90521555118989,40.052224503007785,37.48496814576184,27.346166666666665,76.525,11.758333333333336,train
959,MOD-PM-00884,2025-09-24T20:00:00Z,2025-09-24,20,Not Harmattan,-0.8660254037844386,0.5000000000000001,0,35.302786951802524,33.832879871129386,32.75227450250941,27.199,75.50283333333333,34.218333333333334,train
960,MOD-PM-00884,2025-09-24T21:00:00Z,2025-09-24,21,Not Harmattan,-0.7071067811865477,0.7071067811865474,0,4.813104723448148,5.013961527004039,10.606547000600836,24.471,83.859,25.96333333333333,train
961,MOD-PM-00884,2025-09-24T22:00:00Z,2025-09-24,22,Not Harmattan,-0.5000000000000004,0.8660254037844384,0,5.073533489393078,5.307385280941546,8.89955290187674,23.832833333333333,87.76216666666667,7.23,train
962,MOD-PM-00884,2025-09-24T23:00:00Z,2025-09-24,23,Not Harmattan,-0.25881904510252157,0.9659258262890681,0,13.057606382950496,5.512081631708335,29.24097315033897,23.589,88.30166666666666,7.88,train
963,MOD-PM-00884,2025-09-25T00:00:00Z,2025-09-25,0,Not Harmattan,0,1,0,3.649919508645061,4.067221666328806,7.77114382001621,23.359833333333334,87.34033333333333,7.138333333333333,train
964,MOD-PM-00884,2025-09-25T01:00:00Z,2025-09-25,1,Not Harmattan,0.25881904510252074,0.9659258262890683,0,3.298380266380892,3.7041934577790583,7.5775446874240835,23.205333333333332,88.28133333333334,6.1066666666666665,train
965,MOD-PM-00884,2025-09-25T02:00:00Z,2025-09-25,2,Not Harmattan,0.49999999999999994,0.8660254037844387,0,3.774841452963773,4.028725670287044,8.148639214625687,23.427,88.62183333333333,5.64,train
966,MOD-PM-00884,2025-09-25T03:00:00Z,2025-09-25,3,Not Harmattan,0.7071067811865475,0.7071067811865476,0,9.1048444105622,4.503721243635919,22.867593624863677,23.632833333333338,88.66483333333333,6.076666666666666,train
967,MOD-PM-00884,2025-09-25T04:00:00Z,2025-09-25,4,Not Harmattan,0.8660254037844386,0.5000000000000001,0,23.69901471192164,4.5236329657264855,68.10844448925299,23.708166666666667,88.44516666666667,6.413333333333333,train
968,MOD-PM-00884,2025-09-25T05:00:00Z,2025-09-25,5,Not Harmattan,0.9659258262890683,0.25881904510252074,0,9.685427609500834,4.088710935483553,18.14066797470537,23.706166666666668,88.68083333333334,6.193333333333333,train
969,MOD-PM-00884,2025-09-25T06:00:00Z,2025-09-25,6,Not Harmattan,1,6.123233995736766e-17,0,45.93193963458765,5.196264404811003,98.41602444383578,23.879,88.44633333333333,6.033333333333333,train
970,MOD-PM-00884,2025-09-25T07:00:00Z,2025-09-25,7,Not Harmattan,0.9659258262890683,-0.25881904510252063,0,10.573931369851902,4.979428637001559,23.16471638145474,25.081,85.13533333333334,5.616666666666666,train
971,MOD-PM-00884,2025-09-25T08:00:00Z,2025-09-25,8,Not Harmattan,0.8660254037844387,-0.49999999999999983,0,5.068413692248391,5.409137066581165,9.016651063047885,26.794833333333333,78.39533333333333,6.6883333333333335,train
972,MOD-PM-00884,2025-09-25T09:00:00Z,2025-09-25,9,Not Harmattan,0.7071067811865476,-0.7071067811865475,0,6.064465336102054,6.370171042728177,9.85204609572686,28.356166666666667,72.53666666666666,5.988333333333333,train
973,MOD-PM-00884,2025-09-25T10:00:00Z,2025-09-25,10,Not Harmattan,0.49999999999999994,-0.8660254037844387,0,6.751841911207372,7.036626962207793,10.03905549374296,31.670833333333334,61.30566666666667,6.1433333333333335,train
974,MOD-PM-00884,2025-09-25T11:00:00Z,2025-09-25,11,Not Harmattan,0.258819045102521,-0.9659258262890682,0,5.631806359182345,5.986865582890064,9.075642619816016,33.8985,55.02033333333333,5.951666666666666,train
975,MOD-PM-00884,2025-09-25T12:00:00Z,2025-09-25,12,Not Harmattan,1.2246467991473532e-16,-1,0,5.847044870818652,6.173535572691771,9.761370083743053,34.2865,53.97866666666667,4.8,train
976,MOD-PM-00884,2025-09-25T13:00:00Z,2025-09-25,13,Not Harmattan,-0.2588190451025208,-0.9659258262890683,0,5.743391876536573,6.081133639164244,9.072529483817268,36.77283333333333,47.28516666666667,5.015,train
977,MOD-PM-00884,2025-09-25T14:00:00Z,2025-09-25,14,Not Harmattan,-0.4999999999999998,-0.8660254037844388,0,5.775529810628361,6.1035655888817315,9.123224612162346,34.861,51.94233333333333,4.758333333333333,train
978,MOD-PM-00884,2025-09-25T15:00:00Z,2025-09-25,15,Not Harmattan,-0.7071067811865471,-0.7071067811865479,0,8.46583787331584,8.639530209687807,11.254822016218077,31.218833333333333,62.5575,5.041666666666667,train
979,MOD-PM-00884,2025-09-25T16:00:00Z,2025-09-25,16,Not Harmattan,-0.8660254037844384,-0.5000000000000004,0,12.20005781546195,12.151188451310473,14.921543127513775,28.097,70.46816666666666,6.933333333333334,train
980,MOD-PM-00884,2025-09-25T17:00:00Z,2025-09-25,17,Not Harmattan,-0.9659258262890683,-0.25881904510252063,0,12.04880968274698,11.988931964245896,14.361099634135297,25.999,79.00716666666666,9.01,train
981,MOD-PM-00884,2025-09-25T18:00:00Z,2025-09-25,18,Not Harmattan,-1,-1.8369701987210297e-16,0,11.909246217693555,11.86661435163544,14.229652602472466,24.376166666666663,85.97766666666666,10.516666666666667,train
982,MOD-PM-00884,2025-09-25T19:00:00Z,2025-09-25,19,Not Harmattan,-0.9659258262890684,0.2588190451025203,0,12.831274574267278,12.784285021896329,14.75918597395476,24.687666666666665,85.26066666666667,12.121666666666666,train
983,MOD-PM-00884,2025-09-25T20:00:00Z,2025-09-25,20,Not Harmattan,-0.8660254037844386,0.5000000000000001,0,11.754837311003826,11.718959794103943,13.893086254750068,24.63533333333333,85.7565,12.996666666666666,train
984,MOD-PM-00884,2025-09-25T21:00:00Z,2025-09-25,21,Not Harmattan,-0.7071067811865477,0.7071067811865474,0,13.42883758694561,13.308802319955042,15.23968525863445,24.201851851851853,86.54666666666667,12.413333333333334,train
985,MOD-PM-00884,2025-09-25T22:00:00Z,2025-09-25,22,Not Harmattan,-0.5000000000000004,0.8660254037844384,0,15.253304298812903,15.04210116155708,16.614630831928746,24.639833333333332,83.82966666666667,13.84,train
986,MOD-PM-00884,2025-09-25T23:00:00Z,2025-09-25,23,Not Harmattan,-0.25881904510252157,0.9659258262890681,0,8.343872782070292,8.512095188308182,11.19995496958026,24.812666666666665,82.4625,13.246666666666666,train
987,MOD-PM-00884,2025-09-26T00:00:00Z,2025-09-26,0,Not Harmattan,0,1,0,8.160550310934543,8.324690879368706,11.0970996131815,24.439830508474575,83.61694915254238,8.865,train
988,MOD-PM-00884,2025-09-26T01:00:00Z,2025-09-26,1,Not Harmattan,0.25881904510252074,0.9659258262890683,0,8.702814353062456,8.835780912147584,11.479757944168146,24.06,86.41883333333334,9.465,train
989,MOD-PM-00884,2025-09-26T02:00:00Z,2025-09-26,2,Not Harmattan,0.49999999999999994,0.8660254037844387,0,8.176290585137354,8.32927287427277,11.056007985760026,24.076,86.2195,11.255,train
990,MOD-PM-00884,2025-09-26T03:00:00Z,2025-09-26,3,Not Harmattan,0.7071067811865475,0.7071067811865476,0,7.068612639749143,7.306868469653384,10.18641586525725,23.900666666666663,85.66833333333334,10.483333333333333,train
991,MOD-PM-00884,2025-09-26T04:00:00Z,2025-09-26,4,Not Harmattan,0.8660254037844386,0.5000000000000001,0,6.742023448700126,7.02298198687336,9.881954019264846,23.90532258064516,85.44774193548388,9.25,train
992,MOD-PM-00884,2025-09-26T05:00:00Z,2025-09-26,5,Not Harmattan,0.9659258262890683,0.25881904510252074,0,13.41391737431205,13.290312100300357,15.176994109339889,23.709333333333333,86.71216666666666,8.421666666666667,train
993,MOD-PM-00884,2025-09-26T06:00:00Z,2025-09-26,6,Not Harmattan,1,6.123233995736766e-17,0,20.70406921433745,20.202815521476445,20.84378657942446,24.3785,84.98533333333333,14.043333333333331,train
994,MOD-PM-00884,2025-09-26T07:00:00Z,2025-09-26,7,Not Harmattan,0.9659258262890683,-0.25881904510252063,0,22.77719027624952,22.132194057726423,22.418717340374297,27.607333333333333,74.93183333333333,17.971666666666668,train
995,MOD-PM-00884,2025-09-26T08:00:00Z,2025-09-26,8,Not Harmattan,0.8660254037844387,-0.49999999999999983,0,13.73323711412379,13.572904646955749,15.643743271060648,30.156166666666667,67.12066666666666,15.76,train
996,MOD-PM-00884,2025-09-26T09:00:00Z,2025-09-26,9,Not Harmattan,0.7071067811865476,-0.7071067811865475,0,11.505523616710551,11.518457409922414,13.802931732552851,31.4315,63.963,10.123333333333331,train
997,MOD-PM-00884,2025-09-26T10:00:00Z,2025-09-26,10,Not Harmattan,0.49999999999999994,-0.8660254037844387,0,10.585881134685524,10.6772592955166,12.870903062146274,32.40983333333333,61.3365,8.0216666666666665,train
998,MOD-PM-00884,2025-09-26T11:00:00Z,2025-09-26,11,Not Harmattan,0.258819045102521,-0.9659258262890682,0,10.45951135196547,10.548516064376434,13.1233989351817,34.18516666666667,56.24933333333333,7.133333333333334,train
999,MOD-PM-00884,2025-09-26T12:00:00Z,2025-09-26,12,Not Harmattan,1.2246467991473532e-16,-1,0,10.201816508616533,10.31894448978056,12.966035441397322,34.165166666666664,55.55116666666667,6.343333333333334,train
1000,MOD-PM-00884,2025-09-26T13:00:00Z,2025-09-26,13,Not Harmattan,-0.2588190451025208,-0.9659258262890683,0,14.046357658526963,13.94385906758406,15.564034347316085,38.1595,45.342333333333336,5.721666666666667,train
1001,MOD-PM-00884,2025-09-26T16:00:00Z,2025-09-26,16,Not Harmattan,-0.8660254037844384,-0.5000000000000004,0,14.301523882696088,14.035722326504306,16.570035553814716,28.7115,79.04733333333333,6.488333333333333,train
1002,MOD-PM-00884,2025-09-26T17:00:00Z,2025-09-26,17,Not Harmattan,-0.9659258262890683,-0.25881904510252063,0,9.628961911848448,9.724901828222578,12.34633174499701,28.166666666666668,81.03733333333334,11.826666666666666,train
1003,MOD-PM-00884,2025-09-26T18:00:00Z,2025-09-26,18,Not Harmattan,-1,-1.8369701987210297e-16,0,15.7925527309977,15.552687735744168,17.020081239643723,27.1125,82.148,8.045,train
1004,MOD-PM-00884,2025-09-26T19:00:00Z,2025-09-26,19,Not Harmattan,-0.9659258262890684,0.2588190451025203,0,25.07713255700864,24.32702374509296,24.311203775917132,26.358833333333333,84.15766666666667,12.485,train
1005,MOD-PM-00884,2025-09-26T20:00:00Z,2025-09-26,20,Not Harmattan,-0.8660254037844386,0.5000000000000001,0,19.17863890993632,18.736716385866977,19.67874679073603,26.469833333333337,81.941,18.251666666666665,train
1006,MOD-PM-00884,2025-09-26T21:00:00Z,2025-09-26,21,Not Harmattan,-0.7071067811865477,0.7071067811865474,0,11.53262470453288,11.517533967738505,13.76950897804854,26.855666666666668,79.556,14.153333333333334,train
1007,MOD-PM-00884,2025-09-26T22:00:00Z,2025-09-26,22,Not Harmattan,-0.5000000000000004,0.8660254037844384,0,17.91318736298202,17.508653711539232,18.81726146600664,26.981,80.15416666666667,9.738333333333332,train
1008,MOD-PM-00884,2025-09-26T23:00:00Z,2025-09-26,23,Not Harmattan,-0.25881904510252157,0.9659258262890681,0,5.189522315707228,5.485609622436239,10.003736412741944,25.689833333333333,85.02266666666667,14.308474576271186,train
1009,MOD-PM-00884,2025-09-27T00:00:00Z,2025-09-27,0,Not Harmattan,0,1,0,2.006602531030334,2.4587008122300027,6.6220963847832754,24.137666666666668,84.86433333333333,6.941666666666666,train
1010,MOD-PM-00884,2025-09-27T01:00:00Z,2025-09-27,1,Not Harmattan,0.25881904510252074,0.9659258262890683,0,1.9025213028548995,2.336921874226828,6.70665674381523,23.536833333333337,87.1215,3.671666666666667,train
1011,MOD-PM-00884,2025-09-27T02:00:00Z,2025-09-27,2,Not Harmattan,0.49999999999999994,0.8660254037844387,0,3.002511430252879,3.451285729660617,7.336031705348705,23.9375,87.03333333333333,4.306666666666667,train
1012,MOD-PM-00884,2025-09-27T03:00:00Z,2025-09-27,3,Not Harmattan,0.7071067811865475,0.7071067811865476,0,3.9457271685025943,4.347948090237546,7.821759934757258,24.699,87.1695,4.965,train
1013,MOD-PM-00884,2025-09-27T04:00:00Z,2025-09-27,4,Not Harmattan,0.8660254037844386,0.5000000000000001,0,9.193815099929248,9.27574339764436,12.099809300426186,24.982333333333333,86.5775,5.4783333333333335,train
1014,MOD-PM-00884,2025-09-27T05:00:00Z,2025-09-27,5,Not Harmattan,0.9659258262890683,0.25881904510252074,0,6.311821389739989,6.540488410523137,9.769366260470798,24.586,85.6185,10.346666666666666,train
1015,MOD-PM-00884,2025-09-27T06:00:00Z,2025-09-27,6,Not Harmattan,1,6.123233995736766e-17,0,9.050846155819144,9.16673874318528,11.804693489377458,24.481166666666667,84.8205,7.756666666666667,train
1016,MOD-PM-00884,2025-09-27T07:00:00Z,2025-09-27,7,Not Harmattan,0.9659258262890683,-0.25881904510252063,0,16.56231335034846,16.20819701766868,17.81848210291627,25.658333333333335,82.51383333333334,9.443333333333332,train
1017,MOD-PM-00884,2025-09-27T08:00:00Z,2025-09-27,8,Not Harmattan,0.8660254037844387,-0.49999999999999983,0,3.784874361322377,4.286866237447644,7.777385894734509,28.1275,75.60166666666667,15.168333333333331,train
1018,MOD-PM-00884,2025-09-27T09:00:00Z,2025-09-27,9,Not Harmattan,0.7071067811865476,-0.7071067811865475,0,2.3227165651432315,2.8769431680260555,6.5218755294327515,30.882833333333338,66.92433333333334,3.4183333333333334,train
1019,MOD-PM-00884,2025-09-27T10:00:00Z,2025-09-27,10,Not Harmattan,0.49999999999999994,-0.8660254037844387,0,2.539916864978637,3.0787922387257884,6.943033841628716,28.336833333333335,76.47333333333333,2.2333333333333334,train
1020,MOD-PM-00884,2025-09-27T11:00:00Z,2025-09-27,11,Not Harmattan,0.258819045102521,-0.9659258262890682,0,4.985377101117832,5.423796711250741,8.51745891551277,29.496666666666663,71.46983333333333,2.73,train
1021,MOD-PM-00884,2025-09-27T12:00:00Z,2025-09-27,12,Not Harmattan,1.2246467991473532e-16,-1,0,4.351815251944131,4.820519627853656,8.14669547996657,30.346666666666668,69.20066666666666,3.6883333333333335,train
1022,MOD-PM-00884,2025-09-27T13:00:00Z,2025-09-27,13,Not Harmattan,-0.2588190451025208,-0.9659258262890683,0,2.442082874593672,2.9179209149370764,7.358092303593633,29.969666666666665,70.59566666666667,3.193333333333334,train
1023,MOD-PM-00884,2025-09-27T14:00:00Z,2025-09-27,14,Not Harmattan,-0.4999999999999998,-0.8660254037844388,0,2.6340671452462665,3.174195359351024,6.9865229292863384,26.545833333333334,82.7785,2.3333333333333335,train
1024,MOD-PM-00884,2025-09-27T16:00:00Z,2025-09-27,16,Not Harmattan,-0.8660254037844384,-0.5000000000000004,0,1.4404844169158963,1.926785509842557,5.667438218182759,25.9295,85.758,3.23,train
1025,MOD-PM-00884,2025-09-27T17:00:00Z,2025-09-27,17,Not Harmattan,-0.9659258262890683,-0.25881904510252063,0,3.71470517908263,4.2139143049187275,7.528414028438783,27.6285,79.98633333333333,2.213333333333334,train
1026,MOD-PM-00884,2025-09-27T18:00:00Z,2025-09-27,18,Not Harmattan,-1,-1.8369701987210297e-16,0,3.695903671955328,4.17861187976299,7.62620126478521,26.0755,83.99233333333333,3.8233333333333337,train
1027,MOD-PM-00884,2025-09-27T19:00:00Z,2025-09-27,19,Not Harmattan,-0.9659258262890684,0.2588190451025203,0,2.810091667505348,3.3339700955463423,6.833773829977262,25.626333333333335,84.40983333333334,4.283333333333333,train
1028,MOD-PM-00884,2025-09-27T20:00:00Z,2025-09-27,20,Not Harmattan,-0.8660254037844386,0.5000000000000001,0,3.0256972367645303,3.512579204617665,7.030375479522495,25.645,84.145,3.5283333333333333,train
1029,MOD-PM-00884,2025-09-27T21:00:00Z,2025-09-27,21,Not Harmattan,-0.7071067811865477,0.7071067811865474,0,2.797061121893259,3.3286025878523637,6.866643489253372,25.7365,83.85416666666667,3.7383333333333337,train
1030,MOD-PM-00884,2025-09-27T22:00:00Z,2025-09-27,22,Not Harmattan,-0.5000000000000004,0.8660254037844384,0,3.366836513047219,3.836322643593561,7.322204324643611,25.742833333333333,83.62033333333333,3.535,train
1031,MOD-PM-00884,2025-09-27T23:00:00Z,2025-09-27,23,Not Harmattan,-0.25881904510252157,0.9659258262890681,0,3.5173913146967553,3.943403460169496,7.496935008593585,25.427,85.36116666666666,4.085,train
1032,MOD-PM-00884,2025-09-28T00:00:00Z,2025-09-28,0,Not Harmattan,0,1,0,2.8859910270799887,3.2687519913076755,7.1492751508655,25.029,86.65983333333334,4.966666666666667,train
1033,MOD-PM-00884,2025-09-28T07:00:00Z,2025-09-28,7,Not Harmattan,0.9659258262890683,-0.25881904510252063,0,5.117375100721984,5.51148524196456,8.703725585650993,26.2755,80.13166666666666,3.4216666666666664,train
1034,MOD-PM-00884,2025-09-28T08:00:00Z,2025-09-28,8,Not Harmattan,0.8660254037844387,-0.49999999999999983,0,2.7150849194510083,3.2458006053617376,6.987297262605823,28.626833333333337,72.2375,4.8966666666666665,train
1035,MOD-PM-00884,2025-09-28T09:00:00Z,2025-09-28,9,Not Harmattan,0.7071067811865476,-0.7071067811865475,0,2.584468051919373,3.116076216901168,6.73770909019867,29.814,68.04033333333334,2.71,train
1036,MOD-PM-00884,2025-09-28T10:00:00Z,2025-09-28,10,Not Harmattan,0.49999999999999994,-0.8660254037844387,0,1.8295584042632649,2.4345374084176825,6.30980301621862,32.2615,61.842166666666664,2.255,train
1037,MOD-PM-00884,2025-09-28T11:00:00Z,2025-09-28,11,Not Harmattan,0.258819045102521,-0.9659258262890682,0,2.40408515242445,2.947028582109083,6.690664390359737,32.589333333333336,60.2625,1.7333333333333334,train
1038,MOD-PM-00884,2025-09-28T12:00:00Z,2025-09-28,12,Not Harmattan,1.2246467991473532e-16,-1,0,2.67954150630254,3.2311601990709926,6.944693127313327,32.603,60.605,2.348333333333333,train
1039,MOD-PM-00884,2025-09-28T13:00:00Z,2025-09-28,13,Not Harmattan,-0.2588190451025208,-0.9659258262890683,0,3.435741385697061,3.926435210040144,7.543347599600285,32.317,62.481833333333334,2.296666666666667,train
1040,MOD-PM-00884,2025-09-28T14:00:00Z,2025-09-28,14,Not Harmattan,-0.4999999999999998,-0.8660254037844388,0,4.760024112762283,5.119791848955929,8.625502117662174,28.425833333333333,78.85916666666667,2.93,train
1041,MOD-PM-00884,2025-09-28T15:00:00Z,2025-09-28,15,Not Harmattan,-0.7071067811865471,-0.7071067811865479,0,6.441372338524968,6.747935849462826,9.73202443120664,28.117833333333333,80.31533333333333,4.783333333333333,train
1042,MOD-PM-00884,2025-09-28T16:00:00Z,2025-09-28,16,Not Harmattan,-0.8660254037844384,-0.5000000000000004,0,6.521492860762681,6.826139859412732,9.815636626990246,31.648833333333332,68.386,6.138333333333334,train
1043,MOD-PM-00884,2025-09-28T17:00:00Z,2025-09-28,17,Not Harmattan,-0.9659258262890683,-0.25881904510252063,0,10.550419289897697,10.591109835109298,12.9659722305141,29.423333333333332,70.005,5.036666666666667,train
1044,MOD-PM-00884,2025-09-28T18:00:00Z,2025-09-28,18,Not Harmattan,-1,-1.8369701987210297e-16,0,10.936727045884265,11.008601894130924,13.20407182489542,26.216666666666665,76.212,7.595000000000001,train
1045,MOD-PM-00884,2025-09-28T19:00:00Z,2025-09-28,19,Not Harmattan,-0.9659258262890684,0.2588190451025203,0,19.56188785239892,19.102091676634167,19.861299821484888,25.823,77.81266666666667,8.45,train
1046,MOD-PM-00884,2025-09-28T20:00:00Z,2025-09-28,20,Not Harmattan,-0.8660254037844386,0.5000000000000001,0,5.652891780407541,5.998793377765573,8.98420807723353,25.219333333333335,80.20416666666667,13.375,train
1047,MOD-PM-00884,2025-09-28T21:00:00Z,2025-09-28,21,Not Harmattan,-0.7071067811865477,0.7071067811865474,0,3.5557080521069517,4.020587836041335,7.456401029726652,25.045166666666667,81.667,5.318333333333333,train
1048,MOD-PM-00884,2025-09-28T22:00:00Z,2025-09-28,22,Not Harmattan,-0.5000000000000004,0.8660254037844384,0,3.592617735296124,4.01974134737275,7.4710659546344544,24.665333333333333,84.34933333333333,4.1066666666666665,train
1049,MOD-PM-00884,2025-09-28T23:00:00Z,2025-09-28,23,Not Harmattan,-0.25881904510252157,0.9659258262890681,0,3.3498906861244553,3.816314729608837,7.350506997606838,24.9605,83.74416666666667,4.868333333333333,train
1050,MOD-PM-00884,2025-09-29T00:00:00Z,2025-09-29,0,Not Harmattan,0,1,0,3.684504493556019,4.082189125059686,7.576833564987822,24.5975,84.30466666666666,4.44,test
1051,MOD-PM-00884,2025-09-29T01:00:00Z,2025-09-29,1,Not Harmattan,0.25881904510252074,0.9659258262890683,0,3.295464197488046,3.725586535039647,7.451249342743954,24.2875,84.929,5.083333333333333,test
1052,MOD-PM-00884,2025-09-29T02:00:00Z,2025-09-29,2,Not Harmattan,0.49999999999999994,0.8660254037844387,0,3.6194537259463737,3.991614837521148,7.609640013380709,23.992166666666662,86.07666666666667,4.903333333333333,test
1053,MOD-PM-00884,2025-09-29T03:00:00Z,2025-09-29,3,Not Harmattan,0.7071067811865475,0.7071067811865476,0,4.6730314561407305,4.93822002954456,8.641921144579424,23.84283333333333,86.284,5.456666666666667,test
1054,MOD-PM-00884,2025-09-29T04:00:00Z,2025-09-29,4,Not Harmattan,0.8660254037844386,0.5000000000000001,0,5.77818078234913,5.937153611989558,9.528785638922963,23.935,86.32233333333333,6.51,test
1055,MOD-PM-00884,2025-09-29T05:00:00Z,2025-09-29,5,Not Harmattan,0.9659258262890683,0.25881904510252074,0,9.477994346167057,2.0769728994560706,38.66053254650695,22.438,85.38533333333334,8.165,test
1056,MOD-PM-00884,2025-09-29T07:00:00Z,2025-09-29,7,Not Harmattan,0.9659258262890683,-0.25881904510252063,0,5.237708824754749,5.484128267266216,8.989407172378645,21.8995,88.4465,2.885,test
1057,MOD-PM-00884,2025-09-29T08:00:00Z,2025-09-29,8,Not Harmattan,0.8660254037844387,-0.49999999999999983,0,10.774569144933816,3.566465903724599,52.62566556886561,22.431333333333335,87.88283333333334,7.68,test
1058,MOD-PM-00884,2025-09-29T09:00:00Z,2025-09-29,9,Not Harmattan,0.7071067811865476,-0.7071067811865475,0,2.460576040305857,2.7934486038974966,6.270564860457763,24.456666666666667,81.842,5.295,test
1059,MOD-PM-00884,2025-09-29T10:00:00Z,2025-09-29,10,Not Harmattan,0.49999999999999994,-0.8660254037844387,0,2.264422837578049,2.861360081172569,6.296323295371254,27.401333333333337,72.21833333333333,3.546666666666667,test
1060,MOD-PM-00884,2025-09-29T11:00:00Z,2025-09-29,11,Not Harmattan,0.258819045102521,-0.9659258262890682,0,2.2983929491263946,2.910244801783322,6.358949477924726,25.7495,78.3025,2.9166666666666665,test
1061,MOD-PM-00884,2025-09-29T12:00:00Z,2025-09-29,12,Not Harmattan,1.2246467991473532e-16,-1,0,3.283351295933146,3.8230096854421873,7.145450892430491,25.7255,78.5075,3.411666666666666,test
1062,MOD-PM-00884,2025-09-29T13:00:00Z,2025-09-29,13,Not Harmattan,-0.2588190451025208,-0.9659258262890683,0,3.9487859820265583,4.456375593331684,7.625616564115394,31.500833333333333,60.403333333333336,4.051666666666667,test
1063,MOD-PM-00884,2025-09-29T14:00:00Z,2025-09-29,14,Not Harmattan,-0.4999999999999998,-0.8660254037844388,0,3.9734808032100326,4.487945772994118,7.636267597938518,31.636666666666667,60.23116666666667,3.466666666666667,test
1064,MOD-PM-00884,2025-09-29T15:00:00Z,2025-09-29,15,Not Harmattan,-0.7071067811865471,-0.7071067811865479,0,3.725880044490181,4.246658025689881,7.433123621979676,30.386166666666668,64.965,3.575,test
1065,MOD-PM-00884,2025-09-29T16:00:00Z,2025-09-29,16,Not Harmattan,-0.8660254037844384,-0.5000000000000004,0,4.403060574515617,4.889431500827965,7.983832639341769,27.938,71.911,3.598333333333333,test
1066,MOD-PM-00884,2025-09-29T17:00:00Z,2025-09-29,17,Not Harmattan,-0.9659258262890683,-0.25881904510252063,0,6.577897382144587,6.916464048026461,9.6749133982144,26.041,78.1885,3.9966666666666666,test
1067,MOD-PM-00884,2025-09-29T18:00:00Z,2025-09-29,18,Not Harmattan,-1,-1.8369701987210297e-16,0,9.667502962250405,9.809473741565698,12.13380095287951,24.706166666666668,83.08,6.366666666666666,test
1068,MOD-PM-00884,2025-09-29T19:00:00Z,2025-09-29,19,Not Harmattan,-0.9659258262890684,0.2588190451025203,0,7.50055789351326,7.674917895078144,10.78947929664903,23.894333333333332,85.6565,9.911666666666669,test
1069,MOD-PM-00884,2025-09-29T20:00:00Z,2025-09-29,20,Not Harmattan,-0.8660254037844386,0.5000000000000001,0,4.5237409640810995,4.936988773299347,8.141796636516766,23.496166666666667,86.68066666666667,9.801666666666668,test
1070,MOD-PM-00884,2025-09-29T21:00:00Z,2025-09-29,21,Not Harmattan,-0.7071067811865477,0.7071067811865474,0,32.721127945486266,31.459941272541148,30.217786731509246,23.606333333333332,87.24216666666666,6.838333333333334,test
1071,MOD-PM-00884,2025-09-29T22:00:00Z,2025-09-29,22,Not Harmattan,-0.5000000000000004,0.8660254037844384,0,23.328021415645058,22.617559117265458,22.79978414988589,24.109166666666667,85.57033333333334,29.863333333333333,test
1072,MOD-PM-00884,2025-09-29T23:00:00Z,2025-09-29,23,Not Harmattan,-0.25881904510252157,0.9659258262890681,0,27.401953187762675,26.403672071297805,26.241679952277167,24.008333333333333,85.93466666666667,23.745,test
1073,MOD-PM-00884,2025-09-30T00:00:00Z,2025-09-30,0,Not Harmattan,0,1,0,24.884304952457914,24.05272293971393,24.059039760018628,24.057333333333332,84.6485,23.208333333333332,train
1074,MOD-PM-00884,2025-09-30T01:00:00Z,2025-09-30,1,Not Harmattan,0.25881904510252074,0.9659258262890683,0,14.18734856989157,14.000785430546363,15.761078473043876,24.1,83.701,23.008333333333333,train
1075,MOD-PM-00884,2025-09-30T02:00:00Z,2025-09-30,2,Not Harmattan,0.49999999999999994,0.8660254037844387,0,9.848074920615112,9.899355447466304,12.339315336959226,24.063,82.938,14.536666666666669,train
1076,MOD-PM-00884,2025-09-30T03:00:00Z,2025-09-30,3,Not Harmattan,0.7071067811865475,0.7071067811865476,0,2.8159441973812,3.346744379090435,6.7907272185022025,24.178833333333333,80.58033333333333,11.386666666666668,train
1077,MOD-PM-00884,2025-09-30T04:00:00Z,2025-09-30,4,Not Harmattan,0.8660254037844386,0.5000000000000001,0,6.039648162377621,6.343333504258283,9.368166784652589,23.4925,84.0865,4.295,train
1078,MOD-PM-00884,2025-09-30T05:00:00Z,2025-09-30,5,Not Harmattan,0.9659258262890683,0.25881904510252074,0,10.83670384365062,10.907369544719757,13.06665136476799,23.269833333333334,84.70266666666667,7.513333333333334,train
1079,MOD-PM-00884,2025-09-30T06:00:00Z,2025-09-30,6,Not Harmattan,1,6.123233995736766e-17,0,7.158643717804501,7.430782867706851,10.273093788877183,23.363833333333332,85.36766666666666,11.378333333333332,train
1080,MOD-PM-00884,2025-09-30T07:00:00Z,2025-09-30,7,Not Harmattan,0.9659258262890683,-0.25881904510252063,0,4.5939917146814855,5.057882745876274,8.105861249404327,26.986166666666666,74.81333333333333,8.818333333333333,train
1081,MOD-PM-00884,2025-09-30T08:00:00Z,2025-09-30,8,Not Harmattan,0.8660254037844387,-0.49999999999999983,0,4.386257492223971,4.848338323643955,8.084258930062768,29.732666666666667,67.414,4.758333333333333,train
1082,MOD-PM-00884,2025-09-30T09:00:00Z,2025-09-30,9,Not Harmattan,0.7071067811865476,-0.7071067811865475,0,5.135136611251138,5.539630990194993,8.637196131058483,31.72683333333333,62.3835,4.448333333333333,train
1083,MOD-PM-00884,2025-09-30T10:00:00Z,2025-09-30,10,Not Harmattan,0.49999999999999994,-0.8660254037844387,0,3.4452033155311916,3.96656646828258,7.4910563964538195,33.7185,55.087,4.8966666666666665,train
1084,MOD-PM-00884,2025-09-30T11:00:00Z,2025-09-30,11,Not Harmattan,0.258819045102521,-0.9659258262890682,0,4.017486933774803,4.48205882907169,7.85034705669499,35.7875,48.92933333333333,3.538333333333333,train
1085,MOD-PM-00884,2025-09-30T12:00:00Z,2025-09-30,12,Not Harmattan,1.2246467991473532e-16,-1,0,6.121603972729712,6.421903043405986,9.58001805977544,38.1665,43.654666666666664,4.068333333333333,train
1086,MOD-PM-00884,2025-09-30T13:00:00Z,2025-09-30,13,Not Harmattan,-0.2588190451025208,-0.9659258262890683,0,8.861358635001482,8.99629267726986,11.644995552285078,38.398833333333336,43.561166666666665,4.4,train
1087,MOD-PM-00884,2025-09-30T14:00:00Z,2025-09-30,14,Not Harmattan,-0.4999999999999998,-0.8660254037844388,0,12.157968541372195,12.05221248890225,14.472592344483456,37.74516666666667,44.88366666666667,4.858333333333333,train
1088,MOD-PM-00884,2025-09-30T15:00:00Z,2025-09-30,15,Not Harmattan,-0.7071067811865471,-0.7071067811865479,0,14.126886022567872,13.881295859624135,16.02027469970097,37.8635,44.12233333333333,5.248333333333333,train
1089,MOD-PM-00884,2025-09-30T16:00:00Z,2025-09-30,16,Not Harmattan,-0.8660254037844384,-0.5000000000000004,0,10.366319499935347,10.343146370350542,13.63648167430513,38.03,43.867666666666665,5.748333333333333,train
1090,MOD-PM-00884,2025-09-30T17:00:00Z,2025-09-30,17,Not Harmattan,-0.9659258262890683,-0.25881904510252063,0,8.234530394633639,8.295740379969525,11.33800753853992,33.4705,57.106,5.711666666666667,train
1091,MOD-PM-00884,2025-09-30T18:00:00Z,2025-09-30,18,Not Harmattan,-1,-1.8369701987210297e-16,0,24.26913676860832,23.32491583014077,24.312942075205772,29.657,71.4875,7.716666666666667,train
1092,MOD-PM-00884,2025-09-30T19:00:00Z,2025-09-30,19,Not Harmattan,-0.9659258262890684,0.2588190451025203,0,8.007790744147226,8.069381614638505,11.5010758145352,25.843333333333337,77.54616666666666,18.048333333333332,train
1093,MOD-PM-00884,2025-09-30T20:00:00Z,2025-09-30,20,Not Harmattan,-0.8660254037844386,0.5000000000000001,0,4.669911466346286,5.065251044968725,8.606807498948887,24.563333333333333,84.88383333333333,10.648333333333332,train
1094,MOD-PM-00884,2025-09-30T21:00:00Z,2025-09-30,21,Not Harmattan,-0.7071067811865477,0.7071067811865474,0,5.56746931472829,5.85367828623983,9.209286229670854,24.640333333333334,83.47183333333334,6.828333333333333,train
1095,MOD-PM-00884,2025-09-30T22:00:00Z,2025-09-30,22,Not Harmattan,-0.5000000000000004,0.8660254037844384,0,3.724627831902912,4.113162914978345,7.69886217505038,24.814666666666668,82.225,7.773333333333333,train
1096,MOD-PM-00884,2025-09-30T23:00:00Z,2025-09-30,23,Not Harmattan,-0.25881904510252157,0.9659258262890681,0,3.0425020471994095,3.4879540797133894,7.192258551457336,24.9435,82.01566666666666,5.705,train
1097,MOD-PM-00884,2025-10-01T00:00:00Z,2025-10-01,0,Not Harmattan,0,1,0,3.3693855243171895,3.782724520169099,7.504836368996496,24.924333333333333,83.21516666666666,4.946666666666666,train
1098,MOD-PM-00884,2025-10-01T01:00:00Z,2025-10-01,1,Not Harmattan,0.25881904510252074,0.9659258262890683,0,4.418966404840233,4.7023382666919655,8.247058559804348,24.589,85.92466666666667,5.796666666666667,train
1099,MOD-PM-00884,2025-10-01T02:00:00Z,2025-10-01,2,Not Harmattan,0.49999999999999994,0.8660254037844387,0,6.649412442334879,6.7351423275399025,10.185752150983404,24.454166666666666,87.1815,8.02,train
1100,MOD-PM-00884,2025-10-01T03:00:00Z,2025-10-01,3,Not Harmattan,0.7071067811865475,0.7071067811865476,0,5.151593028010067,5.3153114930201095,9.210898107193048,24.033833333333337,87.4175,10.281666666666666,train
1101,MOD-PM-00884,2025-10-01T04:00:00Z,2025-10-01,4,Not Harmattan,0.8660254037844386,0.5000000000000001,0,3.646432461227741,4.00004124744933,7.781383983098382,23.8135,87.5375,7.671666666666667,train
1102,MOD-PM-00884,2025-10-01T05:00:00Z,2025-10-01,5,Not Harmattan,0.9659258262890683,0.25881904510252074,0,2.772937279234258,3.244184581539894,6.918033937313905,23.747666666666667,86.22316666666667,6.833333333333333,train
1103,MOD-PM-00884,2025-10-01T06:00:00Z,2025-10-01,6,Not Harmattan,1,6.123233995736766e-17,0,4.36396893767935,4.786602365973783,8.021253482209955,24.216666666666665,84.31433333333334,5.361666666666666,train
1104,MOD-PM-00884,2025-10-01T07:00:00Z,2025-10-01,7,Not Harmattan,0.9659258262890683,-0.25881904510252063,0,4.330016107563343,4.758822146941148,8.0251725569698,26.5835,78.07466666666667,6.54,train
1105,MOD-PM-00884,2025-10-01T08:00:00Z,2025-10-01,8,Not Harmattan,0.8660254037844387,-0.49999999999999983,0,3.766643832719548,4.239193534703273,7.586283592029703,30.017833333333332,67.139,6.323333333333333,train
1106,MOD-PM-00884,2025-10-01T09:00:00Z,2025-10-01,9,Not Harmattan,0.7071067811865476,-0.7071067811865475,0,3.4335186478696467,3.927070076541582,7.483976777532812,32.583333333333336,59.17033333333333,4.391666666666667,train
1107,MOD-PM-00884,2025-10-01T10:00:00Z,2025-10-01,10,Not Harmattan,0.49999999999999994,-0.8660254037844387,0,4.748808463174413,5.1309308702993475,8.450265746646414,35.317166666666665,52.34916666666667,3.7666666666666666,train
1108,MOD-PM-00884,2025-10-01T11:00:00Z,2025-10-01,11,Not Harmattan,0.258819045102521,-0.9659258262890682,0,7.025687289962841,7.258483946892249,10.542624994941283,37.678,46.45816666666666,4.505,train
1109,MOD-PM-00884,2025-10-01T12:00:00Z,2025-10-01,12,Not Harmattan,1.2246467991473532e-16,-1,0,10.375312411695804,10.393050725039364,13.143089125305751,39.6515,42.2115,5.1033333333333335,train
1110,MOD-PM-00884,2025-10-01T13:00:00Z,2025-10-01,13,Not Harmattan,-0.2588190451025208,-0.9659258262890683,0,11.131593859450964,11.130881029983716,13.462398901908193,37.728,47.75266666666667,6.09,train
1111,MOD-PM-00884,2025-10-01T14:00:00Z,2025-10-01,14,Not Harmattan,-0.4999999999999998,-0.8660254037844388,0,8.158631035058999,8.335640777665985,11.10599199166884,36.907333333333334,49.603833333333334,5.823333333333333,train
1112,MOD-PM-00884,2025-10-01T15:00:00Z,2025-10-01,15,Not Harmattan,-0.7071067811865471,-0.7071067811865479,0,9.547230414488116,9.489635693492591,12.723163425332643,34.66883333333333,53.410833333333336,5.735,train
1113,MOD-PM-00884,2025-10-01T16:00:00Z,2025-10-01,16,Not Harmattan,-0.8660254037844384,-0.5000000000000004,0,7.0827239661396995,7.324952545754961,10.19749357254213,30.100833333333338,68.10066666666667,7.506666666666667,train
1114,MOD-PM-00884,2025-10-01T17:00:00Z,2025-10-01,17,Not Harmattan,-0.9659258262890683,-0.25881904510252063,0,6.018705485783544,6.296314906394182,9.51140264603656,28.618,69.82433333333333,6.97,train
1115,MOD-PM-00884,2025-10-01T18:00:00Z,2025-10-01,18,Not Harmattan,-1,-1.8369701987210297e-16,0,5.897902743677103,6.186559955160672,9.469272592368238,26.511166666666668,72.64316666666667,6.673333333333333,train
1116,MOD-PM-00884,2025-10-01T19:00:00Z,2025-10-01,19,Not Harmattan,-0.9659258262890684,0.2588190451025203,0,11.799577556814349,11.740756877319994,14.08957728524966,26.118166666666667,73.535,6.71,train
1117,MOD-PM-00884,2025-10-01T20:00:00Z,2025-10-01,20,Not Harmattan,-0.8660254037844386,0.5000000000000001,0,8.731118574204208,8.848632149207003,12.109527973721766,26.416666666666668,76.03316666666667,9.615,train
1118,MOD-PM-00884,2025-10-01T21:00:00Z,2025-10-01,21,Not Harmattan,-0.7071067811865477,0.7071067811865474,0,3.654617293212035,4.0682028236492105,7.705436106905601,25.716,71.63516666666666,8.403333333333334,train
1119,MOD-PM-00884,2025-10-01T22:00:00Z,2025-10-01,22,Not Harmattan,-0.5000000000000004,0.8660254037844384,0,4.992208451321353,5.3680631277759865,8.742173605371558,25.325666666666667,70.935,4.285,train
1120,MOD-PM-00884,2025-10-01T23:00:00Z,2025-10-01,23,Not Harmattan,-0.25881904510252157,0.9659258262890681,0,4.393863741853564,4.810650339513114,8.280797368724777,24.976666666666667,70.9505,5.766666666666667,train
1121,MOD-PM-00884,2025-10-02T00:00:00Z,2025-10-02,0,Not Harmattan,0,1,0,5.1228401808848005,5.471238553449134,9.120395925138103,24.60333333333333,74.69133333333333,4.973333333333334,train
1122,MOD-PM-00884,2025-10-02T01:00:00Z,2025-10-02,1,Not Harmattan,0.25881904510252074,0.9659258262890683,0,6.97994783173449,7.227183104533455,10.222525082298551,24.30516666666667,76.06366666666666,5.621666666666667,train
1123,MOD-PM-00884,2025-10-02T02:00:00Z,2025-10-02,2,Not Harmattan,0.49999999999999994,0.8660254037844387,0,6.482523576467372,6.771714485698516,9.792880709029864,24.175666666666668,76.91216666666666,7.0249999999999995,train
1124,MOD-PM-00884,2025-10-02T03:00:00Z,2025-10-02,3,Not Harmattan,0.7071067811865475,0.7071067811865476,0,3.875843475525083,4.335827911573722,7.7930305883322735,23.9815,77.12816666666667,6.441666666666666,train
1125,MOD-PM-00884,2025-10-02T04:00:00Z,2025-10-02,4,Not Harmattan,0.8660254037844386,0.5000000000000001,0,5.316809742484474,5.650597959294884,9.138695475831248,23.527166666666663,80.45183333333334,4.683333333333334,train
1126,MOD-PM-00884,2025-10-02T05:00:00Z,2025-10-02,5,Not Harmattan,0.9659258262890683,0.25881904510252074,0,10.336465479941454,10.405190142082018,12.878472565412263,23.471166666666665,81.6215,6.331666666666667,train
1127,MOD-PM-00884,2025-10-02T06:00:00Z,2025-10-02,6,Not Harmattan,1,6.123233995736766e-17,0,22.631468399967847,21.94914088314503,22.627218438686313,23.72383333333333,81.79366666666667,10.281666666666666,train
1128,MOD-PM-00884,2025-10-02T07:00:00Z,2025-10-02,7,Not Harmattan,0.9659258262890683,-0.25881904510252063,0,9.942123240431942,10.016728796717072,12.632503216069642,24.451166666666666,80.10116666666667,19.1,train
1129,MOD-PM-00884,2025-10-02T08:00:00Z,2025-10-02,8,Not Harmattan,0.8660254037844387,-0.49999999999999983,0,4.844528934384344,5.241070589109485,8.561911969139546,27.7755,69.85383333333333,9.993333333333334,train
1130,MOD-PM-00884,2025-10-02T09:00:00Z,2025-10-02,9,Not Harmattan,0.7071067811865476,-0.7071067811865475,0,6.388944274724215,6.689528131330498,9.638978011101962,29.227166666666665,65.548,4.871666666666667,train
1131,MOD-PM-00884,2025-10-02T10:00:00Z,2025-10-02,10,Not Harmattan,0.49999999999999994,-0.8660254037844387,0,7.9189016231408145,8.15135634683938,10.93382134848941,31.47533333333333,58.318666666666665,5.958333333333333,train
1132,MOD-PM-00884,2025-10-02T11:00:00Z,2025-10-02,11,Not Harmattan,0.258819045102521,-0.9659258262890682,0,6.453750337251945,6.770656374862787,9.762871342219606,33.367666666666665,53.960166666666666,5.845,train
1133,MOD-PM-00884,2025-10-02T12:00:00Z,2025-10-02,12,Not Harmattan,1.2246467991473532e-16,-1,0,6.748273295429414,7.048189227885503,9.971056386115508,35.24633333333333,49.05616666666667,4.678333333333334,train
1134,MOD-PM-00884,2025-10-02T13:00:00Z,2025-10-02,13,Not Harmattan,-0.2588190451025208,-0.9659258262890683,0,11.546853890291986,11.57765292336418,13.56937903628,37.6445,43.25183333333333,4.528333333333333,train
1135,MOD-PM-00884,2025-10-02T14:00:00Z,2025-10-02,14,Not Harmattan,-0.4999999999999998,-0.8660254037844388,0,6.596780457632528,6.911962267379899,9.802488763279802,35.126666666666665,49.7655,4.538333333333333,train
1136,MOD-PM-00884,2025-10-02T15:00:00Z,2025-10-02,15,Not Harmattan,-0.7071067811865471,-0.7071067811865479,0,6.215978565989099,6.548337669086375,9.529986645704206,35.716833333333334,49.63466666666667,4.415,train
1137,MOD-PM-00884,2025-10-02T16:00:00Z,2025-10-02,16,Not Harmattan,-0.8660254037844384,-0.5000000000000004,0,6.864997619503901,7.155520143386248,10.005932990933957,34.7445,52.32566666666667,4.236666666666666,train
1138,MOD-PM-00884,2025-10-02T17:00:00Z,2025-10-02,17,Not Harmattan,-0.9659258262890683,-0.25881904510252063,0,6.8463796411880375,7.123873010208487,9.985705508302503,31.861666666666668,61.75333333333333,4.713333333333333,train
1139,MOD-PM-00884,2025-10-02T18:00:00Z,2025-10-02,18,Not Harmattan,-1,-1.8369701987210297e-16,0,12.992983849234204,12.886671674037386,14.937503875527655,29.174333333333333,72.0245,5.198333333333333,train
1140,MOD-PM-00884,2025-10-02T19:00:00Z,2025-10-02,19,Not Harmattan,-0.9659258262890684,0.2588190451025203,0,32.98500159215361,31.64657278558519,30.613550071370256,27.123166666666663,77.43783333333333,10.575,train
1141,MOD-PM-00884,2025-10-02T20:00:00Z,2025-10-02,20,Not Harmattan,-0.8660254037844386,0.5000000000000001,0,70.30129061648051,66.63939960190228,60.190517745925675,26.494915254237288,80.85728813559322,22.776666666666667,train
1142,MOD-PM-00884,2025-10-02T21:00:00Z,2025-10-02,21,Not Harmattan,-0.7071067811865477,0.7071067811865474,0,63.516609957876454,60.256158329645366,54.68697247077703,26.058833333333332,83.048,48.85166666666666,train
1143,MOD-PM-00884,2025-10-02T22:00:00Z,2025-10-02,22,Not Harmattan,-0.5000000000000004,0.8660254037844384,0,16.156449579898684,15.85644249911417,17.470205939076756,25.7255,82.08283333333334,46.21,train
1144,MOD-PM-00884,2025-10-02T23:00:00Z,2025-10-02,23,Not Harmattan,-0.25881904510252157,0.9659258262890681,0,43.46052026767507,41.426825908894806,39.03205451265182,25.603166666666667,83.65783333333333,13.84,train
1145,MOD-PM-00884,2025-10-03T00:00:00Z,2025-10-03,0,Not Harmattan,0,1,0,36.20897065432211,34.6336581516103,33.2937547309209,25.384833333333333,84.505,34.38333333333333,train
1146,MOD-PM-00884,2025-10-03T01:00:00Z,2025-10-03,1,Not Harmattan,0.25881904510252074,0.9659258262890683,0,20.120916612038684,19.59428636065837,20.529675897967135,25.3205,82.71783333333333,31.10666666666667,train
1147,MOD-PM-00884,2025-10-03T02:00:00Z,2025-10-03,2,Not Harmattan,0.49999999999999994,0.8660254037844387,0,18.051486518445536,17.656019693388256,18.79723941874567,25.810166666666667,80.35066666666667,17.388333333333332,train
1148,MOD-PM-00884,2025-10-03T03:00:00Z,2025-10-03,3,Not Harmattan,0.7071067811865475,0.7071067811865476,0,11.583074735588136,11.555549004309478,13.753848481729973,25.492166666666662,81.04333333333334,14.381666666666666,train
1149,MOD-PM-00884,2025-10-03T04:00:00Z,2025-10-03,4,Not Harmattan,0.8660254037844386,0.5000000000000001,0,17.78432974526247,17.33175681818391,18.932874171422036,24.676166666666667,84.02533333333334,10.631666666666666,train
1150,MOD-PM-00884,2025-10-03T05:00:00Z,2025-10-03,5,Not Harmattan,0.9659258262890683,0.25881904510252074,0,15.416991606525327,15.134426141569282,17.041541334498028,24.480333333333338,83.84683333333334,16.495,train
1151,MOD-PM-00884,2025-10-03T06:00:00Z,2025-10-03,6,Not Harmattan,1,6.123233995736766e-17,0,21.660356282379578,21.01263584000814,21.785597134009844,24.896833333333333,83.70583333333333,14.578333333333331,train
1152,MOD-PM-00884,2025-10-03T07:00:00Z,2025-10-03,7,Not Harmattan,0.9659258262890683,-0.25881904510252063,0,16.191992993047155,15.930163966796345,17.328613560656592,27.789666666666665,75.05316666666667,18.221666666666668,train
1153,MOD-PM-00884,2025-10-03T08:00:00Z,2025-10-03,8,Not Harmattan,0.8660254037844387,-0.49999999999999983,0,12.996450504561365,12.898522515397568,15.145293851403409,30.476333333333333,67.67516666666667,12.526666666666667,train
1154,MOD-PM-00884,2025-10-03T09:00:00Z,2025-10-03,9,Not Harmattan,0.7071067811865476,-0.7071067811865475,0,10.12016657961684,10.199531872373656,12.681649677775749,32.177166666666665,61.73116666666667,9.383333333333333,train
1155,MOD-PM-00884,2025-10-03T10:00:00Z,2025-10-03,10,Not Harmattan,0.49999999999999994,-0.8660254037844387,0,9.647600282254473,9.751874035344292,12.252052712669476,33.9805,56.456833333333336,7.165,train
1156,MOD-PM-00884,2025-10-03T11:00:00Z,2025-10-03,11,Not Harmattan,0.258819045102521,-0.9659258262890682,0,9.771033603991524,9.83336780807438,12.55894155071854,34.086166666666664,56.590333333333334,6.77,train
1157,MOD-PM-00884,2025-10-03T12:00:00Z,2025-10-03,12,Not Harmattan,1.2246467991473532e-16,-1,0,9.485320028763072,9.574880950094812,12.309811657214755,33.44166666666667,57.374833333333335,7.376666666666667,train
1158,MOD-PM-00884,2025-10-03T13:00:00Z,2025-10-03,13,Not Harmattan,-0.2588190451025208,-0.9659258262890683,0,9.578022470629358,9.613819428849698,12.71034741875912,33.36933333333333,59.9535,6.593333333333334,train
1159,MOD-PM-00884,2025-10-03T14:00:00Z,2025-10-03,14,Not Harmattan,-0.4999999999999998,-0.8660254037844388,0,11.689888503844978,11.67455761576092,13.838329827157894,36.974,49.3755,7.13,train
1160,MOD-PM-00884,2025-10-03T15:00:00Z,2025-10-03,15,Not Harmattan,-0.7071067811865471,-0.7071067811865479,0,17.781400979407827,17.395136023796912,18.4971690074775,37.764,46.41,6.09,train
1161,MOD-PM-00884,2025-10-03T16:00:00Z,2025-10-03,16,Not Harmattan,-0.8660254037844384,-0.5000000000000004,0,10.32565767215678,10.371830793188256,12.723842942327291,35.605333333333334,51.802166666666665,6.4383333333333335,train
1162,MOD-PM-00884,2025-10-03T17:00:00Z,2025-10-03,17,Not Harmattan,-0.9659258262890683,-0.25881904510252063,0,11.22880295324256,11.211239738362746,13.641664966729438,34.6875,56.39683333333333,6.453333333333333,train
1163,MOD-PM-00884,2025-10-03T18:00:00Z,2025-10-03,18,Not Harmattan,-1,-1.8369701987210297e-16,0,11.478055471265352,11.447987228262756,13.66522682345092,29.082833333333333,72.31016666666666,7.503333333333333,train
1164,MOD-PM-00884,2025-10-03T19:00:00Z,2025-10-03,19,Not Harmattan,-0.9659258262890684,0.2588190451025203,0,75.68259212346202,71.74145125365125,64.56651746416088,27.328666666666667,80.46583333333334,8.913333333333334,train
1165,MOD-PM-00884,2025-10-03T20:00:00Z,2025-10-03,20,Not Harmattan,-0.8660254037844386,0.5000000000000001,0,61.9912408297458,58.8600676546036,53.549192375478654,27.043666666666667,81.73633333333333,44.13166666666667,train
1166,MOD-PM-00884,2025-10-03T21:00:00Z,2025-10-03,21,Not Harmattan,-0.7071067811865477,0.7071067811865474,0,35.66978339840779,34.11808883730586,32.784701685602954,26.827166666666667,80.9095,41.77,train
1167,MOD-PM-00884,2025-10-03T22:00:00Z,2025-10-03,22,Not Harmattan,-0.5000000000000004,0.8660254037844384,0,22.744032737649743,21.98219241797749,22.591172432528232,26.620166666666663,80.1345,26.076666666666668,train
1168,MOD-PM-00884,2025-10-03T23:00:00Z,2025-10-03,23,Not Harmattan,-0.25881904510252157,0.9659258262890681,0,16.18340792308989,15.870563469176464,17.423271858283467,26.521166666666662,79.10266666666666,17.55,train
1169,MOD-PM-00884,2025-10-04T00:00:00Z,2025-10-04,0,Not Harmattan,0,1,0,21.264912870001435,20.623751250308903,21.30277660522956,26.276333333333337,79.51733333333334,12.908333333333331,train
1170,MOD-PM-00884,2025-10-04T01:00:00Z,2025-10-04,1,Not Harmattan,0.25881904510252074,0.9659258262890683,0,13.418648339229115,13.26974627332952,15.09869162774704,25.872833333333332,79.71216666666666,17.405,train
1171,MOD-PM-00884,2025-10-04T02:00:00Z,2025-10-04,2,Not Harmattan,0.49999999999999994,0.8660254037844387,0,12.963211397600949,12.842596548134498,15.004096541003388,25.226,82.36133333333333,11.978333333333332,train
1172,MOD-PM-00884,2025-10-04T03:00:00Z,2025-10-04,3,Not Harmattan,0.7071067811865475,0.7071067811865476,0,10.911257325274716,10.900943926190044,13.488378574912964,25.4,81.53683333333333,12.593333333333334,train
1173,MOD-PM-00884,2025-10-04T04:00:00Z,2025-10-04,4,Not Harmattan,0.8660254037844386,0.5000000000000001,0,10.999167625953458,10.961756441676306,13.403043882561526,25.348166666666668,82.37316666666666,10.49,train
1174,MOD-PM-00884,2025-10-04T05:00:00Z,2025-10-04,5,Not Harmattan,0.9659258262890683,0.25881904510252074,0,11.420488600744338,11.32368806263266,13.701019986076108,24.8045,85.20083333333334,10.941666666666666,train
1175,MOD-PM-00884,2025-10-04T06:00:00Z,2025-10-04,6,Not Harmattan,1,6.123233995736766e-17,0,11.82959471352952,11.739506382695948,14.027456789761974,24.807166666666667,85.8415,12.276666666666667,train
1176,MOD-PM-00884,2025-10-04T07:00:00Z,2025-10-04,7,Not Harmattan,0.9659258262890683,-0.25881904510252063,0,14.094686912205605,13.919945762696548,15.87413113768873,27.295,78.35466666666666,12.886666666666668,train
1177,MOD-PM-00884,2025-10-04T08:00:00Z,2025-10-04,8,Not Harmattan,0.8660254037844387,-0.49999999999999983,0,14.65632585938582,14.420740002058418,16.417460284434505,30.141666666666666,70.45083333333334,12.223333333333333,train
1178,MOD-PM-00884,2025-10-04T09:00:00Z,2025-10-04,9,Not Harmattan,0.7071067811865476,-0.7071067811865475,0,13.603441460256894,13.434599941536344,15.6482312437695,33.07683333333333,61.58316666666666,11.353333333333332,train
1179,MOD-PM-00884,2025-10-04T10:00:00Z,2025-10-04,10,Not Harmattan,0.49999999999999994,-0.8660254037844387,0,13.881324472863996,13.685795453938786,15.694359385801697,35.199,55.18483333333333,9.48,train
1180,MOD-PM-00884,2025-10-04T11:00:00Z,2025-10-04,11,Not Harmattan,0.258819045102521,-0.9659258262890682,0,13.941603491376258,13.742125427157315,15.809766655846616,35.9745,53.13616666666667,8.928333333333333,train
1181,MOD-PM-00884,2025-10-04T12:00:00Z,2025-10-04,12,Not Harmattan,1.2246467991473532e-16,-1,0,15.709047121793466,15.404417550090065,17.00620645077621,36.93866666666667,50.15416666666667,8.898333333333333,train
1182,MOD-PM-00884,2025-10-04T13:00:00Z,2025-10-04,13,Not Harmattan,-0.2588190451025208,-0.9659258262890683,0,17.186617190589633,16.625669838311474,19.572599915083327,34.8595,58.63966666666667,8.87,train
1183,MOD-PM-00884,2025-10-04T14:00:00Z,2025-10-04,14,Not Harmattan,-0.4999999999999998,-0.8660254037844388,0,12.124668258141302,11.933756293757252,16.13980647987621,27.578333333333333,79.0055,11.823333333333334,train
1184,MOD-PM-00884,2025-10-04T15:00:00Z,2025-10-04,15,Not Harmattan,-0.7071067811865471,-0.7071067811865479,0,14.071236008521876,13.89541682968643,15.984908210537542,33.6395,61.1335,10.921666666666669,train
1185,MOD-PM-00884,2025-10-04T16:00:00Z,2025-10-04,16,Not Harmattan,-0.8660254037844384,-0.5000000000000004,0,15.30208217847506,15.04002341664328,16.67142581050487,34.96,56.07233333333333,9.328333333333331,train
1186,MOD-PM-00884,2025-10-04T17:00:00Z,2025-10-04,17,Not Harmattan,-0.9659258262890683,-0.25881904510252063,0,14.99738356730787,14.75598799157553,16.51131264330028,32.876333333333335,61.020833333333336,9.485,train
1187,MOD-PM-00884,2025-10-04T18:00:00Z,2025-10-04,18,Not Harmattan,-1,-1.8369701987210297e-16,0,12.619890167671166,12.508829913787409,14.621907738314585,28.737333333333332,73.79916666666666,9.96,train
1188,MOD-PM-00884,2025-10-04T19:00:00Z,2025-10-04,19,Not Harmattan,-0.9659258262890684,0.2588190451025203,0,13.152674307275316,13.005006942229729,14.999671779177758,27.231666666666666,78.01966666666667,10.175,train
1189,MOD-PM-00884,2025-10-04T20:00:00Z,2025-10-04,20,Not Harmattan,-0.8660254037844386,0.5000000000000001,0,13.987098244522691,13.794761631640204,16.216497083946866,26.8515,78.44733333333333,10.75,train
1190,MOD-PM-00884,2025-10-04T21:00:00Z,2025-10-04,21,Not Harmattan,-0.7071067811865477,0.7071067811865474,0,13.665290669711458,13.476116363054649,15.437249118290971,26.464666666666663,79.61166666666666,11.191666666666666,train
1191,MOD-PM-00884,2025-10-04T22:00:00Z,2025-10-04,22,Not Harmattan,-0.5000000000000004,0.8660254037844384,0,13.474889723889744,13.274805966962196,15.274370474945364,26.217166666666667,80.75533333333333,11.801666666666666,train
1192,MOD-PM-00884,2025-10-04T23:00:00Z,2025-10-04,23,Not Harmattan,-0.25881904510252157,0.9659258262890681,0,13.511697446628116,13.300546917838696,15.371414983413915,25.9375,82.43333333333334,12.233333333333334,train
1193,MOD-PM-00884,2025-10-05T00:00:00Z,2025-10-05,0,Not Harmattan,0,1,0,11.627468315865942,11.4938707617758,14.17608137894073,25.620166666666663,84.74616666666667,13.098333333333333,train
1194,MOD-PM-00884,2025-10-05T01:00:00Z,2025-10-05,1,Not Harmattan,0.25881904510252074,0.9659258262890683,0,10.228183481193108,10.210920992641883,12.88665837478968,25.22683333333333,84.82883333333334,12.92,train
1195,MOD-PM-00884,2025-10-05T02:00:00Z,2025-10-05,2,Not Harmattan,0.49999999999999994,0.8660254037844387,0,10.420276970498085,10.385720902704575,12.933718877349415,25.174666666666667,84.74583333333334,10.795,train
1196,MOD-PM-00884,2025-10-05T03:00:00Z,2025-10-05,3,Not Harmattan,0.7071067811865475,0.7071067811865476,0,10.54658557694766,10.456364229773715,13.266919245540176,25.058333333333337,85.74483333333333,10.833333333333334,train
1197,MOD-PM-00884,2025-10-05T04:00:00Z,2025-10-05,4,Not Harmattan,0.8660254037844386,0.5000000000000001,0,10.49576848826953,10.387991031406688,13.057944065603984,24.598166666666668,86.565,11.736666666666666,train
1198,MOD-PM-00884,2025-10-05T05:00:00Z,2025-10-05,5,Not Harmattan,0.9659258262890683,0.25881904510252074,0,10.71068072646328,10.538281246838094,13.33441266610184,24.567666666666668,87.43233333333333,12.018333333333333,train
1199,MOD-PM-00884,2025-10-05T06:00:00Z,2025-10-05,6,Not Harmattan,1,6.123233995736766e-17,0,9.858128221063874,9.804221664144707,12.617443223141692,25.0585,85.82966666666667,12.676666666666666,train
1200,MOD-PM-00884,2025-10-05T07:00:00Z,2025-10-05,7,Not Harmattan,0.9659258262890683,-0.25881904510252063,0,9.314658626216008,9.33534389526424,12.123703014284589,25.6685,82.92016666666666,11.3,train
1201,MOD-PM-00884,2025-10-05T08:00:00Z,2025-10-05,8,Not Harmattan,0.8660254037844387,-0.49999999999999983,0,9.895139864703845,9.930579336309773,12.474665640661092,26.565833333333337,78.7155,9.906666666666666,train
1202,MOD-PM-00884,2025-10-05T09:00:00Z,2025-10-05,9,Not Harmattan,0.7071067811865476,-0.7071067811865475,0,10.915743585109864,10.89788502395584,13.303423530601624,28.117333333333335,73.283,9.79,train
1203,MOD-PM-00884,2025-10-05T10:00:00Z,2025-10-05,10,Not Harmattan,0.49999999999999994,-0.8660254037844387,0,12.156357566249577,12.06528908982798,14.332386090431116,29.854666666666667,67.71816666666666,9.966666666666669,train
1204,MOD-PM-00884,2025-10-05T11:00:00Z,2025-10-05,11,Not Harmattan,0.258819045102521,-0.9659258262890682,0,11.426606227792268,11.410568581435555,13.633257919260744,31.261166666666668,63.655,10.03,train
1205,MOD-PM-00884,2025-10-05T12:00:00Z,2025-10-05,12,Not Harmattan,1.2246467991473532e-16,-1,0,12.511424640111382,12.437224667776697,14.648314084781113,34.407,55.13883333333333,8.406666666666666,train
1206,MOD-PM-00884,2025-10-05T13:00:00Z,2025-10-05,13,Not Harmattan,-0.2588190451025208,-0.9659258262890683,0,13.497096710073729,13.339850925791378,15.313861474239111,35.7575,50.79333333333334,8.158333333333333,train
1207,MOD-PM-00884,2025-10-05T14:00:00Z,2025-10-05,14,Not Harmattan,-0.4999999999999998,-0.8660254037844388,0,21.139134457896013,20.53167636922151,21.440260276240213,36.68833333333333,48.722833333333334,8.453333333333333,train
1208,MOD-PM-00884,2025-10-05T15:00:00Z,2025-10-05,15,Not Harmattan,-0.7071067811865471,-0.7071067811865479,0,27.557463267321033,26.571315304435196,26.147685368924133,37.45283333333333,46.3485,9.605,train
1209,MOD-PM-00884,2025-10-05T16:00:00Z,2025-10-05,16,Not Harmattan,-0.8660254037844384,-0.5000000000000004,0,19.817196821199165,19.28399054848567,20.278460045316983,36.670833333333334,48.68333333333333,9.475,train
1210,MOD-PM-00884,2025-10-05T17:00:00Z,2025-10-05,17,Not Harmattan,-0.9659258262890683,-0.25881904510252063,0,12.438094683896871,12.3249110121586,14.396797980435649,33.23433333333333,58.79216666666667,9.078333333333331,train
1211,MOD-PM-00884,2025-10-05T18:00:00Z,2025-10-05,18,Not Harmattan,-1,-1.8369701987210297e-16,0,13.163889956863184,13.016569207907438,15.09263918567841,28.536666666666665,74.11233333333334,9.131666666666666,train
1212,MOD-PM-00884,2025-10-05T19:00:00Z,2025-10-05,19,Not Harmattan,-0.9659258262890684,0.2588190451025203,0,13.811991366320798,13.65355193101725,15.494549783932882,27.127833333333335,77.364,11.085,train
1213,MOD-PM-00884,2025-10-05T20:00:00Z,2025-10-05,20,Not Harmattan,-0.8660254037844386,0.5000000000000001,0,7.927751790270153,7.997160740505185,12.018788750854736,27.179666666666662,74.8875,11.938333333333333,train
1214,MOD-PM-00884,2025-10-05T21:00:00Z,2025-10-05,21,Not Harmattan,-0.7071067811865477,0.7071067811865474,0,2.4558198851597712,2.299871794236189,11.128969147720506,23.227666666666668,87.65716666666667,9.0216666666666665,train
1215,MOD-PM-00884,2025-10-06T03:00:00Z,2025-10-06,3,Not Harmattan,0.7071067811865475,0.7071067811865476,0,2.0562368784791993,2.4599705452328795,6.126080584130133,22.860333333333333,86.67916666666667,2.9816666666666665,test
1216,MOD-PM-00884,2025-10-06T04:00:00Z,2025-10-06,4,Not Harmattan,0.8660254037844386,0.5000000000000001,0,1.8663234889949407,2.3922514517461217,6.009409096420748,23.257,85.854,3.231666666666667,test
1217,MOD-PM-00884,2025-10-06T05:00:00Z,2025-10-06,5,Not Harmattan,0.9659258262890683,0.25881904510252074,0,2.3872005017721656,2.9724809573031115,6.464322020257948,23.36466666666667,85.62383333333334,3.0700000000000003,test
1218,MOD-PM-00884,2025-10-06T06:00:00Z,2025-10-06,6,Not Harmattan,1,6.123233995736766e-17,0,5.1776337271440855,5.58370611609788,8.678251599712008,23.519166666666667,85.55316666666667,3.4716666666666667,test
1219,MOD-PM-00884,2025-10-06T07:00:00Z,2025-10-06,7,Not Harmattan,0.9659258262890683,-0.25881904510252063,0,5.13324014686628,5.474528316229315,8.722609837013952,24.315,83.792,6.166666666666667,test
1220,MOD-PM-00884,2025-10-06T08:00:00Z,2025-10-06,8,Not Harmattan,0.8660254037844387,-0.49999999999999983,0,6.5477578728884565,6.796455040875782,9.8507976807832,26.661,77.793,6.325,test
1221,MOD-PM-00884,2025-10-06T09:00:00Z,2025-10-06,9,Not Harmattan,0.7071067811865476,-0.7071067811865475,0,5.490081332571987,5.840653903770929,8.936215214146248,28.647333333333332,71.9585,6.945,test
1222,MOD-PM-00884,2025-10-06T10:00:00Z,2025-10-06,10,Not Harmattan,0.49999999999999994,-0.8660254037844387,0,6.052128121555397,6.3735185206448515,9.352869750912552,30.7445,65.755,5.403333333333333,test
1223,MOD-PM-00884,2025-10-06T11:00:00Z,2025-10-06,11,Not Harmattan,0.258819045102521,-0.9659258262890682,0,6.3712643325557,6.6770809002265405,9.591380216034825,32.4575,61.30166666666667,5.355,test
1224,MOD-PM-00884,2025-10-06T12:00:00Z,2025-10-06,12,Not Harmattan,1.2246467991473532e-16,-1,0,6.555404906698367,6.845031947425231,9.75033978462059,32.04116666666667,62.68216666666667,5.355,test
1225,MOD-PM-00884,2025-10-06T13:00:00Z,2025-10-06,13,Not Harmattan,-0.2588190451025208,-0.9659258262890683,0,6.806696633737137,7.09082147537603,9.993401433334938,30.691,68.88166666666666,5.683333333333334,test
1226,MOD-PM-00884,2025-10-06T14:00:00Z,2025-10-06,14,Not Harmattan,-0.4999999999999998,-0.8660254037844388,0,10.039026452871138,10.016190122109792,13.28539262616218,27.361,81.34383333333334,5.93,test
1227,MOD-PM-00884,2025-10-06T15:00:00Z,2025-10-06,15,Not Harmattan,-0.7071067811865471,-0.7071067811865479,0,5.348804931945143,5.701252610758132,9.34395701637807,24.300833333333333,83.66116666666667,8.26,test
1228,MOD-PM-00884,2025-10-06T16:00:00Z,2025-10-06,16,Not Harmattan,-0.8660254037844384,-0.5000000000000004,0,15.052850052542428,14.895119947284687,16.344293687103548,24.086833333333335,85.33966666666667,6.346666666666666,test
1229,MOD-PM-00884,2025-10-06T17:00:00Z,2025-10-06,17,Not Harmattan,-0.9659258262890683,-0.25881904510252063,0,40.51347578987617,38.895824789827245,36.12184125177243,24.436833333333333,84.1005,12.831666666666663,test
1230,MOD-PM-00884,2025-10-06T18:00:00Z,2025-10-06,18,Not Harmattan,-1,-1.8369701987210297e-16,0,72.40068913314963,68.89957717104603,60.99750457560757,24.161833333333337,85.77016666666667,29.503333333333337,test
1231,MOD-PM-00884,2025-10-06T19:00:00Z,2025-10-06,19,Not Harmattan,-0.9659258262890684,0.2588190451025203,0,48.97800810220237,46.77511446242095,43.09450735836692,24.035,85.378,49.568333333333335,test
1232,MOD-PM-00884,2025-10-06T20:00:00Z,2025-10-06,20,Not Harmattan,-0.8660254037844386,0.5000000000000001,0,25.491030810981368,24.66671580012014,24.674113259222835,24.065333333333335,84.626,37.84166666666667,test
1233,MOD-PM-00884,2025-10-06T21:00:00Z,2025-10-06,21,Not Harmattan,-0.7071067811865477,0.7071067811865474,0,11.796192469847826,11.760553169137571,13.870598983043385,23.988666666666667,85.806,22.245,test
1234,MOD-PM-00884,2025-10-06T22:00:00Z,2025-10-06,22,Not Harmattan,-0.5000000000000004,0.8660254037844384,0,9.567010741943086,9.66647487171142,12.223734236985443,24.231333333333332,84.4215,12.23,test
1235,MOD-PM-00884,2025-10-06T23:00:00Z,2025-10-06,23,Not Harmattan,-0.25881904510252157,0.9659258262890681,0,8.80605950554134,8.88930208205672,11.666751539463435,24.134333333333338,85.18183333333333,10.125,test
1236,MOD-PM-00884,2025-10-07T00:00:00Z,2025-10-07,0,Not Harmattan,0,1,0,5.810359500621237,6.134616332315717,9.275088759106296,24.286666666666665,85.24666666666667,9.906666666666666,train
1237,MOD-PM-00884,2025-10-07T01:00:00Z,2025-10-07,1,Not Harmattan,0.25881904510252074,0.9659258262890683,0,10.709069751340657,10.709348911407483,13.03503012043554,24.544333333333334,85.46683333333333,6.738333333333333,train
1238,MOD-PM-00884,2025-10-07T02:00:00Z,2025-10-07,2,Not Harmattan,0.49999999999999994,0.8660254037844387,0,14.87207417327612,14.640884771026874,16.300946823933177,24.3615,85.55066666666667,10.493333333333334,train
1239,MOD-PM-00884,2025-10-07T03:00:00Z,2025-10-07,3,Not Harmattan,0.7071067811865475,0.7071067811865476,0,8.959958609977077,9.082782457964765,11.690013144489608,24.533,83.02316666666667,15.058333333333334,train
1240,MOD-PM-00884,2025-10-07T04:00:00Z,2025-10-07,4,Not Harmattan,0.8660254037844386,0.5000000000000001,0,9.124318856664772,9.241018123853566,11.836709801730054,24.234,82.91716666666666,9.408333333333331,train
1241,MOD-PM-00884,2025-10-07T05:00:00Z,2025-10-07,5,Not Harmattan,0.9659258262890683,0.25881904510252074,0,12.262396435080346,12.191550570098885,14.268732731025263,24.396166666666662,83.451,9.485,train
1242,MOD-PM-00884,2025-10-07T06:00:00Z,2025-10-07,6,Not Harmattan,1,6.123233995736766e-17,0,8.244277813730006,8.383178811758535,11.189651595614864,24.26,84.75516666666667,11.861666666666666,train
1243,MOD-PM-00884,2025-10-07T07:00:00Z,2025-10-07,7,Not Harmattan,0.9659258262890683,-0.25881904510252063,0,7.282648018066024,7.464834798238544,10.363722392698572,24.909333333333333,83.64616666666667,9.778333333333332,train
1244,MOD-PM-00884,2025-10-07T08:00:00Z,2025-10-07,8,Not Harmattan,0.8660254037844387,-0.49999999999999983,0,7.092695698227825,7.249653531008606,10.390824058880558,26.179166666666667,80.198,8.653333333333334,train
1245,MOD-PM-00884,2025-10-07T09:00:00Z,2025-10-07,9,Not Harmattan,0.7071067811865476,-0.7071067811865475,0,7.345292519036819,7.539037225391506,10.539527661663344,26.961333333333332,77.37216666666667,8.101666666666667,train
1246,MOD-PM-00884,2025-10-07T10:00:00Z,2025-10-07,10,Not Harmattan,0.49999999999999994,-0.8660254037844387,0,8.663627030264669,8.8107369825349,11.550249019307286,29.89096153846154,68.695,7.383333333333334,train
1247,MOD-PM-00884,2025-10-07T11:00:00Z,2025-10-07,11,Not Harmattan,0.258819045102521,-0.9659258262890682,0,10.395969599027644,10.455844793545266,12.7637606150828,34.01583333333333,56.10016666666667,7.381666666666667,train
1248,MOD-PM-00884,2025-10-07T12:00:00Z,2025-10-07,12,Not Harmattan,1.2246467991473532e-16,-1,0,8.510027532692048,8.706979965870925,11.517384222406807,35.086166666666664,53.23866666666667,7.641666666666667,train
1249,MOD-PM-00884,2025-10-07T13:00:00Z,2025-10-07,13,Not Harmattan,-0.2588190451025208,-0.9659258262890683,0,8.953555493666912,9.116757434981134,11.723736150689232,33.052166666666665,57.032666666666664,6.348333333333334,train
1250,MOD-PM-00884,2025-10-07T14:00:00Z,2025-10-07,14,Not Harmattan,-0.4999999999999998,-0.8660254037844388,0,5.069188591674462,5.394034939198464,9.339911519851778,27.080333333333332,68.14633333333333,6.136666666666667,train
1251,MOD-PM-00884,2025-10-07T15:00:00Z,2025-10-07,15,Not Harmattan,-0.7071067811865471,-0.7071067811865479,0,5.004708802589289,5.383877075175451,8.84255248793014,26.4175,71.44,4.76,train
1252,MOD-PM-00884,2025-10-07T16:00:00Z,2025-10-07,16,Not Harmattan,-0.8660254037844384,-0.5000000000000004,0,6.48407164717628,6.705688369548929,9.835342619835108,26.800166666666662,75.11416666666666,4.488333333333333,train
1253,MOD-PM-00884,2025-10-07T17:00:00Z,2025-10-07,17,Not Harmattan,-0.9659258262890683,-0.25881904510252063,0,20.430652069475336,19.88999948167682,20.842553967201603,26.122833333333332,78.62283333333333,6.291666666666667,train
1254,MOD-PM-00884,2025-10-07T18:00:00Z,2025-10-07,18,Not Harmattan,-1,-1.8369701987210297e-16,0,40.58421595064039,38.88887973506909,36.873971748525534,25.051333333333332,83.05283333333334,16.573333333333334,train
1255,MOD-PM-00884,2025-10-07T19:00:00Z,2025-10-07,19,Not Harmattan,-0.9659258262890684,0.2588190451025203,0,40.652855726118155,38.91746796601264,36.46466547693394,24.703166666666668,83.82266666666666,29.825,train
1256,MOD-PM-00884,2025-10-07T20:00:00Z,2025-10-07,20,Not Harmattan,-0.8660254037844386,0.5000000000000001,0,17.142876157196937,16.762762525864495,18.39185222191391,24.31,83.89283333333333,30.493333333333332,train
1257,MOD-PM-00884,2025-10-07T21:00:00Z,2025-10-07,21,Not Harmattan,-0.7071067811865477,0.7071067811865474,0,7.284320169459125,7.51650908377986,10.501443104521313,23.660666666666668,85.2755,15.946666666666667,train
1258,MOD-PM-00884,2025-10-07T22:00:00Z,2025-10-07,22,Not Harmattan,-0.5000000000000004,0.8660254037844384,0,8.04366043073825,8.245624403113558,10.9468269877126,23.316,84.4875,8.553333333333333,train
1259,MOD-PM-00884,2025-10-07T23:00:00Z,2025-10-07,23,Not Harmattan,-0.25881904510252157,0.9659258262890681,0,5.792781518903521,6.132326965234772,9.194336855788546,23.216333333333335,81.92633333333333,9.108333333333333,train
1260,MOD-PM-00884,2025-10-08T00:00:00Z,2025-10-08,0,Not Harmattan,0,1,0,6.7591014953042485,7.0424754293725575,9.977045617300911,23.6315,76.6865,6.953333333333333,train
1261,MOD-PM-00884,2025-10-08T01:00:00Z,2025-10-08,1,Not Harmattan,0.25881904510252074,0.9659258262890683,0,6.202784883655732,6.520384304644256,9.41574877699892,24.403166666666667,72.41666666666667,8.151666666666667,train
1262,MOD-PM-00884,2025-10-08T02:00:00Z,2025-10-08,2,Not Harmattan,0.49999999999999994,0.8660254037844387,0,5.5480356528060355,5.802542675305796,11.096020474840367,24.3315,76.1075,7.261666666666667,train
1263,MOD-PM-00884,2025-10-08T03:00:00Z,2025-10-08,3,Not Harmattan,0.7071067811865475,0.7071067811865476,0,2.2260214211493925,2.7399659107460237,7.007287704425188,22.466833333333337,86.59233333333333,7.813333333333333,train
1264,MOD-PM-00884,2025-10-08T04:00:00Z,2025-10-08,4,Not Harmattan,0.8660254037844386,0.5000000000000001,0,3.3927140754599594,3.881436641953347,7.311142420079535,22.519166666666667,86.21983333333333,4.9366666666666665,train
1265,MOD-PM-00884,2025-10-08T05:00:00Z,2025-10-08,5,Not Harmattan,0.9659258262890683,0.25881904510252074,0,5.423807039552754,5.798348708720537,8.82949944054453,22.7615,84.887,6.3566666666666665,train
1266,MOD-PM-00884,2025-10-08T06:00:00Z,2025-10-08,6,Not Harmattan,1,6.123233995736766e-17,0,11.818929650375964,11.827714349638216,13.89115832281176,23.19483333333333,82.95683333333334,7.976666666666667,train
1267,MOD-PM-00884,2025-10-08T07:00:00Z,2025-10-08,7,Not Harmattan,0.9659258262890683,-0.25881904510252063,0,13.286426026633206,13.164396910848415,15.072980600995969,23.994666666666667,80.08066666666667,13.048333333333334,train
1268,MOD-PM-00884,2025-10-08T08:00:00Z,2025-10-08,8,Not Harmattan,0.8660254037844387,-0.49999999999999983,0,8.756710647354712,8.890167809104137,11.677876654910737,24.901333333333337,79.011,13.26,train
1269,MOD-PM-00884,2025-10-08T09:00:00Z,2025-10-08,9,Not Harmattan,0.7071067811865476,-0.7071067811865475,0,7.061026782209711,7.361736326080723,10.165524668351951,28.325,70.1725,9.783333333333331,train
1270,MOD-PM-00884,2025-10-08T11:00:00Z,2025-10-08,11,Not Harmattan,0.258819045102521,-0.9659258262890682,0,6.889060285892423,7.161387848929844,10.281105768325736,27.693666666666665,73.3335,7.23,train
1271,MOD-PM-00884,2025-10-08T12:00:00Z,2025-10-08,12,Not Harmattan,1.2246467991473532e-16,-1,0,6.436580197337424,6.791414585621938,9.591459229638854,27.8295,73.432,7.673333333333334,train
1272,MOD-PM-00884,2025-10-08T13:00:00Z,2025-10-08,13,Not Harmattan,-0.2588190451025208,-0.9659258262890683,0,6.757490520181626,7.085588636333871,9.829479810416146,30.722833333333337,64.63783333333333,6.88,train
1273,MOD-PM-00884,2025-10-08T14:00:00Z,2025-10-08,14,Not Harmattan,-0.4999999999999998,-0.8660254037844388,0,6.92474644367201,7.197863815194302,10.069617955781418,31.997333333333337,61.17916666666667,6.423333333333334,train
1274,MOD-PM-00884,2025-10-08T15:00:00Z,2025-10-08,15,Not Harmattan,-0.7071067811865471,-0.7071067811865479,0,6.664217099790867,6.929623099147183,10.078862547452824,28.568833333333338,73.59466666666667,6.613333333333333,train
1275,MOD-PM-00884,2025-10-08T16:00:00Z,2025-10-08,16,Not Harmattan,-0.8660254037844384,-0.5000000000000004,0,6.761691290754538,7.081029140550815,9.891094618838046,28.738,73.6945,6.95,train
1276,MOD-PM-00884,2025-10-08T17:00:00Z,2025-10-08,17,Not Harmattan,-0.9659258262890683,-0.25881904510252063,0,9.92150683728042,10.042719846518382,12.45715622600824,27.62,77.1305,6.265,train
1277,MOD-PM-00884,2025-10-08T18:00:00Z,2025-10-08,18,Not Harmattan,-1,-1.8369701987210297e-16,0,27.14224056437386,26.26983327836104,25.869450881336903,26.079830508474576,82.9442372881356,8.721666666666666,train
1278,MOD-PM-00884,2025-10-08T19:00:00Z,2025-10-08,19,Not Harmattan,-0.9659258262890684,0.2588190451025203,0,17.295408991591973,16.9889289074072,18.25215616999045,25.540166666666668,83.9935,20.33,train
1279,MOD-PM-00884,2025-10-08T20:00:00Z,2025-10-08,20,Not Harmattan,-0.8660254037844386,0.5000000000000001,0,12.1858466751564,12.145507054277664,14.128686524077628,25.332631578947368,85.5840350877193,14.715,train
1280,MOD-PM-00884,2025-10-08T21:00:00Z,2025-10-08,21,Not Harmattan,-0.7071067811865477,0.7071067811865474,0,6.697048364948087,6.978353912727285,10.015683269671149,25.198833333333333,85.82816666666666,11.948333333333334,train
1281,MOD-PM-00884,2025-10-08T22:00:00Z,2025-10-08,22,Not Harmattan,-0.5000000000000004,0.8660254037844384,0,5.823328869962847,6.150487994851675,9.271469936041765,24.959833333333332,85.87016666666666,7.96,train
1282,MOD-PM-00884,2025-10-08T23:00:00Z,2025-10-08,23,Not Harmattan,-0.25881904510252157,0.9659258262890681,0,4.557204384033271,4.9250225016661755,8.41407751600108,24.656166666666667,86.36583333333333,7.472881355932204,train
1283,MOD-PM-00884,2025-10-09T00:00:00Z,2025-10-09,0,Not Harmattan,0,1,0,4.896406411750783,5.156017716295578,8.83003673305193,24.2675,87.4825,6.386666666666667,train
1284,MOD-PM-00884,2025-10-09T01:00:00Z,2025-10-09,1,Not Harmattan,0.25881904510252074,0.9659258262890683,0,6.2488506153266385,6.460668376751388,9.812807939966005,24.013166666666667,87.60133333333333,7.166666666666667,train
1285,MOD-PM-00884,2025-10-09T02:00:00Z,2025-10-09,2,Not Harmattan,0.49999999999999994,0.8660254037844387,0,4.943410179569039,5.2125977884389165,8.75767607448207,23.932666666666663,87.54816666666667,8.113333333333333,train
1286,MOD-PM-00884,2025-10-09T03:00:00Z,2025-10-09,3,Not Harmattan,0.7071067811865475,0.7071067811865476,0,5.634253410001517,5.778206126083993,9.602410515157288,23.959333333333333,88.0915,6.735,train
1287,MOD-PM-00884,2025-10-09T04:00:00Z,2025-10-09,4,Not Harmattan,0.8660254037844386,0.5000000000000001,0,7.02052809115242,7.198075437361449,10.320628373061096,24.102333333333338,86.39766666666667,7.923333333333333,train
1288,MOD-PM-00884,2025-10-09T05:00:00Z,2025-10-09,5,Not Harmattan,0.9659258262890683,0.25881904510252074,0,10.121145399944508,10.120058129420874,12.824047994957011,23.97,85.25016666666667,8.758333333333333,train
1289,MOD-PM-00884,2025-10-09T06:00:00Z,2025-10-09,6,Not Harmattan,1,6.123233995736766e-17,0,17.948934697032083,17.566849807504415,18.8304409351587,23.93016666666667,84.5875,10.821666666666667,train
1290,MOD-PM-00884,2025-10-09T07:00:00Z,2025-10-09,7,Not Harmattan,0.9659258262890683,-0.25881904510252063,0,14.483788384544058,14.343478672671251,16.16317870394802,26.505166666666668,76.0345,15.991666666666667,train
1291,MOD-PM-00884,2025-10-09T08:00:00Z,2025-10-09,8,Not Harmattan,0.8660254037844387,-0.49999999999999983,0,9.163818335304237,9.33297757466797,11.944784609321072,29.631833333333333,65.06016666666666,10.948333333333334,train
1292,MOD-PM-00884,2025-10-09T09:00:00Z,2025-10-09,9,Not Harmattan,0.7071067811865476,-0.7071067811865475,0,8.792457981404777,8.985340069183394,11.55115463676885,32.373,57.112833333333334,6.5633333333333335,train
1293,MOD-PM-00884,2025-10-09T10:00:00Z,2025-10-09,10,Not Harmattan,0.49999999999999994,-0.8660254037844387,0,8.107263359946554,8.355744883544865,10.908031308134309,33.111333333333334,54.58016666666666,5.696666666666666,train
1294,MOD-PM-00884,2025-10-09T11:00:00Z,2025-10-09,11,Not Harmattan,0.258819045102521,-0.9659258262890682,0,7.271452760568314,7.574916801912188,10.399910623343905,33.16266666666667,54.704,5.071666666666666,train
1295,MOD-PM-00884,2025-10-09T12:00:00Z,2025-10-09,12,Not Harmattan,1.2246467991473532e-16,-1,0,9.006620634491275,9.206833514847172,11.699204333863118,36.804833333333335,46.179,4.361666666666666,train
1296,MOD-PM-00884,2025-10-09T13:00:00Z,2025-10-09,13,Not Harmattan,-0.2588190451025208,-0.9659258262890683,0,10.186812461834538,10.331791451644683,13.197166035903276,37.06216666666667,44.62316666666667,4.031666666666666,train
1297,MOD-PM-00884,2025-10-09T14:00:00Z,2025-10-09,14,Not Harmattan,-0.4999999999999998,-0.8660254037844388,0,8.382658537554164,8.60882575707279,11.240631172934446,33.94316666666666,53.642833333333336,3.7683333333333335,train
1298,MOD-PM-00884,2025-10-09T15:00:00Z,2025-10-09,15,Not Harmattan,-0.7071067811865471,-0.7071067811865479,0,10.171432294278484,10.28977910747206,12.779041846102029,34.210499999999996,53.369166666666665,4.511666666666667,train
1299,MOD-PM-00884,2025-10-09T16:00:00Z,2025-10-09,16,Not Harmattan,-0.8660254037844384,-0.5000000000000004,0,12.855989787540912,12.798521422231612,15.203542680293667,33.56966666666667,53.38783333333333,5.376666666666667,train
1300,MOD-PM-00884,2025-10-09T17:00:00Z,2025-10-09,17,Not Harmattan,-0.9659258262890683,-0.25881904510252063,0,24.197642100508187,23.415393925785153,24.38089377467081,31.398999999999997,59.38066666666666,6.53,train
1301,MOD-PM-00884,2025-10-09T18:00:00Z,2025-10-09,18,Not Harmattan,-1,-1.8369701987210297e-16,0,32.09364293918017,30.889677247218856,30.478800271059008,27.315666666666665,72.87766666666667,12.38,train
1302,MOD-PM-00884,2025-10-09T19:00:00Z,2025-10-09,19,Not Harmattan,-0.9659258262890684,0.2588190451025203,0,42.986771229083445,41.13888509292427,38.75639185091506,26.075,78.07733333333333,18.658333333333335,train
1303,MOD-PM-00884,2025-10-09T20:00:00Z,2025-10-09,20,Not Harmattan,-0.8660254037844386,0.5000000000000001,0,16.632115474965335,16.36616334625384,17.913314230472007,25.6235,78.55333333333333,27.878333333333337,train
1304,MOD-PM-00884,2025-10-09T21:00:00Z,2025-10-09,21,Not Harmattan,-0.7071067811865477,0.7071067811865474,0,9.453630720654798,9.61568555159635,12.213889141923415,25.3885,79.35266666666666,12.836666666666668,train
1305,MOD-PM-00884,2025-10-09T22:00:00Z,2025-10-09,22,Not Harmattan,-0.5000000000000004,0.8660254037844384,0,10.619711612260572,10.692996289400735,13.194985260432071,25.103833333333338,79.66,8.408333333333333,train
1306,MOD-PM-00884,2025-10-09T23:00:00Z,2025-10-09,23,Not Harmattan,-0.25881904510252157,0.9659258262890681,0,17.11606055863685,16.80464447658059,18.43466179257689,24.634166666666665,81.68616666666667,9.105,train
1307,MOD-PM-00884,2025-10-10T00:00:00Z,2025-10-10,0,Not Harmattan,0,1,0,8.987630676323876,9.1514057552566,11.7399339395152,24.317333333333337,81.65033333333334,14.401666666666667,train
1308,MOD-PM-00884,2025-10-10T01:00:00Z,2025-10-10,1,Not Harmattan,0.25881904510252074,0.9659258262890683,0,4.463890179462193,4.9089776937207334,8.232124988642846,24.115166666666667,79.25483333333334,8.558333333333334,train
1309,MOD-PM-00884,2025-10-10T02:00:00Z,2025-10-10,2,Not Harmattan,0.49999999999999994,0.8660254037844387,0,3.7381560827663582,4.24479190294323,7.728207827586791,24.581333333333333,76.699,4.485,train
1310,MOD-PM-00884,2025-10-10T03:00:00Z,2025-10-10,3,Not Harmattan,0.7071067811865475,0.7071067811865476,0,5.621508353651665,5.957353909762596,9.0971027146703225,24.393833333333333,81.51766666666667,3.4766666666666666,train
1311,MOD-PM-00884,2025-10-10T04:00:00Z,2025-10-10,4,Not Harmattan,0.8660254037844386,0.5000000000000001,0,5.542631748913698,5.786209291677882,9.115465476246689,23.653833333333335,86.94083333333333,6.398333333333333,train
1312,MOD-PM-00884,2025-10-10T05:00:00Z,2025-10-10,5,Not Harmattan,0.9659258262890683,0.25881904510252074,0,4.858130458520907,5.0800645966689535,8.804151876371993,23.511833333333332,87.965,7.758333333333334,train
1313,MOD-PM-00884,2025-10-10T06:00:00Z,2025-10-10,6,Not Harmattan,1,6.123233995736766e-17,0,4.297327587037242,4.605838558473336,8.173765540706945,23.755666666666663,87.2025,7.423333333333334,train
1314,MOD-PM-00884,2025-10-10T07:00:00Z,2025-10-10,7,Not Harmattan,0.9659258262890683,-0.25881904510252063,0,4.953341127476843,5.327373956547438,8.715324782722467,26.673,78.4815,6.49,train
1315,MOD-PM-00884,2025-10-10T08:00:00Z,2025-10-10,8,Not Harmattan,0.8660254037844387,-0.49999999999999983,0,4.582531360011698,5.015192783249253,8.630385158391173,30.141833333333334,68.8755,6.171666666666667,train
1316,MOD-PM-00884,2025-10-10T09:00:00Z,2025-10-10,9,Not Harmattan,0.7071067811865476,-0.7071067811865475,0,6.196810001238921,6.523539398772616,9.706850696962968,31.447166666666668,65.058,5.081666666666667,train
1317,MOD-PM-00884,2025-10-10T10:00:00Z,2025-10-10,10,Not Harmattan,0.49999999999999994,-0.8660254037844387,0,6.066259840036113,6.412264615611422,9.482167612545789,32.17333333333333,61.953,5.558333333333334,train
1318,MOD-PM-00884,2025-10-10T11:00:00Z,2025-10-10,11,Not Harmattan,0.258819045102521,-0.9659258262890682,0,5.282401489021566,5.661140590894528,8.7412904088643,34.264074074074074,55.76222222222222,5.128333333333333,train
1319,MOD-PM-00884,2025-10-10T12:00:00Z,2025-10-10,12,Not Harmattan,1.2246467991473532e-16,-1,0,6.033171427165692,6.3335382347651095,9.400964126392807,35.608474576271185,51.2935593220339,4.486666666666666,train
1320,MOD-PM-00884,2025-10-10T13:00:00Z,2025-10-10,13,Not Harmattan,-0.2588190451025208,-0.9659258262890683,0,7.1874743313752925,7.386712306843009,10.458101866048178,36.428666666666665,48.028666666666666,4.645,train
1321,MOD-PM-00884,2025-10-10T14:00:00Z,2025-10-10,14,Not Harmattan,-0.4999999999999998,-0.8660254037844388,0,8.98296088767729,9.060985374748716,11.787405312815888,37.0415,46.451,5.193333333333333,train
1322,MOD-PM-00884,2025-10-10T15:00:00Z,2025-10-10,15,Not Harmattan,-0.7071067811865471,-0.7071067811865479,0,8.232022167543988,8.267075195510643,11.435194271495726,38.5875,42.67183333333333,5.74,train
1323,MOD-PM-00884,2025-10-10T16:00:00Z,2025-10-10,16,Not Harmattan,-0.8660254037844384,-0.5000000000000004,0,13.314723680830667,13.056588622693278,15.447513655061169,37.370333333333335,44.8705,6.621666666666667,train
1324,MOD-PM-00884,2025-10-10T17:00:00Z,2025-10-10,17,Not Harmattan,-0.9659258262890683,-0.25881904510252063,0,7.944248991209402,8.043659902140837,11.029238176714964,34.31183333333333,54.2475,7.398333333333333,train
1325,MOD-PM-00884,2025-10-10T18:00:00Z,2025-10-10,18,Not Harmattan,-1,-1.8369701987210297e-16,0,8.476584504830036,8.536585644560638,11.616246043768031,28.81533333333333,70.18466666666667,7.373333333333333,train
1326,MOD-PM-00884,2025-10-10T19:00:00Z,2025-10-10,19,Not Harmattan,-0.9659258262890684,0.2588190451025203,0,45.6425758752206,43.42471231216363,41.11526398560011,27.115166666666667,76.25933333333333,8.555,train
1327,MOD-PM-00884,2025-10-10T20:00:00Z,2025-10-10,20,Not Harmattan,-0.8660254037844386,0.5000000000000001,0,73.62048279023622,69.6998360152985,62.99139707056137,26.854166666666668,77.053,28.391666666666673,train
1328,MOD-PM-00884,2025-10-10T21:00:00Z,2025-10-10,21,Not Harmattan,-0.7071067811865477,0.7071067811865474,0,54.0808023912407,51.347692343083594,47.28982948061736,26.7505,77.2845,46.13666666666667,train
1329,MOD-PM-00884,2025-10-10T22:00:00Z,2025-10-10,22,Not Harmattan,-0.5000000000000004,0.8660254037844384,0,23.190048533624097,22.356917560856772,23.11806674963595,26.974166666666665,75.49433333333333,38.06666666666666,train
1330,MOD-PM-00884,2025-10-10T23:00:00Z,2025-10-10,23,Not Harmattan,-0.25881904510252157,0.9659258262890681,0,19.68291490749712,19.072291427824226,20.529849727896,27.083333333333332,75.17733333333334,18.048333333333332,train
1331,MOD-PM-00884,2025-10-11T00:00:00Z,2025-10-11,0,Not Harmattan,0,1,0,8.17396588685914,7.204751154815966,40.71156767989459,25.615,80.9595,16.168333333333333,train
1332,MOD-PM-00884,2025-10-11T02:00:00Z,2025-10-11,2,Not Harmattan,0.49999999999999994,0.8660254037844387,0,2.4963327469915795,2.9954708200067124,7.016532296096594,23.0015,88.542,3.265,train
1333,MOD-PM-00884,2025-10-11T04:00:00Z,2025-10-11,4,Not Harmattan,0.8660254037844386,0.5000000000000001,0,4.018363793651672,2.0299543015919697,19.684372559342908,22.7865,88.48533333333333,2.3966666666666665,train
1334,MOD-PM-00884,2025-10-11T05:00:00Z,2025-10-11,5,Not Harmattan,0.9659258262890683,0.25881904510252074,0,3.9011908435936697,2.162064249027641,15.432539907490838,22.764166666666668,88.54816666666666,3.0316666666666667,train
1335,MOD-PM-00884,2025-10-11T06:00:00Z,2025-10-11,6,Not Harmattan,1,6.123233995736766e-17,0,4.62639474594535,5.0134613291544206,8.37496578200667,22.932,87.74016666666667,3.13,train
1336,MOD-PM-00884,2025-10-11T07:00:00Z,2025-10-11,7,Not Harmattan,0.9659258262890683,-0.25881904510252063,0,8.683013633517325,8.817831504697827,11.435778972165542,24.498833333333337,84.10966666666667,6.78,train
1337,MOD-PM-00884,2025-10-11T08:00:00Z,2025-10-11,8,Not Harmattan,0.8660254037844387,-0.49999999999999983,0,10.173084053581428,10.244511202081622,12.620082277516266,27.77,74.2205,9.036666666666669,train
1338,MOD-PM-00884,2025-10-11T09:00:00Z,2025-10-11,9,Not Harmattan,0.7071067811865476,-0.7071067811865475,0,8.887362769008318,9.02797231667392,11.77408361917658,30.08566666666667,67.84316666666666,9.246666666666666,train
1339,MOD-PM-00884,2025-10-11T10:00:00Z,2025-10-11,10,Not Harmattan,0.49999999999999994,-0.8660254037844387,0,6.752086616289289,7.043495063450626,10.00376801818356,28.756833333333333,72.40833333333333,8.045,train
1340,MOD-PM-00884,2025-10-11T11:00:00Z,2025-10-11,11,Not Harmattan,0.258819045102521,-0.9659258262890682,0,8.677528161264348,8.870333040528896,11.354031497437024,31.137833333333333,63.86216666666667,6.723333333333334,train
1341,MOD-PM-00884,2025-10-11T12:00:00Z,2025-10-11,12,Not Harmattan,1.2246467991473532e-16,-1,0,7.521663706828616,7.783768642506574,10.64820297264498,34.5025,52.103833333333334,6.946666666666666,train
1342,MOD-PM-00884,2025-10-11T13:00:00Z,2025-10-11,13,Not Harmattan,-0.2588190451025208,-0.9659258262890683,0,7.186438136692258,7.488190190139943,10.160293967765226,35.4475,50.43566666666667,6.001666666666667,train
1343,MOD-PM-00884,2025-10-11T14:00:00Z,2025-10-11,14,Not Harmattan,-0.4999999999999998,-0.8660254037844388,0,6.0101558336670875,6.385516181211905,9.409894284801435,38.714166666666664,39.627833333333335,5.585,train
1344,MOD-PM-00884,2025-10-11T15:00:00Z,2025-10-11,15,Not Harmattan,-0.7071067811865471,-0.7071067811865479,0,5.541673320676189,5.946176411661515,8.965529261241048,38.631,38.2435,4.528333333333333,train
1345,MOD-PM-00884,2025-10-11T16:00:00Z,2025-10-11,16,Not Harmattan,-0.8660254037844384,-0.5000000000000004,0,5.541449007684432,5.939596886101154,8.935725329801267,38.20283333333333,39.093666666666664,4.341666666666667,train
1346,MOD-PM-00884,2025-10-11T17:00:00Z,2025-10-11,17,Not Harmattan,-0.9659258262890683,-0.25881904510252063,0,16.413491876362507,16.129011850398367,17.84333978274383,34.623333333333335,48.87616666666666,4.028333333333333,train
1347,MOD-PM-00884,2025-10-11T18:00:00Z,2025-10-11,18,Not Harmattan,-1,-1.8369701987210297e-16,0,41.52280268442384,39.73327142036092,37.54558738277297,28.136,67.93666666666667,8.718333333333334,train
1348,MOD-PM-00884,2025-10-11T19:00:00Z,2025-10-11,19,Not Harmattan,-0.9659258262890684,0.2588190451025203,0,26.354717397608,25.48432766207858,25.68600888058204,26.724333333333337,73.505,22.196666666666665,train
1349,MOD-PM-00884,2025-10-11T20:00:00Z,2025-10-11,20,Not Harmattan,-0.8660254037844386,0.5000000000000001,0,18.15885087313669,17.79544022477988,18.858032485685666,26.261166666666668,75.758,16.548333333333332,train
1350,MOD-PM-00884,2025-10-11T21:00:00Z,2025-10-11,21,Not Harmattan,-0.7071067811865477,0.7071067811865474,0,12.13710743313876,12.106093691329518,14.19071469840692,25.472833333333337,79.6435,13.435,train
1351,MOD-PM-00884,2025-10-11T22:00:00Z,2025-10-11,22,Not Harmattan,-0.5000000000000004,0.8660254037844384,0,11.894951362491565,11.8464140538624,13.979858994694837,25.003666666666668,81.353,11,train
1352,MOD-PM-00884,2025-10-11T23:00:00Z,2025-10-11,23,Not Harmattan,-0.25881904510252157,0.9659258262890681,0,12.532204179984182,12.455481889287755,14.606989969873888,24.717833333333335,82.3595,11.538333333333334,train
1353,MOD-PM-00884,2025-10-12T00:00:00Z,2025-10-12,0,Not Harmattan,0,1,0,9.940287952317563,9.99133413665954,12.581081162567497,24.393,83.6105,12.23,train
1354,MOD-PM-00884,2025-10-12T01:00:00Z,2025-10-12,1,Not Harmattan,0.25881904510252074,0.9659258262890683,0,12.121874541789415,12.055400563108606,14.273220703734118,24.257166666666667,84.88550000000001,10.705,train
1355,MOD-PM-00884,2025-10-12T02:00:00Z,2025-10-12,2,Not Harmattan,0.49999999999999994,0.8660254037844387,0,14.816628080131723,14.567875123361464,16.374350462076222,24.545666666666666,84.79966666666667,12.921666666666669,train
1356,MOD-PM-00884,2025-10-12T03:00:00Z,2025-10-12,3,Not Harmattan,0.7071067811865475,0.7071067811865476,0,15.6992997026971,15.38060043709671,17.000786117539814,24.737166666666667,84.44616666666667,15.156666666666666,train
1357,MOD-PM-00884,2025-10-12T04:00:00Z,2025-10-12,4,Not Harmattan,0.8660254037844386,0.5000000000000001,0,16.4571309493044,16.050865555584956,17.749787675573362,24.330333333333332,84.86583333333333,15.635,train
1358,MOD-PM-00884,2025-10-12T05:00:00Z,2025-10-12,5,Not Harmattan,0.9659258262890683,0.25881904510252074,0,23.7702442828497,22.928432080803105,23.458488961234973,24.6075,84.87333333333333,16.206666666666667,train
1359,MOD-PM-00884,2025-10-12T06:00:00Z,2025-10-12,6,Not Harmattan,1,6.123233995736766e-17,0,20.803704966858056,20.171052958025697,20.984256964667413,24.470833333333335,85.44266666666667,21.641666666666666,train
1360,MOD-PM-00884,2025-10-12T07:00:00Z,2025-10-12,7,Not Harmattan,0.9659258262890683,-0.25881904510252063,0,12.159824221576736,12.1179445326897,14.189987773249854,25.7685,80.58866666666667,20.165,train
1361,MOD-PM-00884,2025-10-12T08:00:00Z,2025-10-12,8,Not Harmattan,0.8660254037844387,-0.49999999999999983,0,9.925544471132053,10.023558421202244,12.497484769504698,28.650666666666663,71.43783333333333,12.546666666666669,train
1362,MOD-PM-00884,2025-10-12T09:00:00Z,2025-10-12,9,Not Harmattan,0.7071067811865476,-0.7071067811865475,0,4.886006445769303,5.176852880570054,9.61015384835214,26.590833333333332,73.0155,8.225,train
1363,MOD-PM-00884,2025-10-12T10:00:00Z,2025-10-12,10,Not Harmattan,0.49999999999999994,-0.8660254037844387,0,4.352834856452119,4.534214074083792,8.74874753722678,23.119666666666667,85.42766666666667,5.915,train
1364,MOD-PM-00884,2025-10-12T11:00:00Z,2025-10-12,11,Not Harmattan,0.258819045102521,-0.9659258262890682,0,42.77571309592988,5.068194516929939,124.77565806766243,24.253333333333337,83.4965,5.966666666666667,train
1365,MOD-PM-00884,2025-10-12T12:00:00Z,2025-10-12,12,Not Harmattan,1.2246467991473532e-16,-1,0,6.869137213806334,7.179933646123377,10.29550204697984,26.944333333333333,75.04,5.73,train
1366,MOD-PM-00884,2025-10-12T18:00:00Z,2025-10-12,18,Not Harmattan,-1,-1.8369701987210297e-16,0,14.603184072429476,14.44753906377065,16.036614713014192,26.417,82.38516666666666,10.833333333333334,train
1367,MOD-PM-00884,2025-10-12T19:00:00Z,2025-10-12,19,Not Harmattan,-0.9659258262890684,0.2588190451025203,0,12.5685836688292,12.508945344060397,14.519806359188166,25.1565,86.45383333333334,12.878333333333334,train
1368,MOD-PM-00884,2025-10-12T20:00:00Z,2025-10-12,20,Not Harmattan,-0.8660254037844386,0.5000000000000001,0,11.04655884348475,11.063623657588913,13.356820924204497,24.962,86.4485,13.138333333333334,train
1369,MOD-PM-00884,2025-10-12T21:00:00Z,2025-10-12,21,Not Harmattan,-0.7071067811865477,0.7071067811865474,0,11.179821152678803,11.149927025026868,13.584158865717052,25.047833333333333,86.04916666666666,12.346666666666668,train
1370,MOD-PM-00884,2025-10-12T22:00:00Z,2025-10-12,22,Not Harmattan,-0.5000000000000004,0.8660254037844384,0,7.627111205044755,7.775169087168909,11.013846326650093,25.117833333333333,78.76266666666666,13.136666666666668,train
1371,MOD-PM-00884,2025-10-12T23:00:00Z,2025-10-12,23,Not Harmattan,-0.25881904510252157,0.9659258262890681,0,6.5871349989869605,6.822792381496058,10.13379280497386,24.54083333333333,79.05283333333334,10.063333333333333,train
1372,MOD-PM-00884,2025-10-13T00:00:00Z,2025-10-13,0,Not Harmattan,0,1,0,6.4402099893858615,6.682756221981823,9.760990818443714,23.805833333333332,80.52333333333333,9.166666666666666,train
1373,MOD-PM-00884,2025-10-13T01:00:00Z,2025-10-13,1,Not Harmattan,0.25881904510252074,0.9659258262890683,0,5.918967772812139,6.209338195697128,9.467139225059451,23.111833333333333,82.50966666666666,9.681666666666668,train
1374,MOD-PM-00884,2025-10-13T02:00:00Z,2025-10-13,2,Not Harmattan,0.49999999999999994,0.8660254037844387,0,5.896944315439594,6.154681961436935,9.411671675031016,22.730166666666666,86.0225,8.941666666666666,train
1375,MOD-PM-00884,2025-10-13T03:00:00Z,2025-10-13,3,Not Harmattan,0.7071067811865475,0.7071067811865476,0,5.648344344301914,5.863816911884013,9.33006642478975,22.714333333333332,86.58666666666667,9.365,train
1376,MOD-PM-00884,2025-10-13T04:00:00Z,2025-10-13,4,Not Harmattan,0.8660254037844386,0.5000000000000001,0,5.8825271076966414,6.091156834535437,9.875718571493982,22.418666666666667,85.03833333333334,9.061666666666667,train
1377,MOD-PM-00884,2025-10-13T08:00:00Z,2025-10-13,8,Not Harmattan,0.8660254037844387,-0.49999999999999983,0,6.723721218877058,6.994668057976368,10.047051670470704,29.093166666666665,64.19,7.743333333333333,train
1378,MOD-PM-00884,2025-10-13T09:00:00Z,2025-10-13,9,Not Harmattan,0.7071067811865476,-0.7071067811865475,0,7.383282983004459,7.625917744194402,10.564401144211708,32.769333333333336,56.35066666666667,7.08,train
1379,MOD-PM-00884,2025-10-13T10:00:00Z,2025-10-13,10,Not Harmattan,0.49999999999999994,-0.8660254037844387,0,9.298569267079955,9.412143503559449,12.075488913106026,35.393166666666666,50.39533333333333,6.78,train
1380,MOD-PM-00884,2025-10-13T11:00:00Z,2025-10-13,11,Not Harmattan,0.258819045102521,-0.9659258262890682,0,11.599551544437224,11.559742970894735,13.779749141130711,36.00083333333333,49.788833333333336,7.256666666666667,train
1381,MOD-PM-00884,2025-10-13T12:00:00Z,2025-10-13,12,Not Harmattan,1.2246467991473532e-16,-1,0,10.92139219408412,10.908581562586136,13.36040814182742,37.334666666666664,47.791,8.383333333333333,train
1382,MOD-PM-00884,2025-10-13T13:00:00Z,2025-10-13,13,Not Harmattan,-0.2588190451025208,-0.9659258262890683,0,11.053247449057151,10.998520983623235,13.44955128989306,38.23266666666667,46.624833333333335,7.903333333333333,train
1383,MOD-PM-00884,2025-10-13T14:00:00Z,2025-10-13,14,Not Harmattan,-0.4999999999999998,-0.8660254037844388,0,11.295260775073228,11.196291518010698,13.558763893382096,39.25633333333333,43.8895,8.086666666666666,train
1384,MOD-PM-00884,2025-10-13T15:00:00Z,2025-10-13,15,Not Harmattan,-0.7071067811865471,-0.7071067811865479,0,14.256885597336366,13.95111193640352,16.051232229759577,38.5875,45.004,8.718333333333334,train
1385,MOD-PM-00884,2025-10-13T16:00:00Z,2025-10-13,16,Not Harmattan,-0.8660254037844384,-0.5000000000000004,0,13.423481264596978,13.142041914646253,15.536031926048166,34.116,55.023833333333336,8.823333333333334,train
1386,MOD-PM-00884,2025-10-13T17:00:00Z,2025-10-13,17,Not Harmattan,-0.9659258262890683,-0.25881904510252063,0,24.46920356516576,23.55456435825197,24.340343993083067,28.9295,69.27883333333334,11.898333333333332,train
1387,MOD-PM-00884,2025-10-13T18:00:00Z,2025-10-13,18,Not Harmattan,-1,-1.8369701987210297e-16,0,14.91885362810262,14.670300252260184,16.407141107748302,27.078,75.10116666666667,21.088333333333335,train
1388,MOD-PM-00884,2025-10-13T19:00:00Z,2025-10-13,19,Not Harmattan,-0.9659258262890684,0.2588190451025203,0,8.203819906853035,8.30447460395901,11.638796526357938,25.404833333333332,82.62866666666666,17.265,train
1389,MOD-PM-00884,2025-10-13T20:00:00Z,2025-10-13,20,Not Harmattan,-0.8660254037844386,0.5000000000000001,0,10.055462477539908,10.089565298973,12.736437710809534,24.911,83.0905,14.385,train
1390,MOD-PM-00884,2025-10-13T21:00:00Z,2025-10-13,21,Not Harmattan,-0.7071067811865477,0.7071067811865474,0,11.118030972958914,11.089704824006857,13.368725363304168,24.53017543859649,84.10947368421053,16.19,train
1391,MOD-PM-00884,2025-10-13T22:00:00Z,2025-10-13,22,Not Harmattan,-0.5000000000000004,0.8660254037844384,0,10.3706018388689,10.390684404443093,12.830606124091426,24.507833333333338,84.4755,17.39666666666667,train
1392,MOD-PM-00884,2025-10-13T23:00:00Z,2025-10-13,23,Not Harmattan,-0.25881904510252157,0.9659258262890681,0,7.899957371382394,8.027364995270586,10.933568504956517,24.099666666666668,86.0925,16.62456140350877,train
1393,MOD-PM-00884,2025-10-14T00:00:00Z,2025-10-14,0,Not Harmattan,0,1,0,8.2967058775307585,8.415364619543576,11.311506375748555,23.741333333333333,87.644,14.903333333333334,train
1394,MOD-PM-00884,2025-10-14T01:00:00Z,2025-10-14,1,Not Harmattan,0.25881904510252074,0.9659258262890683,0,7.849670477048416,7.922804406321573,10.906387825170505,23.7395,87.65583333333333,15.245,train
1395,MOD-PM-00884,2025-10-14T02:00:00Z,2025-10-14,2,Not Harmattan,0.49999999999999994,0.8660254037844387,0,12.596928674151272,12.373276296540904,14.70849084560968,23.818666666666665,88.21766666666667,14.923333333333334,train
1396,MOD-PM-00884,2025-10-14T03:00:00Z,2025-10-14,3,Not Harmattan,0.7071067811865475,0.7071067811865476,0,10.1804455981291,10.141489683439126,12.82635519219466,23.871833333333335,87.22733333333333,18.711666666666662,train
1397,MOD-PM-00884,2025-10-14T04:00:00Z,2025-10-14,4,Not Harmattan,0.8660254037844386,0.5000000000000001,0,16.074371417005636,15.696436902372874,17.342361927757658,24.037666666666667,86.95516666666667,16.706666666666667,train
1398,MOD-PM-00884,2025-10-14T05:00:00Z,2025-10-14,5,Not Harmattan,0.9659258262890683,0.25881904510252074,0,16.558092187685393,16.193672041650924,17.651700187531624,24.235666666666667,86.03033333333333,21.963333333333335,train
1399,MOD-PM-00884,2025-10-14T06:00:00Z,2025-10-14,6,Not Harmattan,1,6.123233995736766e-17,0,31.361424157813538,30.107059996354856,29.431648779582016,24.501833333333337,85.67983333333333,20.573333333333338,train
1400,MOD-PM-00884,2025-10-14T07:00:00Z,2025-10-14,7,Not Harmattan,0.9659258262890683,-0.25881904510252063,0,16.764256219200604,16.349137380987994,18.200576089280244,26.785333333333337,78.15866666666666,30.16166666666667,train
1401,MOD-PM-00884,2025-10-14T08:00:00Z,2025-10-14,8,Not Harmattan,0.8660254037844387,-0.49999999999999983,0,4.45214886710576,4.636270925444881,8.697465450680344,24.350892857142856,78.78535714285714,16.981666666666666,train
1402,MOD-PM-00884,2025-10-14T09:00:00Z,2025-10-14,9,Not Harmattan,0.7071067811865476,-0.7071067811865475,0,6.653817133809388,6.847802273976962,10.439464833520878,23.469,83.07116666666667,5.471666666666667,train
1403,MOD-PM-00884,2025-10-14T10:00:00Z,2025-10-14,10,Not Harmattan,0.49999999999999994,-0.8660254037844387,0,8.071536417986648,8.232080584416208,11.296161933846104,23.765,83.97633333333333,9.683333333333334,train
1404,MOD-PM-00884,2025-10-14T11:00:00Z,2025-10-14,11,Not Harmattan,0.258819045102521,-0.9659258262890682,0,4.400287250253889,4.799896085746326,8.370493612018624,24.983833333333333,81.3605,10.726666666666668,train
1405,MOD-PM-00884,2025-10-14T12:00:00Z,2025-10-14,12,Not Harmattan,1.2246467991473532e-16,-1,0,3.119296930597846,3.5998060142395283,7.237122475825065,28.072333333333333,67.58983333333333,7.481666666666667,train
1406,MOD-PM-00884,2025-10-14T13:00:00Z,2025-10-14,13,Not Harmattan,-0.2588190451025208,-0.9659258262890683,0,3.0166136934922534,3.51822032481058,7.192342832634967,30.813703703703705,57.73518518518519,6.115,train
1407,MOD-PM-00884,2025-10-14T14:00:00Z,2025-10-14,14,Not Harmattan,-0.4999999999999998,-0.8660254037844388,0,3.5525880623125077,4.031938479551899,7.438449138891237,34.03066666666667,51.597166666666666,5.158333333333333,train
1408,MOD-PM-00884,2025-10-14T15:00:00Z,2025-10-14,15,Not Harmattan,-0.7071067811865471,-0.7071067811865479,0,4.0436907696301,4.4892347443758265,7.864158634679279,34.88433333333333,50.85633333333333,4.705,train
1409,MOD-PM-00884,2025-10-14T16:00:00Z,2025-10-14,16,Not Harmattan,-0.8660254037844384,-0.5000000000000004,0,4.211497279554796,4.670537226483554,8.082204576358011,31.542,59.35766666666667,4.56,train
1410,MOD-PM-00884,2025-10-14T17:00:00Z,2025-10-14,17,Not Harmattan,-0.9659258262890683,-0.25881904510252063,0,5.598995486115285,5.965914988342599,9.07082278997024,28.345,72.98966666666666,4.748333333333333,train
1411,MOD-PM-00884,2025-10-14T18:00:00Z,2025-10-14,18,Not Harmattan,-1,-1.8369701987210297e-16,0,41.75433447609779,40.00270491589559,37.53242371634172,26.282833333333333,80.354,6.65,train
1412,MOD-PM-00884,2025-10-14T19:00:00Z,2025-10-14,19,Not Harmattan,-0.9659258262890684,0.2588190451025203,0,37.71273280759958,35.60700469020944,33.98531339882529,25.601666666666667,80.35866666666666,27.9,train
1413,MOD-PM-00884,2025-10-14T20:00:00Z,2025-10-14,20,Not Harmattan,-0.8660254037844386,0.5000000000000001,0,4.281809206425661,4.69425814758275,8.348875489956258,23.608833333333333,82.79033333333334,25.021666666666665,train
1414,MOD-PM-00884,2025-10-14T21:00:00Z,2025-10-14,21,Not Harmattan,-0.7071067811865477,0.7071067811865474,0,3.3305589846529995,3.805598952599711,7.371208561862465,23.786666666666665,82.1335,3.946666666666667,train
1415,MOD-PM-00884,2025-10-14T22:00:00Z,2025-10-14,22,Not Harmattan,-0.5000000000000004,0.8660254037844384,0,3.0957236743731595,3.582587665185367,7.23358266636456,23.958333333333332,80.8585,4.861666666666666,train
1416,MOD-PM-00884,2025-10-14T23:00:00Z,2025-10-14,23,Not Harmattan,-0.25881904510252157,0.9659258262890681,0,3.3938152483285866,3.7916511279468983,7.652101924185952,24.145333333333333,80.94033333333333,4.473333333333334,train
1417,MOD-PM-00884,2025-10-15T00:00:00Z,2025-10-15,0,Not Harmattan,0,1,0,2.4533320501602796,2.842852760736699,6.973438276459118,23.414666666666665,84.55716666666666,5.44,train
1418,MOD-PM-00884,2025-10-15T01:00:00Z,2025-10-15,1,Not Harmattan,0.25881904510252074,0.9659258262890683,0,3.38918624386232,3.7650829267806456,7.533976586162432,23.567,84.99666666666667,4.8116666666666665,train
1419,MOD-PM-00884,2025-10-15T02:00:00Z,2025-10-15,2,Not Harmattan,0.49999999999999994,0.8660254037844387,0,5.916418761542168,6.221881618695243,9.411892913122298,23.175,85.29333333333334,5.411666666666667,train
1420,MOD-PM-00884,2025-10-15T03:00:00Z,2025-10-15,3,Not Harmattan,0.7071067811865475,0.7071067811865476,0,5.906141148101648,6.215359808271376,9.333195363509304,23.075666666666667,84.87216666666667,7.71,train
1421,MOD-PM-00884,2025-10-15T04:00:00Z,2025-10-15,4,Not Harmattan,0.8660254037844386,0.5000000000000001,0,12.42610413488293,12.396169967350348,14.379288565782796,23.122833333333332,84.531,7.498333333333333,train
1422,MOD-PM-00884,2025-10-15T05:00:00Z,2025-10-15,5,Not Harmattan,0.9659258262890683,0.25881904510252074,0,18.250085084511475,17.885168023649836,18.88715690013079,23.392,82.8865,13.155,train
1423,MOD-PM-00884,2025-10-15T06:00:00Z,2025-10-15,6,Not Harmattan,1,6.123233995736766e-17,0,35.01843964661477,33.682397271909664,32.12685022117739,24.159833333333335,81.97466666666666,15.968333333333334,train
1424,MOD-PM-00884,2025-10-15T07:00:00Z,2025-10-15,7,Not Harmattan,0.9659258262890683,-0.25881904510252063,0,11.871561635078312,11.87657983187014,14.13371428446032,28.503,69.14183333333334,25.975,train
1425,MOD-PM-00884,2025-10-15T08:00:00Z,2025-10-15,8,Not Harmattan,0.8660254037844387,-0.49999999999999983,0,10.37143791456545,10.459653992553896,12.80835589319683,32.40083333333333,57.909666666666666,8.67,train
1426,MOD-PM-00884,2025-10-15T09:00:00Z,2025-10-15,9,Not Harmattan,0.7071067811865476,-0.7071067811865475,0,11.71984794057614,11.734481579004544,13.811096382354952,35.79633333333334,50.385333333333335,7.096666666666667,train
1427,MOD-PM-00884,2025-10-15T10:00:00Z,2025-10-15,10,Not Harmattan,0.49999999999999994,-0.8660254037844387,0,11.14052559494094,11.15469814297707,13.528880948338289,37.9595,43.41133333333333,6.963333333333333,train
1428,MOD-PM-00884,2025-10-15T11:00:00Z,2025-10-15,11,Not Harmattan,0.258819045102521,-0.9659258262890682,0,13.070018598913505,12.943623470788657,15.126150596124871,37.79816666666667,44.13183333333333,5.726666666666667,train
1429,MOD-PM-00884,2025-10-15T12:00:00Z,2025-10-15,12,Not Harmattan,1.2246467991473532e-16,-1,0,12.726897309196763,12.632047749848702,14.855672482902444,37.004,46.089,5.961666666666667,train
1430,MOD-PM-00884,2025-10-15T13:00:00Z,2025-10-15,13,Not Harmattan,-0.2588190451025208,-0.9659258262890683,0,13.708906239905373,13.571016351162308,15.586491888480234,37.49,45.55283333333333,5.801666666666667,train
1431,MOD-PM-00884,2025-10-15T14:00:00Z,2025-10-15,14,Not Harmattan,-0.4999999999999998,-0.8660254037844388,0,14.628209314599266,14.372748072655131,16.468878320295765,37.107166666666664,45.63616666666667,5.668333333333333,train
1432,MOD-PM-00884,2025-10-15T15:00:00Z,2025-10-15,15,Not Harmattan,-0.7071067811865471,-0.7071067811865479,0,13.341039845996168,13.139913628228744,15.616720618482692,38.1495,43.62983333333333,6.586666666666667,train
1433,MOD-PM-00884,2025-10-15T16:00:00Z,2025-10-15,16,Not Harmattan,-0.8660254037844384,-0.5000000000000004,0,10.63031549914365,10.631010232805757,13.319147237803415,36.06466666666667,48.1205,6.683333333333334,train
1434,MOD-PM-00884,2025-10-15T17:00:00Z,2025-10-15,17,Not Harmattan,-0.9659258262890683,-0.25881904510252063,0,7.962316383090952,8.196758920881637,10.924750586746867,29.967833333333335,65.63833333333334,6.97,train
1435,MOD-PM-00884,2025-10-15T18:00:00Z,2025-10-15,18,Not Harmattan,-1,-1.8369701987210297e-16,0,11.375931883745254,11.393369470760229,13.884062901169944,27.331166666666668,75.72583333333334,6.918333333333333,train
1436,MOD-PM-00884,2025-10-15T19:00:00Z,2025-10-15,19,Not Harmattan,-0.9659258262890684,0.2588190451025203,0,6.825110691151403,7.107693533611225,10.191425327752697,25.062166666666663,77.29333333333334,9.746666666666666,train
1437,MOD-PM-00884,2025-10-15T20:00:00Z,2025-10-15,20,Not Harmattan,-0.8660254037844386,0.5000000000000001,0,21.138685831912497,20.54058373862048,21.344638012644182,25.040166666666668,78.059,8.388333333333334,train
1438,MOD-PM-00884,2025-10-15T21:00:00Z,2025-10-15,21,Not Harmattan,-0.7071067811865477,0.7071067811865474,0,16.137321799328827,15.846496257258302,17.676384037430317,25.841333333333335,77.31166666666667,18.353333333333335,train
1439,MOD-PM-00884,2025-10-15T22:00:00Z,2025-10-15,22,Not Harmattan,-0.5000000000000004,0.8660254037844384,0,14.289635294132948,14.105519164904862,15.838590818596437,25.299666666666667,78.40683333333334,14.665,train
1440,MOD-PM-00884,2025-10-15T23:00:00Z,2025-10-15,23,Not Harmattan,-0.25881904510252157,0.9659258262890681,0,8.038134174304954,8.236563126683938,11.00837858525128,25.329,79.35783333333333,14.426666666666666,train
1441,MOD-PM-00884,2025-10-16T00:00:00Z,2025-10-16,0,Not Harmattan,0,1,0,7.972471643990515,8.171345022445271,10.996984823550282,25.27166666666667,81.36983333333333,9.848333333333333,train
1442,MOD-PM-00884,2025-10-16T01:00:00Z,2025-10-16,1,Not Harmattan,0.25881904510252074,0.9659258262890683,0,6.508543883511231,6.770540944589798,10.207844354669945,25.181333333333335,80.43333333333334,9.805,train
1443,MOD-PM-00884,2025-10-16T02:00:00Z,2025-10-16,2,Not Harmattan,0.49999999999999994,0.8660254037844387,0,2.846002138276692,3.2982059492986484,7.488196103987966,23.277666666666665,86.39916666666667,8.57,train
1444,MOD-PM-00884,2025-10-16T03:00:00Z,2025-10-16,3,Not Harmattan,0.7071067811865475,0.7071067811865476,0,1.675679691917687,2.2803225637046576,6.100227332891808,22.905833333333337,87.06216666666667,5.63,train
1445,MOD-PM-00884,2025-10-16T04:00:00Z,2025-10-16,4,Not Harmattan,0.8660254037844386,0.5000000000000001,0,2.5295984673577965,3.0859873924087564,6.67053172405312,22.3865,86.66633333333333,3.401666666666667,train
1446,MOD-PM-00884,2025-10-16T05:00:00Z,2025-10-16,5,Not Harmattan,0.9659258262890683,0.25881904510252074,0,3.908633956501984,4.387983156585825,7.828175839404421,22.128,87.05033333333333,3.923333333333334,train
1447,MOD-PM-00884,2025-10-16T06:00:00Z,2025-10-16,6,Not Harmattan,1,6.123233995736766e-17,0,5.1729639384974995,5.540208141559937,8.823936882820883,21.7465,87.1365,5.648333333333333,train
1448,MOD-PM-00884,2025-10-16T07:00:00Z,2025-10-16,7,Not Harmattan,0.9659258262890683,-0.25881904510252063,0,4.273289391156912,4.552891580178555,7.945793701374894,21.906226415094338,86.76,7.421666666666666,train
1449,MOD-PM-00884,2025-10-16T08:00:00Z,2025-10-16,8,Not Harmattan,0.8660254037844387,-0.49999999999999983,0,4.900566398143375,5.312444974574221,8.471062127226876,23.41433333333333,82.03116666666666,6.288333333333333,train
1450,MOD-PM-00884,2025-10-16T09:00:00Z,2025-10-16,9,Not Harmattan,0.7071067811865476,-0.7071067811865475,0,2.9256242640057533,3.463041683423512,6.956165366932903,26.31406779661017,72.48101694915255,6.03,train
1451,MOD-PM-00884,2025-10-16T10:00:00Z,2025-10-16,10,Not Harmattan,0.49999999999999994,-0.8660254037844387,0,3.068092392206679,3.607751464696923,6.9476956442664335,30.473833333333335,61.693,3.371666666666667,train
1452,MOD-PM-00884,2025-10-16T11:00:00Z,2025-10-16,11,Not Harmattan,0.258819045102521,-0.9659258262890682,0,5.364421471092408,5.759888906916916,8.8668589474285735,32.37949152542373,56.89016949152543,3.1016666666666666,train
1453,MOD-PM-00884,2025-10-16T12:00:00Z,2025-10-16,12,Not Harmattan,1.2246467991473532e-16,-1,0,5.471952764419957,5.864336348112462,9.081584442839006,33.95183333333333,54.7285,4.365,train
1454,MOD-PM-00884,2025-10-16T13:00:00Z,2025-10-16,13,Not Harmattan,-0.2588190451025208,-0.9659258262890683,0,5.2442671283273175,5.652245286241605,8.667616100766965,34.56677966101695,53.39237288135593,4.576666666666667,train
1455,MOD-PM-00884,2025-10-16T14:00:00Z,2025-10-16,14,Not Harmattan,-0.4999999999999998,-0.8660254037844388,0,3.5447167155108388,4.071107818852762,7.404410078275497,31.0855,62.976333333333336,4.22,train
1456,MOD-PM-00884,2025-10-16T15:00:00Z,2025-10-16,15,Not Harmattan,-0.7071067811865471,-0.7071067811865479,0,4.526417033758988,4.985177952521577,8.107030650743958,29.863653846153845,68.78596153846154,3.453333333333333,train
1457,MOD-PM-00884,2025-10-16T16:00:00Z,2025-10-16,16,Not Harmattan,-0.8660254037844384,-0.5000000000000004,0,4.5574286970250295,5.0088248798560375,8.122738555224945,28.947333333333333,73.75866666666667,4.65,train
1458,MOD-PM-00884,2025-10-16T17:00:00Z,2025-10-16,17,Not Harmattan,-0.9659258262890683,-0.25881904510252063,0,6.394484701932029,6.718762315298888,9.650138213946304,27.538983050847456,80.21152542372882,4.873333333333333,train
1459,MOD-PM-00884,2025-10-16T18:00:00Z,2025-10-16,18,Not Harmattan,-1,-1.8369701987210297e-16,0,15.423251978204377,15.20162579882759,16.77022442098287,26.095,84.64166666666667,6.5633333333333335,train
1460,MOD-PM-00884,2025-10-16T19:00:00Z,2025-10-16,19,Not Harmattan,-0.9659258262890684,0.2588190451025203,0,17.637894145825207,17.310921653909432,18.44886843858132,25.525333333333332,84.76833333333333,13.945,train
1461,MOD-PM-00884,2025-10-16T20:00:00Z,2025-10-16,20,Not Harmattan,-0.8660254037844386,0.5000000000000001,0,14.983716028099774,14.811872221338762,16.35587011754335,25.36508474576271,82.43576271186441,16.16,train
1462,MOD-PM-00884,2025-10-16T21:00:00Z,2025-10-16,21,Not Harmattan,-0.7071067811865477,0.7071067811865474,0,8.499953840153125,8.68210474204184,11.281323179009435,25.373166666666663,81.472,13.283333333333331,train
1463,MOD-PM-00884,2025-10-16T22:00:00Z,2025-10-16,22,Not Harmattan,-0.5000000000000004,0.8660254037844384,0,8.7731874562038,8.721216366206209,15.3230586577481,24.682666666666663,80.385,8.648333333333333,train
1464,MOD-PM-00884,2025-10-16T23:00:00Z,2025-10-16,23,Not Harmattan,-0.25881904510252157,0.9659258262890681,0,4.961763060712826,5.276930927251336,9.028092232911298,22.5245,86.72583333333333,9.931666666666668,train
1465,MOD-PM-00884,2025-10-17T00:00:00Z,2025-10-17,0,Not Harmattan,0,1,0,5.160880761006222,5.418254427776192,9.270872914606574,22.555084745762713,87.64661016949152,7.835,train
1466,MOD-PM-00884,2025-10-17T01:00:00Z,2025-10-17,1,Not Harmattan,0.25881904510252074,0.9659258262890683,0,6.367654932597421,6.631716802941945,9.903357530183364,22.872333333333337,87.41383333333333,8.008333333333333,train
1467,MOD-PM-00884,2025-10-17T02:00:00Z,2025-10-17,2,Not Harmattan,0.49999999999999994,0.8660254037844387,0,4.2847660594988275,4.6734999368236,8.311849715108218,23.13,87.43833333333333,8.756666666666668,train
1468,MOD-PM-00884,2025-10-17T03:00:00Z,2025-10-17,3,Not Harmattan,0.7071067811865475,0.7071067811865476,0,3.631566627501273,4.091596692308272,7.514365409642407,23.135833333333338,87.73916666666666,6.8100000000000005,train
1469,MOD-PM-00884,2025-10-17T04:00:00Z,2025-10-17,4,Not Harmattan,0.8660254037844386,0.5000000000000001,0,4.127665396908007,4.570350597087851,8.141771191457842,22.99813559322034,87.2650847457627,5.5600000000000005,train
1470,MOD-PM-00884,2025-10-17T08:00:00Z,2025-10-17,8,Not Harmattan,0.8660254037844387,-0.49999999999999983,0,5.57268968980919,5.8907698806268955,9.035756552502122,26.745166666666663,75.5195,7.023333333333333,train
1471,MOD-PM-00884,2025-10-17T09:00:00Z,2025-10-17,9,Not Harmattan,0.7071067811865476,-0.7071067811865475,0,8.04898276626995,8.23198439252205,10.881782988875838,29.082333333333334,68.32133333333333,6.828333333333333,train
1472,MOD-PM-00884,2025-10-17T10:00:00Z,2025-10-17,10,Not Harmattan,0.49999999999999994,-0.8660254037844387,0,8.99943769652638,9.109158275342704,11.658423505598767,33.47983333333333,55.438833333333335,8.126666666666667,train
1473,MOD-PM-00884,2025-10-17T11:00:00Z,2025-10-17,11,Not Harmattan,0.258819045102521,-0.9659258262890682,0,9.262067425693978,9.31708667375318,12.355576336668417,34.572833333333335,52.9945,8.566666666666666,train
1474,MOD-PM-00884,2025-10-17T12:00:00Z,2025-10-17,12,Not Harmattan,1.2246467991473532e-16,-1,0,10.724017153427765,10.715312808845235,13.07592756188101,36.1465,48.78366666666667,9.273333333333332,train
1475,MOD-PM-00884,2025-10-17T13:00:00Z,2025-10-17,13,Not Harmattan,-0.2588190451025208,-0.9659258262890683,0,13.430149823707868,13.247733328981496,15.459904059543833,37.34166666666667,44.1,9.208333333333334,train
1476,MOD-PM-00884,2025-10-17T14:00:00Z,2025-10-17,14,Not Harmattan,-0.4999999999999998,-0.8660254037844388,0,13.000505765473983,12.775134401131115,15.491836269280617,36.93216666666667,45.31733333333334,8.238333333333333,train
1477,MOD-PM-00884,2025-10-17T15:00:00Z,2025-10-17,15,Not Harmattan,-0.7071067811865471,-0.7071067811865479,0,14.202336756158996,13.78329555785665,18.142785539293353,39.70733333333333,41.187,8.8,train
1478,MOD-PM-00884,2025-10-17T16:00:00Z,2025-10-17,16,Not Harmattan,-0.8660254037844384,-0.5000000000000004,0,13.55454122805378,13.333155969958028,15.411032404474112,34.75266666666667,54.334833333333336,10.021666666666668,train
1479,MOD-PM-00884,2025-10-17T17:00:00Z,2025-10-17,17,Not Harmattan,-0.9659258262890683,-0.25881904510252063,0,21.96444313084197,21.08535691199108,22.631532581466303,30.854833333333332,67.05566666666667,9.691666666666666,train
1480,MOD-PM-00884,2025-10-17T18:00:00Z,2025-10-17,18,Not Harmattan,-1,-1.8369701987210297e-16,0,39.90485346696786,38.055761739772485,36.43034196734369,27.910333333333337,75.45366666666666,17.428333333333335,train
1481,MOD-PM-00884,2025-10-17T19:00:00Z,2025-10-17,19,Not Harmattan,-0.9659258262890684,0.2588190451025203,0,35.29748500836098,33.69713387009457,32.60937049826236,26.798333333333332,77.38766666666666,28.923333333333332,train
1482,MOD-PM-00884,2025-10-17T20:00:00Z,2025-10-17,20,Not Harmattan,-0.8660254037844386,0.5000000000000001,0,24.385799916412328,23.42745638931248,23.98304447566343,26.372666666666667,78.35016666666667,28.428333333333335,train
1483,MOD-PM-00884,2025-10-17T21:00:00Z,2025-10-17,21,Not Harmattan,-0.7071067811865477,0.7071067811865474,0,18.381532497681313,17.830454074253147,19.47484428417851,25.989166666666662,79.79616666666666,22.963333333333335,train
1484,MOD-PM-00884,2025-10-17T22:00:00Z,2025-10-17,22,Not Harmattan,-0.5000000000000004,0.8660254037844384,0,20.85974243061709,20.11008653550878,21.199995709108496,25.715833333333332,80.8505,19.013333333333332,train
1485,MOD-PM-00884,2025-10-17T23:00:00Z,2025-10-17,23,Not Harmattan,-0.25881904510252157,0.9659258262890681,0,11.858408736925266,11.66703540963782,14.241915513817784,25.599666666666668,80.996,21.525,train
1486,MOD-PM-00884,2025-10-18T00:00:00Z,2025-10-18,0,Not Harmattan,0,1,0,15.49805016491039,15.04577569191389,17.51758249605261,25.434833333333337,81.83983333333333,14.653333333333334,test
1487,MOD-PM-00884,2025-10-18T01:00:00Z,2025-10-18,1,Not Harmattan,0.25881904510252074,0.9659258262890683,0,11.55071248850459,11.373130696229524,14.016900572263683,25.022166666666667,83.07833333333333,17.72833333333333,test
1488,MOD-PM-00884,2025-10-18T02:00:00Z,2025-10-18,2,Not Harmattan,0.49999999999999994,0.8660254037844387,0,10.379329653457278,10.29912895958415,13.148620077587791,24.506166666666665,85.0635,13.971666666666666,test
1489,MOD-PM-00884,2025-10-18T03:00:00Z,2025-10-18,3,Not Harmattan,0.7071067811865475,0.7071067811865476,0,11.718049980355612,11.572363347408178,14.035215925677631,24.5625,84.8695,13.2,test
1490,MOD-PM-00884,2025-10-18T04:00:00Z,2025-10-18,4,Not Harmattan,0.8660254037844386,0.5000000000000001,0,13.535698936746158,13.29167802519739,15.530011089421148,24.712666666666667,83.96733333333333,13.956666666666669,test
1491,MOD-PM-00884,2025-10-18T05:00:00Z,2025-10-18,5,Not Harmattan,0.9659258262890683,0.25881904510252074,0,21.41210297677461,20.699665893177865,22.008146851118234,24.4705,83.968,15.09,test
1492,MOD-PM-00884,2025-10-18T06:00:00Z,2025-10-18,6,Not Harmattan,1,6.123233995736766e-17,0,29.265463954922527,28.17762374496838,27.732745673910504,24.571833333333338,82.39283333333333,21.173333333333332,test
1493,MOD-PM-00884,2025-10-18T07:00:00Z,2025-10-18,7,Not Harmattan,0.9659258262890683,-0.25881904510252063,0,19.076127872703186,18.60110505348398,19.848120352332835,28.140166666666666,72.2655,24.826666666666668,test
1494,MOD-PM-00884,2025-10-18T08:00:00Z,2025-10-18,8,Not Harmattan,0.8660254037844387,-0.49999999999999983,0,16.66023616729565,16.311199297932344,17.77108974321961,32.463833333333334,59.959833333333336,15.306666666666668,test
1495,MOD-PM-00884,2025-10-18T09:00:00Z,2025-10-18,9,Not Harmattan,0.7071067811865476,-0.7071067811865475,0,15.596034158128056,15.290026149558171,17.145207182984223,33.74216666666667,57.0115,11.406666666666666,test
1496,MOD-PM-00884,2025-10-18T10:00:00Z,2025-10-18,10,Not Harmattan,0.49999999999999994,-0.8660254037844387,0,16.61457827742794,16.221259876895243,17.92431292415286,36.150333333333336,51.5785,10.96,test
1497,MOD-PM-00884,2025-10-18T11:00:00Z,2025-10-18,11,Not Harmattan,0.258819045102521,-0.9659258262890682,0,17.736061667854308,17.1203847499626,19.568143547816085,37.05566666666667,48.97233333333333,11.161666666666669,test
1498,MOD-PM-00884,2025-10-18T12:00:00Z,2025-10-18,12,Not Harmattan,1.2246467991473532e-16,-1,0,13.34230035367096,12.781052974252642,16.758103734124806,41.61666666666667,37.3925,11.978333333333332,test
1499,MOD-PM-00884,2025-10-18T13:00:00Z,2025-10-18,13,Not Harmattan,-0.2588190451025208,-0.9659258262890683,0,12.579695975451685,12.111019042384587,15.354095469253462,41.64966101694915,36.81152542372882,13.91,test
1500,MOD-PM-00884,2025-10-18T14:00:00Z,2025-10-18,14,Not Harmattan,-0.4999999999999998,-0.8660254037844388,0,13.654340117295664,13.177151956013676,16.144547296117956,41.11983333333333,37.01683333333333,14.413333333333334,test
1501,MOD-PM-00884,2025-10-18T15:00:00Z,2025-10-18,15,Not Harmattan,-0.7071067811865471,-0.7071067811865479,0,24.77363707916087,23.591040324516428,24.87665673179106,34.14833333333333,51.931666666666665,13.29,test
1502,MOD-PM-00884,2025-10-18T16:00:00Z,2025-10-18,16,Not Harmattan,-0.8660254037844384,-0.5000000000000004,0,26.00709343665451,24.73383850386313,25.813979313667588,34.27316666666667,54.004666666666665,17.91,test
1503,MOD-PM-00884,2025-10-18T17:00:00Z,2025-10-18,17,Not Harmattan,-0.9659258262890683,-0.25881904510252063,0,33.20927379973069,31.4247542776584,34.109111913618094,31.202666666666666,64.33233333333334,18.383333333333333,test
1504,MOD-PM-00884,2025-10-18T18:00:00Z,2025-10-18,18,Not Harmattan,-1,-1.8369701987210297e-16,0,10.434836922872154,10.345378022294993,13.843165459724476,26.55216666666667,72.65966666666667,23.043333333333333,test
1505,MOD-PM-00884,2025-10-18T19:00:00Z,2025-10-18,19,Not Harmattan,-0.9659258262890684,0.2588190451025203,0,8.617779337096241,8.646013543354012,12.101026109928236,25.512666666666668,75.398,10.043333333333331,test
1506,MOD-PM-00884,2025-10-18T20:00:00Z,2025-10-18,20,Not Harmattan,-0.8660254037844386,0.5000000000000001,0,3.714542042361352,4.175591454286449,7.80843824111795,24.964166666666667,78.47883333333333,9.683333333333334,test
1507,MOD-PM-00884,2025-10-18T21:00:00Z,2025-10-18,21,Not Harmattan,-0.7071067811865477,0.7071067811865474,0,6.725821604163514,6.9644638032109665,10.10659632246704,24.28783333333333,82.62533333333333,5.435,test
1508,MOD-PM-00884,2025-10-18T22:00:00Z,2025-10-18,22,Not Harmattan,-0.5000000000000004,0.8660254037844384,0,17.04511647697103,16.594599856498657,18.341346726218504,24.2205,83.84366666666666,8.136666666666667,test
1509,MOD-PM-00884,2025-10-18T23:00:00Z,2025-10-18,23,Not Harmattan,-0.25881904510252157,0.9659258262890681,0,8.979861289973007,9.03070416646799,12.013257798572695,24.2985,84.20183333333333,17.66,test
1510,MOD-PM-00884,2025-10-19T00:00:00Z,2025-10-19,0,Not Harmattan,0,1,0,6.215795037177661,6.425135091049672,10.34004991693145,24.155833333333337,85.61316666666667,11.538333333333334,train
1511,MOD-PM-00884,2025-10-19T01:00:00Z,2025-10-19,1,Not Harmattan,0.25881904510252074,0.9659258262890683,0,85.34626090554298,6.944013406513119,289.3995848320509,23.6005,88.405,9.238333333333332,train
1512,MOD-PM-00884,2025-10-19T02:00:00Z,2025-10-19,2,Not Harmattan,0.49999999999999994,0.8660254037844387,0,27.749046954372012,6.3537607055849366,132.84551940057054,23.405166666666663,88.17383333333333,7.088333333333334,train
1513,MOD-PM-00884,2025-10-19T03:00:00Z,2025-10-19,3,Not Harmattan,0.7071067811865475,0.7071067811865476,0,36.27412338238254,6.883912711043622,247.38486711605785,23.4825,88.11233333333334,9.005,train
1514,MOD-PM-00884,2025-10-19T04:00:00Z,2025-10-19,4,Not Harmattan,0.8660254037844386,0.5000000000000001,0,126.47113187536976,7.481418280791267,NA,23.377166666666668,88.54083333333334,9.26,train
1515,MOD-PM-00884,2025-10-19T05:00:00Z,2025-10-19,5,Not Harmattan,0.9659258262890683,0.25881904510252074,0,19.019315509518083,7.550868828372857,206.59944413495137,23.253833333333333,88.5055,5.943333333333333,train
1516,MOD-PM-00884,2025-10-19T06:00:00Z,2025-10-19,6,Not Harmattan,1,6.123233995736766e-17,0,9.526430482525155,9.558451374572742,12.19416734635775,23.606,87.40183333333333,9.843333333333334,train
1517,MOD-PM-00884,2025-10-19T07:00:00Z,2025-10-19,7,Not Harmattan,0.9659258262890683,-0.25881904510252063,0,11.12937112162355,11.085863223518087,13.525293730715363,24.878333333333337,84.45233333333333,12.555,train
1518,MOD-PM-00884,2025-10-19T08:00:00Z,2025-10-19,8,Not Harmattan,0.8660254037844387,-0.49999999999999983,0,10.060805205161769,10.052492942964768,12.707423915410043,26.058666666666667,81.9825,12.991666666666667,train
1519,MOD-PM-00884,2025-10-19T09:00:00Z,2025-10-19,9,Not Harmattan,0.7071067811865476,-0.7071067811865475,0,8.702488079619899,8.869929034573435,11.710667300582816,27.391666666666666,78.57783333333333,11.398333333333332,train
1520,MOD-PM-00884,2025-10-19T10:00:00Z,2025-10-19,10,Not Harmattan,0.49999999999999994,-0.8660254037844387,0,9.929745241704964,9.988910100926775,12.519561170470432,30.238166666666668,68.9755,8.886666666666667,train
1521,MOD-PM-00884,2025-10-19T11:00:00Z,2025-10-19,11,Not Harmattan,0.258819045102521,-0.9659258262890682,0,8.982471477513457,9.11410253870239,11.756795442615012,32.16283333333333,62.6085,8.36,train
1522,MOD-PM-00884,2025-10-19T12:00:00Z,2025-10-19,12,Not Harmattan,1.2246467991473532e-16,-1,0,9.000457301034368,9.12589566492608,11.771713211055708,31.9035,64.77783333333333,7.323333333333333,train
1523,MOD-PM-00884,2025-10-19T13:00:00Z,2025-10-19,13,Not Harmattan,-0.2588190451025208,-0.9659258262890683,0,10.358978347477834,10.393166155312352,12.771029866653478,31.581666666666667,66.76966666666667,7.311666666666667,train
1524,MOD-PM-00884,2025-10-19T14:00:00Z,2025-10-19,14,Not Harmattan,-0.4999999999999998,-0.8660254037844388,0,9.440926448485266,9.538443460588018,12.10913290570162,31.863833333333332,67.49566666666666,8.225,train
1525,MOD-PM-00884,2025-10-19T15:00:00Z,2025-10-19,15,Not Harmattan,-0.7071067811865471,-0.7071067811865479,0,10.228163089102948,10.29505042327188,12.693549126542532,33.356833333333334,63.096666666666664,7.848333333333334,train
1526,MOD-PM-00884,2025-10-19T16:00:00Z,2025-10-19,16,Not Harmattan,-0.8660254037844384,-0.5000000000000004,0,10.31166869830718,10.3840856405039,12.69704152784062,32.161,66.52783333333333,7.64,train
1527,MOD-PM-00884,2025-10-19T17:00:00Z,2025-10-19,17,Not Harmattan,-0.9659258262890683,-0.25881904510252063,0,10.133258301499408,10.21730813441393,12.491495538319292,30.6225,70.5585,7.801666666666667,train
1528,MOD-PM-00884,2025-10-19T18:00:00Z,2025-10-19,18,Not Harmattan,-1,-1.8369701987210297e-16,0,12.9175738998234,12.828860345648833,14.749672736029654,27.134833333333333,82.336,7.935,train
1529,MOD-PM-00884,2025-10-19T19:00:00Z,2025-10-19,19,Not Harmattan,-0.9659258262890684,0.2588190451025203,0,16.669902018031376,16.38626745213272,17.69725943161481,26.2095,85.42383333333333,11.265,train
1530,MOD-PM-00884,2025-10-19T20:00:00Z,2025-10-19,20,Not Harmattan,-0.8660254037844386,0.5000000000000001,0,11.430521509102942,11.4406766443068,13.655792599129844,25.820666666666668,85.81433333333334,15.288333333333334,train
1531,MOD-PM-00884,2025-10-19T21:00:00Z,2025-10-19,21,Not Harmattan,-0.7071067811865477,0.7071067811865474,0,28.514769939871144,27.47582692357536,27.155377466548988,25.546666666666667,86.7,11.601666666666668,train
1532,MOD-PM-00884,2025-10-19T22:00:00Z,2025-10-19,22,Not Harmattan,-0.5000000000000004,0.8660254037844384,0,33.418517036860024,32.09253764527738,30.90501545391284,25.588833333333337,87.51533333333333,27.576666666666668,train
1533,MOD-PM-00884,2025-10-19T23:00:00Z,2025-10-19,23,Not Harmattan,-0.25881904510252157,0.9659258262890681,0,18.74339013756632,18.27826581831317,19.58517888084476,25.453,86.8135,31.116666666666667,train
1534,MOD-PM-00884,2025-10-20T00:00:00Z,2025-10-20,0,Not Harmattan,0,1,0,14.080833651231895,13.886496192439992,15.953155095224574,25.308275862068967,86.23413793103448,18.338333333333335,train
1535,MOD-PM-00884,2025-10-20T01:00:00Z,2025-10-20,1,Not Harmattan,0.25881904510252074,0.9659258262890683,0,12.917145665930043,12.784381213790484,14.89387256338278,24.663666666666668,86.12316666666666,14.203333333333331,train
1536,MOD-PM-00884,2025-10-20T02:00:00Z,2025-10-20,2,Not Harmattan,0.49999999999999994,0.8660254037844387,0,14.847807585986002,14.598079378126863,16.499318378208663,24.231,85.66266666666667,14.05,train
1537,MOD-PM-00884,2025-10-20T03:00:00Z,2025-10-20,3,Not Harmattan,0.7071067811865475,0.7071067811865476,0,16.4570289888536,16.12720344278821,17.66230381319233,23.994166666666665,85.44066666666667,15.505,train
1538,MOD-PM-00884,2025-10-20T04:00:00Z,2025-10-20,4,Not Harmattan,0.8660254037844386,0.5000000000000001,0,15.546277458138231,15.308052510523256,16.894338990191795,23.965166666666665,84.7885,16.34166666666667,train
1539,MOD-PM-00884,2025-10-20T05:00:00Z,2025-10-20,5,Not Harmattan,0.9659258262890683,0.25881904510252074,0,16.10075878167237,15.790339429449256,17.38123662093998,23.775333333333332,85.25450000000001,15.105,train
1540,MOD-PM-00884,2025-10-20T06:00:00Z,2025-10-20,6,Not Harmattan,1,6.123233995736766e-17,0,50.20714133658213,47.94374978453831,44.0474588311204,23.934833333333337,85.73216666666667,15.84,train
1541,MOD-PM-00884,2025-10-20T08:00:00Z,2025-10-20,8,Not Harmattan,0.8660254037844387,-0.49999999999999983,0,12.03249861386472,11.974177764990998,14.486953847545273,33.50872340425532,57.46170212765958,19.548333333333332,train
1542,MOD-PM-00884,2025-10-20T09:00:00Z,2025-10-20,9,Not Harmattan,0.7071067811865476,-0.7071067811865475,0,12.83901059174334,12.723808303567852,14.863258383348956,35.20672727272727,53.58345454545454,8.33,train
1543,MOD-PM-00884,2025-10-20T10:00:00Z,2025-10-20,10,Not Harmattan,0.49999999999999994,-0.8660254037844387,0,15.734781939575088,15.352916409958231,17.564706209495576,36.1605,50.40866666666667,8.461666666666666,train
1544,MOD-PM-00884,2025-10-20T11:00:00Z,2025-10-20,11,Not Harmattan,0.258819045102521,-0.9659258262890682,0,14.866282819670747,14.399193017767177,17.48869512241957,38.849,42.7905,9.358333333333333,train
1545,MOD-PM-00884,2025-10-20T12:00:00Z,2025-10-20,12,Not Harmattan,1.2246467991473532e-16,-1,0,14.71501429486562,14.127893399485854,17.44138177632694,40.71066666666667,37.995666666666665,10.208333333333334,train
1546,MOD-PM-00884,2025-10-20T13:00:00Z,2025-10-20,13,Not Harmattan,-0.2588190451025208,-0.9659258262890683,0,14.30841640917009,13.561919532642982,16.896488160221388,41.97,35.5175,13.203333333333331,train
1547,MOD-PM-00884,2025-10-20T14:00:00Z,2025-10-20,14,Not Harmattan,-0.4999999999999998,-0.8660254037844388,0,16.180489780425166,15.21828460452455,18.835799128882773,41.60694915254237,35.17610169491525,15.67,train
1548,MOD-PM-00884,2025-10-20T15:00:00Z,2025-10-20,15,Not Harmattan,-0.7071067811865471,-0.7071067811865479,0,17.785716407393334,16.58149852051443,20.34838708488274,39.54533333333333,39.3805,18.368333333333332,train
1549,MOD-PM-00884,2025-10-20T16:00:00Z,2025-10-20,16,Not Harmattan,-0.8660254037844384,-0.5000000000000004,0,26.506536508847446,24.950616556536072,27.350304027688804,36.19766666666667,46.19583333333333,19.801666666666662,train
1550,MOD-PM-00884,2025-10-20T17:00:00Z,2025-10-20,17,Not Harmattan,-0.9659258262890683,-0.25881904510252063,0,55.61230953850945,52.378273058706355,50.93543815691649,31.463666666666665,59.4675,23.895,train
1551,MOD-PM-00884,2025-10-20T18:00:00Z,2025-10-20,18,Not Harmattan,-1,-1.8369701987210297e-16,0,57.64629817940493,54.34841771970021,51.375954802099585,29.055666666666667,68.001,38.51,train
1552,MOD-PM-00884,2025-10-20T19:00:00Z,2025-10-20,19,Not Harmattan,-0.9659258262890684,0.2588190451025203,0,46.427956835633744,43.812173261829344,43.36383312906054,27.922833333333333,72.75633333333333,39.54666666666667,train
1553,MOD-PM-00884,2025-10-20T20:00:00Z,2025-10-20,20,Not Harmattan,-0.8660254037844386,0.5000000000000001,0,39.603437982316386,37.489403105352984,37.19056345714937,27.4745,74.33366666666667,35.27166666666667,train
1554,MOD-PM-00884,2025-10-20T21:00:00Z,2025-10-20,21,Not Harmattan,-0.7071067811865477,0.7071067811865474,0,25.64682637980196,24.422369150581705,25.595206446831785,26.915,75.823,31.561666666666667,train
1555,MOD-PM-00884,2025-10-20T22:00:00Z,2025-10-20,22,Not Harmattan,-0.5000000000000004,0.8660254037844384,0,21.570896182848692,20.627291112013893,22.27088288723583,26.3955,77.09416666666667,26.41,train
1556,MOD-PM-00884,2025-10-20T23:00:00Z,2025-10-20,23,Not Harmattan,-0.25881904510252157,0.9659258262890681,0,22.29293931122561,21.254019779206537,23.140569824063444,26.18316666666667,77.65683333333334,23.301666666666662,train
1557,MOD-PM-00884,2025-10-21T00:00:00Z,2025-10-21,0,Not Harmattan,0,1,0,19.385312743705526,18.578846249175974,20.92510738069122,25.715333333333337,79.343,24.006666666666668,test
1558,MOD-PM-00884,2025-10-21T01:00:00Z,2025-10-21,1,Not Harmattan,0.25881904510252074,0.9659258262890683,0,20.968860505061983,20.1452542920127,21.443246990472513,25.344166666666663,82.12633333333333,21.875,test
1559,MOD-PM-00884,2025-10-21T02:00:00Z,2025-10-21,2,Not Harmattan,0.49999999999999994,0.8660254037844387,0,23.23708567031716,22.325571245966195,23.359542379825793,25.41090909090909,82.56581818181819,22.52,test
1560,MOD-PM-00884,2025-10-21T03:00:00Z,2025-10-21,3,Not Harmattan,0.7071067811865475,0.7071067811865476,0,22.43709099656498,21.6041582739392,22.69292615179692,25.099333333333337,83.61066666666667,22.548333333333332,test
1561,MOD-PM-00884,2025-10-21T04:00:00Z,2025-10-21,4,Not Harmattan,0.8660254037844386,0.5000000000000001,0,26.774651710268017,25.729905567862236,25.968577331310943,25.006333333333338,83.82933333333334,21.935,test
1562,MOD-PM-00884,2025-10-21T05:00:00Z,2025-10-21,5,Not Harmattan,0.9659258262890683,0.25881904510252074,0,19.85622728176495,19.143050185166356,20.76984564877402,24.1135,86.40283333333333,24.866666666666667,test
1563,MOD-PM-00884,2025-10-21T06:00:00Z,2025-10-21,6,Not Harmattan,1,6.123233995736766e-17,0,21.3561062971959,20.61661381176243,21.601495436622017,24.412833333333335,85.926,21.723333333333333,test
1564,MOD-PM-00884,2025-10-21T07:00:00Z,2025-10-21,7,Not Harmattan,0.9659258262890683,-0.25881904510252063,0,18.22033302496838,17.711599369832356,19.03938450965328,27.157166666666665,77.58816666666667,22.683333333333337,test
1565,MOD-PM-00884,2025-10-21T08:00:00Z,2025-10-21,8,Not Harmattan,0.8660254037844387,-0.49999999999999983,0,19.607892407799348,19.038528072975005,20.305308867966072,30.842166666666667,67.13433333333333,16.065,test
1566,MOD-PM-00884,2025-10-21T09:00:00Z,2025-10-21,9,Not Harmattan,0.7071067811865476,-0.7071067811865475,0,19.187550253336138,18.578288336189864,20.2063206248384,34.5715,56.79083333333333,13.958333333333334,test
1567,MOD-PM-00884,2025-10-21T10:00:00Z,2025-10-21,10,Not Harmattan,0.49999999999999994,-0.8660254037844387,0,14.76770745583845,14.33093524967314,16.957897533272813,36.909333333333336,50.568666666666665,12.848333333333333,test
1568,MOD-PM-00884,2025-10-21T11:00:00Z,2025-10-21,11,Not Harmattan,0.258819045102521,-0.9659258262890682,0,15.256373751688256,14.743211198677676,18.10810200249866,37.79804347826087,49.67782608695652,11.455,test
1569,MOD-PM-00884,2025-10-21T12:00:00Z,2025-10-21,12,Not Harmattan,1.2246467991473532e-16,-1,0,15.2674971935641,14.723205794046716,17.074252966566082,38.07833333333333,48.61116666666667,11.951666666666666,test
1570,MOD-PM-00884,2025-10-21T13:00:00Z,2025-10-21,13,Not Harmattan,-0.2588190451025208,-0.9659258262890683,0,14.197524222881292,13.585236447786716,16.915309200701124,39.96233333333333,42.8965,12.701666666666666,test
1571,MOD-PM-00884,2025-10-21T14:00:00Z,2025-10-21,14,Not Harmattan,-0.4999999999999998,-0.8660254037844388,0,13.2161344918525,12.518064335626512,16.078160066012696,41.36,38.42183333333333,13.976666666666668,test
1572,MOD-PM-00884,2025-10-21T15:00:00Z,2025-10-21,15,Not Harmattan,-0.7071067811865471,-0.7071067811865479,0,13.221110161851485,12.62651107709948,15.951596075078868,40.3455,39.47983333333333,15.191666666666666,test
1573,MOD-PM-00884,2025-10-21T16:00:00Z,2025-10-21,16,Not Harmattan,-0.8660254037844384,-0.5000000000000004,0,18.308241943132533,17.326569629532198,20.37674118364927,37.87101694915254,42.92949152542373,15.471666666666668,test
1574,MOD-PM-00884,2025-10-21T17:00:00Z,2025-10-21,17,Not Harmattan,-0.9659258262890683,-0.25881904510252063,0,42.522035494342425,39.91965283448016,39.783789941384775,34.984,52.051833333333335,17.381666666666668,test
1575,MOD-PM-00884,2025-10-21T18:00:00Z,2025-10-21,18,Not Harmattan,-1,-1.8369701987210297e-16,0,66.0513467647351,62.12193478547852,58.116874008076685,29.608333333333334,67.19,27.65833333333333,test
1576,MOD-PM-00884,2025-10-21T19:00:00Z,2025-10-21,19,Not Harmattan,-0.9659258262890684,0.2588190451025203,0,63.54063184008466,59.721177491099986,56.94546572290351,28.31,70.07583333333334,49.836666666666666,test
1577,MOD-PM-00884,2025-10-21T20:00:00Z,2025-10-21,20,Not Harmattan,-0.8660254037844386,0.5000000000000001,0,30.967271322802453,29.16282895070893,30.807710066629625,27.926779661016948,71.14898305084746,44.72,test
1578,MOD-PM-00884,2025-10-21T21:00:00Z,2025-10-21,21,Not Harmattan,-0.7071067811865477,0.7071067811865474,0,23.823324893535563,22.52692711459043,25.258513677342943,27.2295,74.1185,27.868333333333332,test
1579,MOD-PM-00884,2025-10-21T22:00:00Z,2025-10-21,22,Not Harmattan,-0.5000000000000004,0.8660254037844384,0,27.36004744248436,25.99914667960859,27.016866618685956,25.998,78.22866666666667,25.438333333333333,test
1580,MOD-PM-00884,2025-10-21T23:00:00Z,2025-10-21,23,Not Harmattan,-0.25881904510252157,0.9659258262890681,0,29.611925566736915,28.15051686919485,28.838414640531457,25.882166666666667,78.52866666666667,33.245000000000005,test
1581,MOD-PM-00884,2025-10-22T00:00:00Z,2025-10-22,0,Not Harmattan,0,1,0,16.496304500129952,15.816780787744907,18.617834075707147,26.265762711864408,76.58305084745763,32.193333333333335,train
1582,MOD-PM-00884,2025-10-22T01:00:00Z,2025-10-22,1,Not Harmattan,0.25881904510252074,0.9659258262890683,0,16.40831228546193,15.764309902890282,18.1950293342774,26.201666666666668,77.395,20.13,train
1583,MOD-PM-00884,2025-10-22T02:00:00Z,2025-10-22,2,Not Harmattan,0.49999999999999994,0.8660254037844387,0,15.027257979391925,14.49286468429758,17.136910754561164,25.217333333333332,80.97833333333334,19.753333333333337,train
1584,MOD-PM-00884,2025-10-22T03:00:00Z,2025-10-22,3,Not Harmattan,0.7071067811865475,0.7071067811865476,0,14.502559476350443,14.144333083308668,16.32792340756234,24.43,81.74966101694915,20.033333333333335,train
1585,MOD-PM-00884,2025-10-22T04:00:00Z,2025-10-22,4,Not Harmattan,0.8660254037844386,0.5000000000000001,0,9.344553430390222,9.407391623988078,12.126626517633666,24.018666666666668,82.5985,17.37,train
1586,MOD-PM-00884,2025-10-22T05:00:00Z,2025-10-22,5,Not Harmattan,0.9659258262890683,0.25881904510252074,0,7.603578733000387,7.77137912653911,10.703370270978107,23.993833333333335,82.3935,11.133333333333333,train
1587,MOD-PM-00884,2025-10-22T06:00:00Z,2025-10-22,6,Not Harmattan,1,6.123233995736766e-17,0,10.01647280115444,10.05647528738288,12.664724963792713,24.417333333333332,81.54833333333333,9.181666666666668,train
1588,MOD-PM-00884,2025-10-22T07:00:00Z,2025-10-22,7,Not Harmattan,0.9659258262890683,-0.25881904510252063,0,8.547508194405694,8.693089856354607,11.475491209550572,27.682,71.93016666666666,10.536666666666669,train
1589,MOD-PM-00884,2025-10-22T08:00:00Z,2025-10-22,8,Not Harmattan,0.8660254037844387,-0.49999999999999983,0,7.528637801663255,7.718858352329211,10.862061193310172,30.734833333333334,64.62433333333334,8.14,train
1590,MOD-PM-00884,2025-10-22T09:00:00Z,2025-10-22,9,Not Harmattan,0.7071067811865476,-0.7071067811865475,0,6.457971499915017,6.670135845468382,10.130268798234164,33.301833333333335,58.11533333333333,6.846666666666667,train
1591,MOD-PM-00884,2025-10-22T10:00:00Z,2025-10-22,10,Not Harmattan,0.49999999999999994,-0.8660254037844387,0,8.777469795137351,8.853788034733835,11.852212270840566,35.784166666666664,52.7615,6.275,train
1592,MOD-PM-00884,2025-10-22T11:00:00Z,2025-10-22,11,Not Harmattan,0.258819045102521,-0.9659258262890682,0,9.60383885677162,9.519339750408372,12.691305140188106,37.434666666666665,47.749833333333335,6.663333333333333,train
1593,MOD-PM-00884,2025-10-22T12:00:00Z,2025-10-22,12,Not Harmattan,1.2246467991473532e-16,-1,0,9.736428226990403,9.63367343580377,13.072166514329224,38.33583333333333,46.761833333333335,8.483333333333334,train
1594,MOD-PM-00884,2025-10-22T13:00:00Z,2025-10-22,13,Not Harmattan,-0.2588190451025208,-0.9659258262890683,0,11.798068542142524,11.508607359960704,14.50909211448182,38.25483333333333,46.249833333333335,8.94,train
1595,MOD-PM-00884,2025-10-22T14:00:00Z,2025-10-22,14,Not Harmattan,-0.4999999999999998,-0.8660254037844388,0,13.577400761122876,12.801868900148287,18.23745963964103,36.71633333333333,45.492666666666665,10.058333333333334,train
1596,MOD-PM-00884,2025-10-22T15:00:00Z,2025-10-22,15,Not Harmattan,-0.7071067811865471,-0.7071067811865479,0,17.154723961579762,16.591848768325757,18.874404104440497,27.279,70.19766666666666,13.561666666666667,train
1597,MOD-PM-00884,2025-10-22T16:00:00Z,2025-10-22,16,Not Harmattan,-0.8660254037844384,-0.5000000000000004,0,14.666929746268895,14.335244646531388,16.55337948608538,27.019666666666662,69.48166666666667,15.416666666666666,train
1598,MOD-PM-00884,2025-10-22T17:00:00Z,2025-10-22,17,Not Harmattan,-0.9659258262890683,-0.25881904510252063,0,42.010092070881555,40.067442060663474,38.467170454726904,27.285166666666665,70.72366666666666,11.843333333333334,train
1599,MOD-PM-00884,2025-10-22T18:00:00Z,2025-10-22,18,Not Harmattan,-1,-1.8369701987210297e-16,0,70.71240759673263,67.08287781961195,60.846920449048895,26.826166666666666,74.3245,25.1,train
1600,MOD-PM-00884,2025-10-22T19:00:00Z,2025-10-22,19,Not Harmattan,-0.9659258262890684,0.2588190451025203,0,43.56638943284028,41.48886478951302,39.51231473281883,26.51372881355932,73.35135593220339,38.9,train
1601,MOD-PM-00884,2025-10-22T20:00:00Z,2025-10-22,20,Not Harmattan,-0.8660254037844386,0.5000000000000001,0,30.89079510901634,29.484929301702937,29.669005646085463,26.695666666666668,76.51733333333334,29.091666666666665,train
1602,MOD-PM-00884,2025-10-22T21:00:00Z,2025-10-22,21,Not Harmattan,-0.7071067811865477,0.7071067811865474,0,20.75839374252306,19.939384400137193,21.61663444315399,26.516833333333334,77.52483333333333,24.126666666666665,train
1603,MOD-PM-00884,2025-10-22T22:00:00Z,2025-10-22,22,Not Harmattan,-0.5000000000000004,0.8660254037844384,0,22.187206323747233,21.28886048327032,23.02094322756337,26.585833333333333,77.35216666666666,19.1,train
1604,MOD-PM-00884,2025-10-22T23:00:00Z,2025-10-22,23,Not Harmattan,-0.25881904510252157,0.9659258262890681,0,16.642028450183506,16.086574595289896,18.36501197023204,26.480847457627117,77.41525423728814,20.196666666666665,train
1605,MOD-PM-00884,2025-10-23T00:00:00Z,2025-10-23,0,Not Harmattan,0,1,0,14.653029138143324,14.191104299533103,17.022994207845596,26.46088888888889,77.00533333333333,17.195,train
1606,MOD-PM-00884,2025-10-23T01:00:00Z,2025-10-23,1,Not Harmattan,0.25881904510252074,0.9659258262890683,0,14.474219788392167,13.991558408083735,16.847272409662516,25.77346153846154,78.56442307692308,16.15,train
1607,MOD-PM-00884,2025-10-23T02:00:00Z,2025-10-23,2,Not Harmattan,0.49999999999999994,0.8660254037844387,0,16.5935132482929,16.005386028027374,18.34003510039162,25.456666666666667,79.45516666666667,16.38,train
1608,MOD-PM-00884,2025-10-23T03:00:00Z,2025-10-23,3,Not Harmattan,0.7071067811865475,0.7071067811865476,0,14.651492934017956,14.19345779454349,16.842221616974193,25.244,80.06933333333333,18.411666666666665,train
1609,MOD-PM-00884,2025-10-23T04:00:00Z,2025-10-23,4,Not Harmattan,0.8660254037844386,0.5000000000000001,0,16.01248142337075,15.439335207669172,17.81152890576171,24.806166666666662,83.0295,16.918333333333333,train
1610,MOD-PM-00884,2025-10-23T05:00:00Z,2025-10-23,5,Not Harmattan,0.9659258262890683,0.25881904510252074,0,11.871276145816076,11.585734020696046,14.377882123631078,24.101,86.51216666666667,19.358333333333334,train
1611,MOD-PM-00884,2025-10-23T06:00:00Z,2025-10-23,6,Not Harmattan,1,6.123233995736766e-17,0,11.134142870720934,10.931552186910904,13.754954672186376,24.192833333333333,87.19466666666666,15.915,train
1612,MOD-PM-00884,2025-10-23T07:00:00Z,2025-10-23,7,Not Harmattan,0.9659258262890683,-0.25881904510252063,0,10.926061982730705,10.864583390198575,13.352127516125169,25.8905,81.64583333333333,14.311666666666667,train
1613,MOD-PM-00884,2025-10-23T08:00:00Z,2025-10-23,8,Not Harmattan,0.8660254037844387,-0.49999999999999983,0,9.60294160480459,9.701681104973,12.327747745329363,26.574,79.524,11.995,train
1614,MOD-PM-00884,2025-10-23T09:00:00Z,2025-10-23,9,Not Harmattan,0.7071067811865476,-0.7071067811865475,0,10.419991481235847,10.425659777158696,13.084160779420843,29.363166666666668,71.35016666666667,9.748333333333331,train
1615,MOD-PM-00884,2025-10-23T10:00:00Z,2025-10-23,10,Not Harmattan,0.49999999999999994,-0.8660254037844387,0,11.586806488087372,11.477210325707752,14.102614529914463,32.9815,61.09883333333333,9.42,train
1616,MOD-PM-00884,2025-10-23T11:00:00Z,2025-10-23,11,Not Harmattan,0.258819045102521,-0.9659258262890682,0,13.797064356323853,13.507128629730968,16.038858699368618,34.977333333333334,55.73883333333333,9.861666666666666,train
1617,MOD-PM-00884,2025-10-23T12:00:00Z,2025-10-23,12,Not Harmattan,1.2246467991473532e-16,-1,0,16.712847759907838,16.145364472405113,18.479067438041245,36.783166666666666,51.023833333333336,10.716666666666669,train
1618,MOD-PM-00884,2025-10-23T13:00:00Z,2025-10-23,13,Not Harmattan,-0.2588190451025208,-0.9659258262890683,0,14.480015847864502,13.855285571443993,18.00806734442372,38.37916666666667,46.85616666666667,11.553333333333333,train
1619,MOD-PM-00884,2025-10-23T14:00:00Z,2025-10-23,14,Not Harmattan,-0.4999999999999998,-0.8660254037844388,0,14.624942432629943,14.133318622316327,16.775834386868937,38.936,45.512,12.533333333333331,train
1620,MOD-PM-00884,2025-10-23T15:00:00Z,2025-10-23,15,Not Harmattan,-0.7071067811865471,-0.7071067811865479,0,16.08707568917517,15.331196280257508,18.21057921155033,38.91466666666667,45.48016666666667,11.906666666666666,train
1621,MOD-PM-00884,2025-10-23T16:00:00Z,2025-10-23,16,Not Harmattan,-0.8660254037844384,-0.5000000000000004,0,16.579442706082666,15.982838648036896,18.07812080575593,35.48683333333333,53.8495,13.69,train
1622,MOD-PM-00884,2025-10-23T17:00:00Z,2025-10-23,17,Not Harmattan,-0.9659258262890683,-0.25881904510252063,0,19.080430603726896,18.33032487143111,20.35410766981445,32.795833333333334,63.178,13.286666666666669,train
1623,MOD-PM-00884,2025-10-23T18:00:00Z,2025-10-23,18,Not Harmattan,-1,-1.8369701987210297e-16,0,16.30949221654771,15.673139225607969,18.383587398932463,28.595,75.48783333333333,15.853333333333332,train
1624,MOD-PM-00884,2025-10-23T19:00:00Z,2025-10-23,19,Not Harmattan,-0.9659258262890684,0.2588190451025203,0,20.057558387912295,19.151707455640512,21.369606311517384,27.559333333333335,77.45433333333334,16.358333333333334,train
1625,MOD-PM-00884,2025-10-23T20:00:00Z,2025-10-23,20,Not Harmattan,-0.8660254037844386,0.5000000000000001,0,45.38681828043684,42.90873899190374,41.34464047809663,27.321666666666665,80.597,19.67833333333333,train
1626,MOD-PM-00884,2025-10-23T21:00:00Z,2025-10-23,21,Not Harmattan,-0.7071067811865477,0.7071067811865474,0,79.49354750087932,74.90281709351059,68.61128706529426,27.074166666666667,83.51383333333334,39.5,train
1627,MOD-PM-00884,2025-10-23T22:00:00Z,2025-10-23,22,Not Harmattan,-0.5000000000000004,0.8660254037844384,0,55.45794141600003,52.39314432554307,49.18832095006641,27.0475,83.19216666666667,62.53,train
1628,MOD-PM-00884,2025-10-23T23:00:00Z,2025-10-23,23,Not Harmattan,-0.25881904510252157,0.9659258262890681,0,36.5183798383162,34.64518194053034,34.126494906504504,27.023166666666665,81.91783333333333,45.79333333333333,train
1629,MOD-PM-00884,2025-10-24T00:00:00Z,2025-10-24,0,Not Harmattan,0,1,0,23.214376297184696,22.23256068009018,23.43062876445431,26.9175,80.898,32.70166666666667,train
1630,MOD-PM-00884,2025-10-24T01:00:00Z,2025-10-24,1,Not Harmattan,0.25881904510252074,0.9659258262890683,0,18.13572624289552,17.434778336826405,19.75750755123225,26.687666666666665,79.59116666666667,21.876666666666665,train
1631,MOD-PM-00884,2025-10-24T02:00:00Z,2025-10-24,2,Not Harmattan,0.49999999999999994,0.8660254037844387,0,23.597992297270174,22.556438787717894,24.19399499570035,26.241666666666667,80.62133333333334,18.703333333333333,train
1632,MOD-PM-00884,2025-10-24T03:00:00Z,2025-10-24,3,Not Harmattan,0.7071067811865475,0.7071067811865476,0,18.792840956203747,18.144328224888504,19.999763261185503,25.813,79.91033333333333,23.69,train
1633,MOD-PM-00884,2025-10-24T04:00:00Z,2025-10-24,4,Not Harmattan,0.8660254037844386,0.5000000000000001,0,18.59929962849743,17.944075939631784,21.607927143989983,25.368333333333332,78.5355,19.751666666666665,train
1634,MOD-PM-00884,2025-10-24T05:00:00Z,2025-10-24,5,Not Harmattan,0.9659258262890683,0.25881904510252074,0,11.49369620441789,10.999983100414427,17.439848912408774,21.396166666666662,82.897,18.64666666666667,train
1635,MOD-PM-00884,2025-10-24T06:00:00Z,2025-10-24,6,Not Harmattan,1,6.123233995736766e-17,0,10.763700160878663,10.654769630662615,13.512509329583455,21.905833333333337,85.26116666666667,17.001666666666665,train
1636,MOD-PM-00884,2025-10-24T07:00:00Z,2025-10-24,7,Not Harmattan,0.9659258262890683,-0.25881904510252063,0,9.518783448715244,9.62161097227644,12.353427166638824,25.361833333333333,75.97366666666666,13.91,train
1637,MOD-PM-00884,2025-10-24T08:00:00Z,2025-10-24,8,Not Harmattan,0.8660254037844387,-0.49999999999999983,0,9.474584726187857,9.59594483731762,12.060529004076514,29.92148148148148,61.85074074074074,10.318333333333332,train
1638,MOD-PM-00884,2025-10-24T09:00:00Z,2025-10-24,9,Not Harmattan,0.7071067811865476,-0.7071067811865475,0,11.197586741625992,11.185479549107416,13.416090608858813,33.665,53.4094,8.488333333333333,train
1639,MOD-PM-00884,2025-10-24T10:00:00Z,2025-10-24,10,Not Harmattan,0.49999999999999994,-0.8660254037844387,0,13.872739402906737,13.68964312970508,15.711694970525684,35.8215,49.2825,7.668333333333333,train
1640,MOD-PM-00884,2025-10-24T11:00:00Z,2025-10-24,11,Not Harmattan,0.258819045102521,-0.9659258262890682,0,14.979866761860633,14.697522558306709,16.466543535257387,38.03933333333333,45.8605,8.29,train
1641,MOD-PM-00884,2025-10-24T12:00:00Z,2025-10-24,12,Not Harmattan,1.2246467991473532e-16,-1,0,12.524088128100596,12.343572239625123,14.759280790279591,38.376,46.03366666666667,8.693333333333333,train
1642,MOD-PM-00884,2025-10-24T13:00:00Z,2025-10-24,13,Not Harmattan,-0.2588190451025208,-0.9659258262890683,0,13.405087599272871,13.184828069167432,15.218428843292754,37.9525,48.4145,9.488333333333332,train
1643,MOD-PM-00884,2025-10-24T14:00:00Z,2025-10-24,14,Not Harmattan,-0.4999999999999998,-0.8660254037844388,0,16.908509864990773,16.49196310543279,18.026382697837665,36.85616666666667,51.470166666666664,9.651666666666667,train
1644,MOD-PM-00884,2025-10-24T15:00:00Z,2025-10-24,15,Not Harmattan,-0.7071067811865471,-0.7071067811865479,0,13.752650383955883,13.520999500868456,15.449891294935629,35.8925,55.1145,10.14,train
1645,MOD-PM-00884,2025-10-24T16:00:00Z,2025-10-24,16,Not Harmattan,-0.8660254037844384,-0.5000000000000004,0,11.910204645931069,11.802896840945628,14.092927462060494,31.215333333333337,68.87683333333334,10.331666666666669,train
1646,MOD-PM-00884,2025-10-24T17:00:00Z,2025-10-24,17,Not Harmattan,-0.9659258262890683,-0.25881904510252063,0,23.00042248722845,22.163706522252365,23.235986652288997,29.2765,75.28216666666667,11.065,train
1647,MOD-PM-00884,2025-10-24T18:00:00Z,2025-10-24,18,Not Harmattan,-1,-1.8369701987210297e-16,0,63.9996781816711,60.71247343714889,55.64921594336435,27.899333333333335,79.88183333333333,18.555,train
1648,MOD-PM-00884,2025-10-24T19:00:00Z,2025-10-24,19,Not Harmattan,-0.9659258262890684,0.2588190451025203,0,31.153995816708413,29.85913500835376,29.288033652898704,26.835333333333335,78.46016666666667,42.266666666666666,train
1649,MOD-PM-00884,2025-10-24T20:00:00Z,2025-10-24,20,Not Harmattan,-0.8660254037844386,0.5000000000000001,0,13.093353717000562,12.944829293244904,15.227199353339984,25.376333333333335,78.088,24.811666666666667,train
1650,MOD-PM-00884,2025-10-24T21:00:00Z,2025-10-24,21,Not Harmattan,-0.7071067811865477,0.7071067811865474,0,12.55398293227481,12.444862304172789,14.607558867822895,25.588833333333337,76.93983333333334,12.615,train
1651,MOD-PM-00884,2025-10-24T22:00:00Z,2025-10-24,22,Not Harmattan,-0.5000000000000004,0.8660254037844384,0,11.677306584216405,11.642910482583162,14.00060796711288,25.543333333333333,74.0685,12.433333333333334,train
1652,MOD-PM-00884,2025-10-24T23:00:00Z,2025-10-24,23,Not Harmattan,-0.25881904510252157,0.9659258262890681,0,11.77949134800698,11.742603761687814,13.924581077316072,25.478,72.754,11.845,train
1653,MOD-PM-00884,2025-10-25T00:00:00Z,2025-10-25,0,Not Harmattan,0,1,0,11.168503542640137,11.18344028095128,13.496264132595073,25.1405,72.7925,11.265,train
1654,MOD-PM-00884,2025-10-25T01:00:00Z,2025-10-25,1,Not Harmattan,0.25881904510252074,0.9659258262890683,0,11.61562051148312,11.599778037243016,13.862349962782744,24.787,78.32833333333333,10.73,train
1655,MOD-PM-00884,2025-10-25T02:00:00Z,2025-10-25,2,Not Harmattan,0.49999999999999994,0.8660254037844387,0,12.132967838836326,12.080468170726006,14.177171766676333,24.44783333333333,80.077,11.788333333333334,train
1656,MOD-PM-00884,2025-10-25T03:00:00Z,2025-10-25,3,Not Harmattan,0.7071067811865475,0.7071067811865476,0,12.63954814258518,12.503789458533564,14.670738145604572,23.878666666666668,82.74333333333334,12.301666666666666,train
1657,MOD-PM-00884,2025-10-25T04:00:00Z,2025-10-25,4,Not Harmattan,0.8660254037844386,0.5000000000000001,0,13.947272492440671,13.712960044848812,15.694612229334592,23.718666666666667,83.981,13.875,train
1658,MOD-PM-00884,2025-10-25T05:00:00Z,2025-10-25,5,Not Harmattan,0.9659258262890683,0.25881904510252074,0,16.32688666945399,15.903249474811124,17.63114084776325,23.740833333333335,84.2345,15.411666666666669,train
1659,MOD-PM-00884,2025-10-25T06:00:00Z,2025-10-25,6,Not Harmattan,1,6.123233995736766e-17,0,23.077769685204437,22.215169185626536,23.136634946582795,24.445,82.50133333333333,17.633333333333333,train
1660,MOD-PM-00884,2025-10-25T07:00:00Z,2025-10-25,7,Not Harmattan,0.9659258262890683,-0.25881904510252063,0,15.584002824933794,15.219402060867864,17.19525439977626,28.0095,71.6825,21.361666666666668,train
1661,MOD-PM-00884,2025-10-25T08:00:00Z,2025-10-25,8,Not Harmattan,0.8660254037844387,-0.49999999999999983,0,15.037739513734042,14.669953961441218,16.678900497446023,31.260666666666665,62.867666666666665,14.468333333333334,train
1662,MOD-PM-00884,2025-10-25T09:00:00Z,2025-10-25,9,Not Harmattan,0.7071067811865476,-0.7071067811865475,0,15.016817229230124,14.637498816352537,16.85279363719329,34.5385,55.27733333333333,12.881666666666666,train
1663,MOD-PM-00884,2025-10-25T10:00:00Z,2025-10-25,10,Not Harmattan,0.49999999999999994,-0.8660254037844387,0,19.0075492734959,18.2614129984568,20.116750803311003,37.466,45.72516666666667,12.233333333333333,train
1664,MOD-PM-00884,2025-10-25T11:00:00Z,2025-10-25,11,Not Harmattan,0.258819045102521,-0.9659258262890682,0,19.187591037516455,18.420206577331715,20.36306781251135,40.330333333333336,38.474333333333334,13.02,train
1665,MOD-PM-00884,2025-10-25T12:00:00Z,2025-10-25,12,Not Harmattan,1.2246467991473532e-16,-1,0,17.6089577698885,16.918247103580395,19.24750634266595,40.64033333333333,37.20433333333333,16.071666666666665,train
1666,MOD-PM-00884,2025-10-25T13:00:00Z,2025-10-25,13,Not Harmattan,-0.2588190451025208,-0.9659258262890683,0,18.01139566919144,17.27583085092084,19.44516677450518,41.7965,35.357,15.43,train
1667,MOD-PM-00884,2025-10-25T14:00:00Z,2025-10-25,14,Not Harmattan,-0.4999999999999998,-0.8660254037844388,0,16.428700667968933,15.819249466002358,17.91389605791986,42.31272727272727,34.54545454545455,14.196666666666667,train
1668,MOD-PM-00884,2025-10-25T15:00:00Z,2025-10-25,15,Not Harmattan,-0.7071067811865471,-0.7071067811865479,0,18.05640101217404,17.391626653107426,19.84420127757299,40.621,37.06016666666667,13.565,train
1669,MOD-PM-00884,2025-10-25T16:00:00Z,2025-10-25,16,Not Harmattan,-0.8660254037844384,-0.5000000000000004,0,27.238673721853445,26.00309054726904,26.58728545630049,36.622166666666665,45.117333333333335,13.601666666666668,train
1670,MOD-PM-00884,2025-10-25T17:00:00Z,2025-10-25,17,Not Harmattan,-0.9659258262890683,-0.25881904510252063,0,34.22859281845665,32.49694760669362,32.71632331267616,33.029833333333336,55.82033333333333,14.828333333333331,train
1671,MOD-PM-00884,2025-10-25T18:00:00Z,2025-10-25,18,Not Harmattan,-1,-1.8369701987210297e-16,0,59.16540693585653,55.94793501250589,52.78435649119767,29.468166666666665,69.03833333333333,21.711666666666662,train
1672,MOD-PM-00884,2025-10-25T19:00:00Z,2025-10-25,19,Not Harmattan,-0.9659258262890684,0.2588190451025203,0,62.12660352422631,58.71133574785755,54.96721792154748,28.174833333333332,73.95916666666666,36.64833333333333,train
1673,MOD-PM-00884,2025-10-25T20:00:00Z,2025-10-25,20,Not Harmattan,-0.8660254037844386,0.5000000000000001,0,39.61355245903563,37.65897017637352,36.75055249903206,27.654333333333337,75.38266666666667,40.865,train
1674,MOD-PM-00884,2025-10-25T21:00:00Z,2025-10-25,21,Not Harmattan,-0.7071067811865477,0.7071067811865474,0,28.1819710284638,26.907178922074912,27.397080081274037,27.115666666666662,76.38083333333333,30.24,train
1675,MOD-PM-00884,2025-10-25T22:00:00Z,2025-10-25,22,Not Harmattan,-0.5000000000000004,0.8660254037844384,0,29.981348672071196,28.576050570568025,28.920920645858654,26.744333333333337,77.378,22.923333333333332,train
1676,MOD-PM-00884,2025-10-25T23:00:00Z,2025-10-25,23,Not Harmattan,-0.25881904510252157,0.9659258262890681,0,34.43526665222585,32.7484124563997,32.564348546686574,26.614333333333335,78.84633333333333,25.618333333333332,train
1677,MOD-PM-00884,2025-10-26T00:00:00Z,2025-10-26,0,Not Harmattan,0,1,0,24.218442032471145,23.23872789297581,24.07446321552511,26.394,78.5525,30.453333333333337,train
1678,MOD-PM-00884,2025-10-26T01:00:00Z,2025-10-26,1,Not Harmattan,0.25881904510252074,0.9659258262890683,0,17.496495392657405,16.947758776707865,18.7883740923736,26.073666666666668,79.46983333333333,22.116666666666667,train
1679,MOD-PM-00884,2025-10-26T02:00:00Z,2025-10-26,2,Not Harmattan,0.49999999999999994,0.8660254037844387,0,18.81765812992818,18.218646082314457,19.63069071676553,25.730666666666668,80.79833333333333,17.043333333333333,train
1680,MOD-PM-00884,2025-10-26T03:00:00Z,2025-10-26,3,Not Harmattan,0.7071067811865475,0.7071067811865476,0,15.748607776703407,15.352050682910816,17.27589568404837,24.990666666666662,83.28333333333333,18.126666666666665,train
1681,MOD-PM-00884,2025-10-26T04:00:00Z,2025-10-26,4,Not Harmattan,0.8660254037844386,0.5000000000000001,0,14.32654497732212,14.06954339649002,15.898356708684055,24.466666666666665,84.71333333333334,16.395,train
1682,MOD-PM-00884,2025-10-26T05:00:00Z,2025-10-26,5,Not Harmattan,0.9659258262890683,0.25881904510252074,0,12.79828017238878,12.619585260720154,14.980724316931578,24.131166666666665,85.7645,15.353333333333332,train
1683,MOD-PM-00884,2025-10-26T06:00:00Z,2025-10-26,6,Not Harmattan,1,6.123233995736766e-17,0,13.03572567020907,12.764719590624727,15.157446143703089,23.997333333333337,87.18983333333334,14.725,train
1684,MOD-PM-00884,2025-10-26T07:00:00Z,2025-10-26,7,Not Harmattan,0.9659258262890683,-0.25881904510252063,0,13.005157927059583,12.847521573115351,14.986950588929073,25.9505,81.868,15.713333333333331,train
1685,MOD-PM-00884,2025-10-26T08:00:00Z,2025-10-26,8,Not Harmattan,0.8660254037844387,-0.49999999999999983,0,13.361734015593214,13.174593251629092,15.26488884246187,29.795,70.281,14.006666666666666,train
1686,MOD-PM-00884,2025-10-26T09:00:00Z,2025-10-26,9,Not Harmattan,0.7071067811865476,-0.7071067811865475,0,14.302971721097432,14.042109468276353,16.274540477466648,33.3675,60.10466666666667,11.905,train
1687,MOD-PM-00884,2025-10-26T10:00:00Z,2025-10-26,10,Not Harmattan,0.49999999999999994,-0.8660254037844387,0,14.84303134371621,14.536659060299217,16.516881093563892,35.61932203389831,53.349322033898304,11.278333333333334,train
1688,MOD-PM-00884,2025-10-26T11:00:00Z,2025-10-26,11,Not Harmattan,0.258819045102521,-0.9659258262890682,0,18.17867198477198,17.65097923813441,19.073660611081102,38.126,46.542,10.861666666666666,train
1689,MOD-PM-00884,2025-10-26T12:00:00Z,2025-10-26,12,Not Harmattan,1.2246467991473532e-16,-1,0,18.00778626923316,17.45241993021486,19.084058801371334,38.748333333333335,44.31633333333333,10.531666666666666,train
1690,MOD-PM-00884,2025-10-26T13:00:00Z,2025-10-26,13,Not Harmattan,-0.2588190451025208,-0.9659258262890683,0,20.35316212686823,19.681667077310884,20.87853676247646,39.17816666666667,44.409666666666666,11.38,train
1691,MOD-PM-00884,2025-10-26T14:00:00Z,2025-10-26,14,Not Harmattan,-0.4999999999999998,-0.8660254037844388,0,17.687997511347746,17.08933107186066,18.775438092259044,40.253898305084746,40.28762711864407,11.596666666666668,train
1692,MOD-PM-00884,2025-10-26T15:00:00Z,2025-10-26,15,Not Harmattan,-0.7071067811865471,-0.7071067811865479,0,19.968118680471576,19.155939898983437,21.085046717966947,39.40083333333333,40.354,12.393333333333333,train
1693,MOD-PM-00884,2025-10-26T16:00:00Z,2025-10-26,16,Not Harmattan,-0.8660254037844384,-0.5000000000000004,0,33.723011727125616,32.02560732532272,32.27944129327841,33.3305,57.47366666666667,13.891666666666666,train
1694,MOD-PM-00884,2025-10-26T17:00:00Z,2025-10-26,17,Not Harmattan,-0.9659258262890683,-0.25881904510252063,0,47.19263982453473,44.46847131728594,44.648215065274535,31.397833333333335,62.43416666666667,22.128333333333337,train
1695,MOD-PM-00884,2025-10-26T18:00:00Z,2025-10-26,18,Not Harmattan,-1,-1.8369701987210297e-16,0,68.06201100203157,64.07234771734986,60.36899742450479,28.50050847457627,70.99898305084746,30.518333333333334,train
1696,MOD-PM-00884,2025-10-26T19:00:00Z,2025-10-26,19,Not Harmattan,-0.9659258262890684,0.2588190451025203,0,72.11956377820712,67.98217583808879,64.04931021490712,28.194333333333333,73.38983333333333,47.14,train
1697,MOD-PM-00884,2025-10-26T20:00:00Z,2025-10-26,20,Not Harmattan,-0.8660254037844386,0.5000000000000001,0,36.45173848767409,34.65907205004666,34.937206089284786,28.106333333333332,73.92216666666667,52.413333333333334,train
1698,MOD-PM-00884,2025-10-26T21:00:00Z,2025-10-26,21,Not Harmattan,-0.7071067811865477,0.7071067811865474,0,40.55693133400663,38.544358846955205,37.56388693346611,27.640833333333333,74.80216666666666,26.838333333333335,train
1699,MOD-PM-00884,2025-10-26T22:00:00Z,2025-10-26,22,Not Harmattan,-0.5000000000000004,0.8660254037844384,0,48.213629266510544,45.794903083321145,43.36990887344629,27.3835593220339,74.35745762711865,29.706666666666667,train
1700,MOD-PM-00884,2025-10-26T23:00:00Z,2025-10-26,23,Not Harmattan,-0.25881904510252157,0.9659258262890681,0,20.861536934551147,20.104180353207525,21.587336198779997,27.29,73.45083333333334,34.410000000000004,train
1701,MOD-PM-00884,2025-10-27T00:00:00Z,2025-10-27,0,Not Harmattan,0,1,0,18.973045856945586,18.355315525533182,20.403649199540705,27.031166666666667,73.35733333333333,17.448333333333334,test
1702,MOD-PM-00884,2025-10-27T01:00:00Z,2025-10-27,1,Not Harmattan,0.25881904510252074,0.9659258262890683,0,18.853548208609364,18.24919662789882,19.857396549445852,26.272,76.12683333333334,16.528333333333332,test
1703,MOD-PM-00884,2025-10-27T02:00:00Z,2025-10-27,2,Not Harmattan,0.49999999999999994,0.8660254037844387,0,22.077550451127955,21.31429427223395,22.537283815366752,26.163389830508475,77.44305084745763,16.341666666666665,test
1704,MOD-PM-00884,2025-10-27T03:00:00Z,2025-10-27,3,Not Harmattan,0.7071067811865475,0.7071067811865476,0,22.94719913191147,22.154933821505217,23.087330457668628,25.594166666666663,80.4765,18.851666666666667,test
1705,MOD-PM-00884,2025-10-27T04:00:00Z,2025-10-27,4,Not Harmattan,0.8660254037844386,0.5000000000000001,0,19.871745662376533,19.3042485613952,20.41949932850894,25.1935,81.679,20.446666666666665,test
1706,MOD-PM-00884,2025-10-27T05:00:00Z,2025-10-27,5,Not Harmattan,0.9659258262890683,0.25881904510252074,0,16.362980669036773,15.95228810245253,17.745220689260478,24.117,85.38,18.625,test
1707,MOD-PM-00884,2025-10-27T06:00:00Z,2025-10-27,6,Not Harmattan,1,6.123233995736766e-17,0,16.262424507429802,15.897366769853525,17.57914534298576,24.209830508474575,85.27847457627118,17.883333333333333,test
1708,MOD-PM-00884,2025-10-27T07:00:00Z,2025-10-27,7,Not Harmattan,0.9659258262890683,-0.25881904510252063,0,16.223539556524308,15.904307585646857,17.92265363846825,26.98,77.07033333333334,17.43,test
1709,MOD-PM-00884,2025-10-27T08:00:00Z,2025-10-27,8,Not Harmattan,0.8660254037844387,-0.49999999999999983,0,9.83612515578149,9.931926022827977,12.683261555297944,30.2995,67.66283333333334,14.221666666666666,test
1710,MOD-PM-00884,2025-10-27T09:00:00Z,2025-10-27,9,Not Harmattan,0.7071067811865476,-0.7071067811865475,0,9.54419199305431,9.620629814956036,12.604153134943996,33.11233333333333,59.7665,8.315,test
1711,MOD-PM-00884,2025-10-27T10:00:00Z,2025-10-27,10,Not Harmattan,0.49999999999999994,-0.8660254037844387,0,12.252060756027168,12.133537727843928,15.084833177285786,35.33,53.69728813559322,7.29,test
1712,MOD-PM-00884,2025-10-27T11:00:00Z,2025-10-27,11,Not Harmattan,0.258819045102521,-0.9659258262890682,0,24.640369403627304,23.786305819470783,24.48826827221348,37.726166666666664,48.721666666666664,8.843333333333334,test
1713,MOD-PM-00884,2025-10-27T12:00:00Z,2025-10-27,12,Not Harmattan,1.2246467991473532e-16,-1,0,15.475680042005129,15.09329448762761,17.28561435734395,38.562,46.41583333333333,9.488333333333332,test
1714,MOD-PM-00884,2025-10-27T13:00:00Z,2025-10-27,13,Not Harmattan,-0.2588190451025208,-0.9659258262890683,0,15.647728106683056,15.25191492109304,17.468072571767973,39.363166666666665,45.41883333333333,10.23,test
1715,MOD-PM-00884,2025-10-27T14:00:00Z,2025-10-27,14,Not Harmattan,-0.4999999999999998,-0.8660254037844388,0,15.28708811652064,14.886138885112569,17.27333858954781,39.12305084745763,45.96423728813559,10.296666666666669,test
1716,MOD-PM-00884,2025-10-27T15:00:00Z,2025-10-27,15,Not Harmattan,-0.7071067811865471,-0.7071067811865479,0,17.480038975898474,16.93257969580984,18.879571594144,38.97,45.019,10.738333333333332,test
1717,MOD-PM-00884,2025-10-27T16:00:00Z,2025-10-27,16,Not Harmattan,-0.8660254037844384,-0.5000000000000004,0,24.81748007300437,23.720322230263875,25.58408133138449,33.27016666666667,53.973333333333336,11.151666666666667,test
1718,MOD-PM-00884,2025-10-27T17:00:00Z,2025-10-27,17,Not Harmattan,-0.9659258262890683,-0.25881904510252063,0,31.19747175292903,29.609709426803818,30.89788842682941,28.625,60.39416666666666,16.325,test
1719,MOD-PM-00884,2025-10-27T18:00:00Z,2025-10-27,18,Not Harmattan,-1,-1.8369701987210297e-16,0,55.97185872466264,52.7739152104887,52.32093956082513,27.63864406779661,63.57932203389831,22.16,test
1720,MOD-PM-00884,2025-10-27T19:00:00Z,2025-10-27,19,Not Harmattan,-0.9659258262890684,0.2588190451025203,0,75.67622979133218,71.15637367662873,68.35705289297019,27.562166666666663,63.717,34.92,test
1721,MOD-PM-00884,2025-10-27T20:00:00Z,2025-10-27,20,Not Harmattan,-0.8660254037844386,0.5000000000000001,0,47.74946623843724,44.99025462795294,45.01632364372536,27.43166666666667,66.27433333333333,46.086666666666666,test
1722,MOD-PM-00884,2025-10-27T21:00:00Z,2025-10-27,21,Not Harmattan,-0.7071067811865477,0.7071067811865474,0,37.7514487460968,35.83734579995858,35.32871849724903,27.171166666666668,69.7235,33.25,test
1723,MOD-PM-00884,2025-10-27T22:00:00Z,2025-10-27,22,Not Harmattan,-0.5000000000000004,0.8660254037844384,0,28.384554347198417,27.038344558576757,28.153897557881056,27.20220338983051,72.07118644067796,26.86,test
1724,MOD-PM-00884,2025-10-27T23:00:00Z,2025-10-27,23,Not Harmattan,-0.25881904510252157,0.9659258262890681,0,23.138476937610054,22.257609049328742,23.422411349635283,26.902333333333335,70.67916666666666,23.236666666666668,test
1725,MOD-PM-00884,2025-10-28T00:00:00Z,2025-10-28,0,Not Harmattan,0,1,0,17.36990129694559,16.930001753046422,18.58545135450604,25.824666666666666,72.71333333333334,18.19,train
1726,MOD-PM-00884,2025-10-28T01:00:00Z,2025-10-28,1,Not Harmattan,0.25881904510252074,0.9659258262890683,0,16.78450556472925,16.369760923095324,18.1051908664963,25.671666666666667,75.04233333333333,14.836666666666666,train
1727,MOD-PM-00884,2025-10-28T02:00:00Z,2025-10-28,2,Not Harmattan,0.49999999999999994,0.8660254037844387,0,17.417843100911192,16.85568389562047,19.151236167516885,25.172333333333334,79.94916666666667,14.695,train
1728,MOD-PM-00884,2025-10-28T03:00:00Z,2025-10-28,3,Not Harmattan,0.7071067811865475,0.7071067811865476,0,14.607036103697787,14.148813343056878,16.829887459463887,24.76813559322034,83.19898305084746,16.946666666666665,train
1729,MOD-PM-00884,2025-10-28T04:00:00Z,2025-10-28,4,Not Harmattan,0.8660254037844386,0.5000000000000001,0,14.003289564109544,13.650531505540709,15.95124841522114,24.295333333333332,85.413,15.95,train
1730,MOD-PM-00884,2025-10-28T05:00:00Z,2025-10-28,5,Not Harmattan,0.9659258262890683,0.25881904510252074,0,14.226542167178636,13.81715510460003,16.17509395543561,23.8315,87.22216666666667,16.473333333333333,train
1731,MOD-PM-00884,2025-10-28T06:00:00Z,2025-10-28,6,Not Harmattan,1,6.123233995736766e-17,0,15.576355791123882,15.206800922733256,17.258370466674712,24.095166666666668,85.921,17.235,train
1732,MOD-PM-00884,2025-10-28T07:00:00Z,2025-10-28,7,Not Harmattan,0.9659258262890683,-0.25881904510252063,0,12.821062284640998,12.697893940493872,14.87082148273887,26.33542372881356,78.60186440677965,17.36,train
1733,MOD-PM-00884,2025-10-28T08:00:00Z,2025-10-28,8,Not Harmattan,0.8660254037844387,-0.49999999999999983,0,10.66583852020196,10.67714386524361,13.336862087826743,28.7565,71.58633333333333,11.82,train
1734,MOD-PM-00884,2025-10-28T09:00:00Z,2025-10-28,9,Not Harmattan,0.7071067811865476,-0.7071067811865475,0,11.020069518367215,10.991518213728584,13.535217839381422,30.6605,65.48466666666667,9.195,train
1735,MOD-PM-00884,2025-10-28T22:00:00Z,2025-10-28,22,Not Harmattan,-0.5000000000000004,0.8660254037844384,0,31.79926272563382,30.06171513744909,31.618729536386983,27.299666666666667,77.5985,33.47666666666667,train
1736,MOD-PM-00884,2025-10-28T23:00:00Z,2025-10-28,23,Not Harmattan,-0.25881904510252157,0.9659258262890681,0,20.100167487486804,19.23195171196921,21.66695030619973,27.17322033898305,76.4335593220339,29.70677966101695,train
1737,MOD-PM-00884,2025-10-29T00:00:00Z,2025-10-29,0,Not Harmattan,0,1,0,19.219259953534568,18.339482339754888,21.27420528601263,27.390833333333333,73.44133333333333,21.095,train
1738,MOD-PM-00884,2025-10-29T01:00:00Z,2025-10-29,1,Not Harmattan,0.25881904510252074,0.9659258262890683,0,17.717423297448285,16.96201441542198,19.70791861334358,26.820666666666668,75.28166666666667,19.916666666666668,train
1739,MOD-PM-00884,2025-10-29T02:00:00Z,2025-10-29,2,Not Harmattan,0.49999999999999994,0.8660254037844387,0,15.93393109207534,15.297933123257904,18.14063636926376,26.511166666666668,76.03066666666666,19.263333333333332,train
1740,MOD-PM-00884,2025-10-29T03:00:00Z,2025-10-29,3,Not Harmattan,0.7071067811865475,0.7071067811865476,0,16.912551992014816,16.210261067465343,18.847852051531284,25.528813559322035,80.62694915254238,18.178333333333335,train
1741,MOD-PM-00884,2025-10-29T04:00:00Z,2025-10-29,4,Not Harmattan,0.8660254037844386,0.5000000000000001,0,15.470969469178224,14.85800911451879,17.345174812061092,24.740833333333335,85.613,20.373333333333335,train
1742,MOD-PM-00884,2025-10-29T05:00:00Z,2025-10-29,5,Not Harmattan,0.9659258262890683,0.25881904510252074,0,13.762927997396408,13.34158237988621,15.877971198844545,24.988833333333332,86.55516666666666,19.99,train
1743,MOD-PM-00884,2025-10-29T06:00:00Z,2025-10-29,6,Not Harmattan,1,6.123233995736766e-17,0,12.99522697915178,12.594690798512238,15.475823559777984,25.519,85.49533333333333,17.735,train
1744,MOD-PM-00884,2025-10-29T07:00:00Z,2025-10-29,7,Not Harmattan,0.9659258262890683,-0.25881904510252063,0,12.9363754069507,12.58249366633309,15.255644250790464,26.578833333333332,82.13533333333334,15.643333333333333,train
1745,MOD-PM-00884,2025-10-29T08:00:00Z,2025-10-29,8,Not Harmattan,0.8660254037844387,-0.49999999999999983,0,15.914881077951009,15.459162150463191,17.66182839235453,29.167118644067795,72.8177966101695,13.865,train
1746,MOD-PM-00884,2025-10-29T09:00:00Z,2025-10-29,9,Not Harmattan,0.7071067811865476,-0.7071067811865475,0,16.815012131608256,16.285746922738316,18.46626723418853,32.074,63.330333333333336,13.965,train
1747,MOD-PM-00884,2025-10-29T22:00:00Z,2025-10-29,22,Not Harmattan,-0.5000000000000004,0.8660254037844384,0,23.691591991103486,22.52692711459043,24.637814409531863,27.438333333333333,76.52916666666667,22.948333333333338,train
1748,MOD-PM-00884,2025-10-29T23:00:00Z,2025-10-29,23,Not Harmattan,-0.25881904510252157,0.9659258262890681,0,31.781684743916102,30.180723748900537,30.608461595270786,27.246833333333335,77.4315,24.776271186440677,train
1749,MOD-PM-00884,2025-10-30T00:00:00Z,2025-10-30,0,Not Harmattan,0,1,0,17.57101130990489,16.80666248126539,19.374907046080345,27.01684210526316,77.57298245614035,29.236666666666668,train
1750,MOD-PM-00884,2025-10-30T01:00:00Z,2025-10-30,1,Not Harmattan,0.25881904510252074,0.9659258262890683,0,15.114271028103635,14.50283016453228,17.60844814068609,26.897,77.5625,20.46,train
1751,MOD-PM-00884,2025-10-30T02:00:00Z,2025-10-30,2,Not Harmattan,0.49999999999999994,0.8660254037844387,0,17.224464909926155,16.43272813701071,19.30357439608501,26.370666666666665,79.22866666666667,18.838333333333335,train
1752,MOD-PM-00884,2025-10-30T03:00:00Z,2025-10-30,3,Not Harmattan,0.7071067811865475,0.7071067811865476,0,16.978597478869883,16.199578223952184,19.01005465983767,25.735166666666668,81.36516666666667,20.728333333333335,train
1753,MOD-PM-00884,2025-10-30T04:00:00Z,2025-10-30,4,Not Harmattan,0.8660254037844386,0.5000000000000001,0,19.97023945784819,19.088951863892277,21.040404031690496,25.028333333333332,83.93900000000001,21.866666666666667,train
1754,MOD-PM-00884,2025-10-30T05:00:00Z,2025-10-30,5,Not Harmattan,0.9659258262890683,0.25881904510252074,0,15.396497555914769,14.70006202431246,17.77575154585733,24.454333333333334,85.82533333333333,24.81,train
1755,MOD-PM-00884,2025-10-30T06:00:00Z,2025-10-30,6,Not Harmattan,1,6.123233995736766e-17,0,12.404937145297096,11.965807432890474,15.542021157233572,24.264166666666668,87.1505,20.5,train
1756,MOD-PM-00884,2025-10-30T07:00:00Z,2025-10-30,7,Not Harmattan,0.9659258262890683,-0.25881904510252063,0,10.984097871325393,10.893479435203435,13.415986310901497,25.328166666666668,84.23966666666666,15.8,train
1757,MOD-PM-00884,2025-10-30T08:00:00Z,2025-10-30,8,Not Harmattan,0.8660254037844387,-0.49999999999999983,0,10.810153342262607,10.795575325330107,13.456899555067768,27.917833333333338,76.07566666666666,12.46,train
1758,MOD-PM-00884,2025-10-30T09:00:00Z,2025-10-30,9,Not Harmattan,0.7071067811865476,-0.7071067811865475,0,14.153232603054288,13.786527605500336,16.686849266011354,31.2905,65.62916666666666,10.278333333333334,train
1759,MOD-PM-00884,2025-10-31T03:00:00Z,2025-10-31,3,Not Harmattan,0.7071067811865475,0.7071067811865476,0,23.709924480157117,22.75817242814464,24.381778727035933,25.621666666666663,76.41133333333333,24.56,train
1760,MOD-PM-00884,2025-10-31T04:00:00Z,2025-10-31,4,Not Harmattan,0.8660254037844386,0.5000000000000001,0,18.41529004761189,17.842934238853072,19.669684599960707,25.336779661016948,76.86796610169492,23.315,train
1761,MOD-PM-00884,2025-10-31T05:00:00Z,2025-10-31,5,Not Harmattan,0.9659258262890683,0.25881904510252074,0,15.77656049351139,15.385951967154032,17.79784964208383,24.90779661016949,77.99694915254237,18.946666666666665,train
1762,MOD-PM-00884,2025-10-31T18:00:00Z,2025-10-31,18,Not Harmattan,-1,-1.8369701987210297e-16,0,22.868118606271903,22.120862652594692,22.85062150271822,26.842666666666663,64.366,15.166666666666666,train
1763,MOD-PM-00884,2025-10-31T19:00:00Z,2025-10-31,19,Not Harmattan,-0.9659258262890684,0.2588190451025203,0,52.10495159939071,49.32264134890474,47.403624873140096,26.8775,67.71333333333334,15.963333333333331,train
1764,MOD-PM-00884,2025-10-31T20:00:00Z,2025-10-31,20,Not Harmattan,-0.8660254037844386,0.5000000000000001,0,34.44635994927276,32.83873664501343,33.18876145388702,27.009666666666668,71.28483333333334,32.51833333333333,train
1765,MOD-PM-00884,2025-10-31T21:00:00Z,2025-10-31,21,Not Harmattan,-0.7071067811865477,0.7071067811865474,0,14.27821572364348,14.001189436501823,16.67142581050487,26.687666666666665,74.06033333333333,24.68,train
1766,MOD-PM-00884,2025-10-31T22:00:00Z,2025-10-31,22,Not Harmattan,-0.5000000000000004,0.8660254037844384,0,9.065406108193216,9.124472024892553,12.376609758060964,26.115833333333335,75.335,12.903333333333334,train
1767,MOD-PM-00884,2025-10-31T23:00:00Z,2025-10-31,23,Not Harmattan,-0.25881904510252157,0.9659258262890681,0,9.596762801486182,9.659606770468583,12.619134114267917,25.796666666666667,76.54716666666667,9.50677966101695,train
1768,MOD-PM-00884,2025-11-01T00:00:00Z,2025-11-01,0,Not Harmattan,0,1,0,10.008377141361017,10.066633151405894,12.751671533666348,25.671666666666667,75.8725,10.085,test
1769,MOD-PM-00884,2025-11-01T01:00:00Z,2025-11-01,1,Not Harmattan,0.25881904510252074,0.9659258262890683,0,12.364397670059486,12.286222632328526,14.5090447063194,25.9175,75.732,9.885,test
1770,MOD-PM-00884,2025-11-01T02:00:00Z,2025-11-01,2,Not Harmattan,0.49999999999999994,0.8660254037844387,0,14.732938942116052,14.48472685005187,16.456982889169865,25.553833333333333,78.2735,11.868333333333334,test
1771,MOD-PM-00884,2025-11-01T03:00:00Z,2025-11-01,3,Not Harmattan,0.7071067811865475,0.7071067811865476,0,14.847644449264724,14.610295748684845,16.74223780243576,25.0335,79.37283333333333,14.04,test
1772,MOD-PM-00884,2025-11-01T04:00:00Z,2025-11-01,4,Not Harmattan,0.8660254037844386,0.5000000000000001,0,13.104997600481788,12.937576424425442,15.095799729839577,24.374,81.81716666666667,14.218333333333334,test
1773,MOD-PM-00884,2025-11-01T05:00:00Z,2025-11-01,5,Not Harmattan,0.9659258262890683,0.25881904510252074,0,12.431140981152392,12.268465608667084,14.549799923277616,23.594166666666663,85.60083333333333,14.315,test
1774,MOD-PM-00884,2025-11-01T06:00:00Z,2025-11-01,6,Not Harmattan,1,6.123233995736766e-17,0,11.830838631029266,11.711764640420975,14.145961393084834,23.825,85.86583333333333,14.611666666666666,test
1775,MOD-PM-00884,2025-11-01T07:00:00Z,2025-11-01,7,Not Harmattan,0.9659258262890683,-0.25881904510252063,0,11.720007621010948,11.567149746744851,14.14275344076125,25.552666666666667,82.43666666666667,13.761666666666668,test
1776,MOD-PM-00884,2025-11-01T08:00:00Z,2025-11-01,8,Not Harmattan,0.8660254037844387,-0.49999999999999983,0,11.090177524336484,11.073454469171793,13.449646106217896,27.026833333333332,78.22666666666666,12.421666666666669,test
1777,MOD-PM-00884,2025-11-01T22:00:00Z,2025-11-01,22,Not Harmattan,-0.5000000000000004,0.8660254037844384,0,23.751565128263355,22.8011317280753,24.300062857749023,26.381666666666668,77.37183333333333,24.25,test
1778,MOD-PM-00884,2025-11-01T23:00:00Z,2025-11-01,23,Not Harmattan,-0.25881904510252157,0.9659258262890681,0,20.69758452966665,19.966683659699044,21.482769595207873,26.314,76.29866666666666,20.26101694915254,test
1779,MOD-PM-00884,2025-11-02T00:00:00Z,2025-11-02,0,Not Harmattan,0,1,0,17.9232814476111,17.34953308022418,19.59492915958195,26.333666666666662,73.56883333333333,17.47,train
1780,MOD-PM-00884,2025-11-02T01:00:00Z,2025-11-02,1,Not Harmattan,0.25881904510252074,0.9659258262890683,0,17.567847316126418,17.006993745129943,18.909549355512645,25.87933333333333,74.61033333333333,15.431666666666668,train
1781,MOD-PM-00884,2025-11-02T02:00:00Z,2025-11-02,2,Not Harmattan,0.49999999999999994,0.8660254037844387,0,18.45663656573972,17.875702741264757,19.690567225898786,25.865666666666662,74.53566666666667,15.983333333333334,train
1782,MOD-PM-00884,2025-11-02T03:00:00Z,2025-11-02,3,Not Harmattan,0.7071067811865475,0.7071067811865476,0,18.018818390009592,17.456421513011804,19.54848496313364,25.647,75.39183333333334,16.38,train
1783,MOD-PM-00884,2025-11-02T04:00:00Z,2025-11-02,4,Not Harmattan,0.8660254037844386,0.5000000000000001,0,17.36125505071785,16.843813815881457,18.93947970871887,24.619833333333332,80.70066666666666,16.223333333333333,train
1784,MOD-PM-00884,2025-11-02T05:00:00Z,2025-11-02,5,Not Harmattan,0.9659258262890683,0.25881904510252074,0,15.496276053066492,15.108108039327837,17.20645852882759,23.697333333333333,84.66316666666667,17.645,train
1785,MOD-PM-00884,2025-11-02T06:00:00Z,2025-11-02,6,Not Harmattan,1,6.123233995736766e-17,0,14.082512834380225,13.785103965466808,16.092888201803724,23.70916666666667,86.36733333333333,17.163333333333334,train
1786,MOD-PM-00884,2025-11-02T07:00:00Z,2025-11-02,7,Not Harmattan,0.9659258262890683,-0.25881904510252063,0,15.790248424809644,15.463614041754482,17.437051830826142,26.573166666666665,77.99016666666667,15.878333333333334,train
1787,MOD-PM-00884,2025-11-02T08:00:00Z,2025-11-02,8,Not Harmattan,0.8660254037844387,-0.49999999999999983,0,14.62257695017141,14.42010513555698,16.41373084232433,28.992833333333333,71.119,13.808333333333334,train
1788,MOD-PM-00884,2025-11-03T22:00:00Z,2025-11-03,22,Not Harmattan,-0.5000000000000004,0.8660254037844384,0,32.380335334736294,30.864321063918982,30.6625227031475,25.874666666666663,75.09466666666667,20.473333333333333,train
1789,MOD-PM-00884,2025-11-03T23:00:00Z,2025-11-03,23,Not Harmattan,-0.25881904510252157,0.9659258262890681,0,20.02898906959847,19.30001611805228,20.79464011771835,25.2825,77.60133333333333,27.340677966101698,train
1790,MOD-PM-00884,2025-11-04T00:00:00Z,2025-11-04,0,Not Harmattan,0,1,0,16.73627827150141,16.225588512132322,18.24831610883463,25.424166666666668,76.79883333333333,21.593333333333337,train
1791,MOD-PM-00884,2025-11-04T01:00:00Z,2025-11-04,1,Not Harmattan,0.25881904510252074,0.9659258262890683,0,17.09281357585472,16.489827645382498,18.75572567118877,26.022166666666667,73.81933333333333,19.71666666666667,train
1792,MOD-PM-00884,2025-11-04T02:00:00Z,2025-11-04,2,Not Harmattan,0.49999999999999994,0.8660254037844387,0,15.771222604690584,15.26138020347812,17.604860923063168,25.946,73.9035,19.513333333333332,train
1793,MOD-PM-00884,2025-11-04T03:00:00Z,2025-11-04,3,Not Harmattan,0.7071067811865475,0.7071067811865476,0,16.918603949619857,16.329514234579896,18.600100476693036,25.607333333333333,75.61216666666667,19.03333333333333,train
1794,MOD-PM-00884,2025-11-04T04:00:00Z,2025-11-04,4,Not Harmattan,0.8660254037844386,0.5000000000000001,0,15.787006082474242,15.228598005949303,17.758858437315904,25.444666666666667,78.5595,20.286666666666665,train
1795,MOD-PM-00884,2025-11-04T05:00:00Z,2025-11-04,5,Not Harmattan,0.9659258262890683,0.25881904510252074,0,15.410180648411968,14.86876336828558,17.091146075107503,25.410166666666665,80.85683333333333,19.773333333333333,train
1796,MOD-PM-00884,2025-11-04T06:00:00Z,2025-11-04,6,Not Harmattan,1,6.123233995736766e-17,0,14.518352977364858,14.11444577268266,16.345731734696876,25.272,82.19716666666666,18.601666666666667,train
1797,MOD-PM-00884,2025-11-04T07:00:00Z,2025-11-04,7,Not Harmattan,0.9659258262890683,-0.25881904510252063,0,20.198834788539145,19.502134526055652,20.632093331509665,26.432166666666667,77.98633333333333,18.555,train
1798,MOD-PM-00884,2025-11-04T08:00:00Z,2025-11-04,8,Not Harmattan,0.8660254037844387,-0.49999999999999983,0,16.575160367149113,16.082012490913097,17.728754254180814,29.169666666666668,71.56033333333333,21.748333333333335,train
1799,MOD-PM-00884,2025-11-04T16:00:00Z,2025-11-04,16,Not Harmattan,-0.8660254037844384,-0.5000000000000004,0,21.75330342932778,20.8651351895073,22.092169917642792,33.874,59.527166666666666,13.682758620689656,train
1800,MOD-PM-00884,2025-11-04T17:00:00Z,2025-11-04,17,Not Harmattan,-0.9659258262890683,-0.25881904510252063,0,33.32167500069131,31.653998799814136,32.48999674529518,30.097666666666665,70.72,16.613333333333333,train
1801,MOD-PM-00884,2025-11-04T18:00:00Z,2025-11-04,18,Not Harmattan,-1,-1.8369701987210297e-16,0,108.6920229724076,102.45067498661987,91.96287278373268,28.383333333333333,77.66216666666666,27.515,train
1802,MOD-PM-00884,2025-11-04T19:00:00Z,2025-11-04,19,Not Harmattan,-0.9659258262890684,0.2588190451025203,0,77.16872687012528,72.82087821312709,66.57415832621574,27.7,78.94333333333333,67.02666666666667,train
1803,MOD-PM-00884,2025-11-04T20:00:00Z,2025-11-04,20,Not Harmattan,-0.8660254037844386,0.5000000000000001,0,67.52979369340814,63.67093209547277,59.19768529487008,27.781166666666667,80.206,55.13666666666666,train
1804,MOD-PM-00884,2025-11-04T21:00:00Z,2025-11-04,21,Not Harmattan,-0.7071067811865477,0.7071067811865474,0,47.65786496943958,45.06682337570217,43.32815058548099,27.987166666666667,78.6335,50.98833333333334,train
1805,MOD-PM-00884,2025-11-04T22:00:00Z,2025-11-04,22,Not Harmattan,-0.5000000000000004,0.8660254037844384,0,31.02717740800484,29.548127376164295,30.05618810854891,27.393333333333334,78.12950000000001,38.34166666666667,train
1806,MOD-PM-00884,2025-11-04T23:00:00Z,2025-11-04,23,Not Harmattan,-0.25881904510252157,0.9659258262890681,0,20.82772684906626,20.02033949826,21.483670350293806,26.676,77.0285,28.084745762711865,train
1807,MOD-PM-00884,2025-11-05T00:00:00Z,2025-11-05,0,Not Harmattan,0,1,0,19.567679206004293,18.870442357124492,20.324999058090125,26.0545,78.35733333333333,22.464406779661015,train
1808,MOD-PM-00884,2025-11-05T01:00:00Z,2025-11-05,1,Not Harmattan,0.25881904510252074,0.9659258262890683,0,17.667432872732782,17.140030094500116,19.231811809717957,25.666346153846153,78.35365384615385,20.83,train
1809,MOD-PM-00884,2025-11-05T02:00:00Z,2025-11-05,2,Not Harmattan,0.49999999999999994,0.8660254037844387,0,18.52722051539819,18.00796187688344,19.485799147671468,25.435849056603775,78.8988679245283,18.875,train
1810,MOD-PM-00884,2025-11-05T03:00:00Z,2025-11-05,3,Not Harmattan,0.7071067811865475,0.7071067811865476,0,13.932470647686774,13.70827583129954,16.30111465972656,25.142931034482757,79.005,19.058333333333337,train
1811,MOD-PM-00884,2025-11-05T04:00:00Z,2025-11-05,4,Not Harmattan,0.8660254037844386,0.5000000000000001,0,18.095584413416024,17.561926156693474,19.68997913893166,24.779642857142857,79.45678571428572,14.991666666666667,train
1812,MOD-PM-00884,2025-11-05T05:00:00Z,2025-11-05,5,Not Harmattan,0.9659258262890683,0.25881904510252074,0,14.88502075145814,14.53700431535302,16.819902597765502,24.06607843137255,82.41019607843137,18.066666666666663,train
1813,MOD-PM-00884,2025-11-05T06:00:00Z,2025-11-05,6,Not Harmattan,1,6.123233995736766e-17,0,14.293701906217963,14.03544488883063,16.360945596222145,24.48859649122807,81.71087719298245,17.21,train
1814,MOD-PM-00884,2025-11-05T07:00:00Z,2025-11-05,7,Not Harmattan,0.9659258262890683,-0.25881904510252063,0,16.248126590945507,15.820165787487609,17.85546949972807,27.808035714285715,71.47589285714285,16.091666666666665,train
1815,MOD-PM-00884,2025-11-05T08:00:00Z,2025-11-05,8,Not Harmattan,0.8660254037844387,-0.49999999999999983,0,15.249764513231378,14.880947896009632,17.154249063892188,30.78551724137931,63.39827586206896,15.436666666666667,train
1816,MOD-PM-00884,2025-11-05T09:00:00Z,2025-11-05,9,Not Harmattan,0.7071067811865476,-0.7071067811865475,0,14.431184635043468,14.127344365751512,16.365988391582125,31.73730769230769,62.08576923076923,13.475,train
1817,MOD-PM-00884,2025-11-05T10:00:00Z,2025-11-05,10,Not Harmattan,0.49999999999999994,-0.8660254037844387,0,12.716698345275091,12.518054534942957,15.159115566982177,33.887735849056604,57.1988679245283,12.753333333333334,train
1818,MOD-PM-00884,2025-11-05T11:00:00Z,2025-11-05,11,Not Harmattan,0.258819045102521,-0.9659258262890682,0,13.888452641268731,13.525276833761984,15.879467189747494,36.87,49.31,10.69,train
1819,MOD-PM-00884,2025-11-05T12:00:00Z,2025-11-05,12,Not Harmattan,1.2246467991473532e-16,-1,0,13.445329833874254,13.093702390127133,15.708772806390234,37.81322033898305,48.16271186440678,10.838333333333331,train
1820,MOD-PM-00884,2025-11-05T13:00:00Z,2025-11-05,13,Not Harmattan,-0.2588190451025208,-0.9659258262890683,0,13.55709023932375,13.133538551202744,15.900853538571374,39.9015,42.909166666666664,11.21,train
1821,MOD-PM-00884,2025-11-05T14:00:00Z,2025-11-05,14,Not Harmattan,-0.4999999999999998,-0.8660254037844388,0,14.614053056484629,14.07923953942108,16.58537999571717,39.57516666666667,43.33083333333333,11.931666666666668,train
1822,MOD-PM-00884,2025-11-05T15:00:00Z,2025-11-05,15,Not Harmattan,-0.7071067811865471,-0.7071067811865479,0,14.525408640560135,13.97394789207647,16.592475417358983,39.586166666666664,43.73283333333333,12.656666666666666,train
1823,MOD-PM-00884,2025-11-05T16:00:00Z,2025-11-05,16,Not Harmattan,-0.8660254037844384,-0.5000000000000004,0,16.360757931209356,15.73893448121158,17.880160122221394,35.06016666666667,56.469,13.343333333333334,train
1824,MOD-PM-00884,2025-11-05T17:00:00Z,2025-11-05,17,Not Harmattan,-0.9659258262890683,-0.25881904510252063,0,15.3830999526798,14.856200706908632,17.32260852675038,31.326666666666668,68.3545,14.393333333333333,train
1825,MOD-PM-00884,2025-11-05T18:00:00Z,2025-11-05,18,Not Harmattan,-1,-1.8369701987210297e-16,0,16.720515185807912,16.100750671894946,18.644348094949336,28.778166666666667,75.73816666666667,15.17,train
1826,MOD-PM-00884,2025-11-05T19:00:00Z,2025-11-05,19,Not Harmattan,-0.9659258262890684,0.2588190451025203,0,37.961874724455406,35.959394075265386,36.18015329154591,28.053333333333335,76.8805,17.558333333333334,train
1827,MOD-PM-00884,2025-11-05T20:00:00Z,2025-11-05,20,Not Harmattan,-0.8660254037844386,0.5000000000000001,0,45.24215679284348,42.73705569921174,42.073509369823554,28.058833333333332,78.4575,32.23166666666666,train
1828,MOD-PM-00884,2025-11-05T21:00:00Z,2025-11-05,21,Not Harmattan,-0.7071067811865477,0.7071067811865474,0,31.215906202433455,29.585719168400978,31.562598272084703,27.831666666666667,78.35166666666666,36.711666666666666,train
1829,MOD-PM-00884,2025-11-05T22:00:00Z,2025-11-05,22,Not Harmattan,-0.5000000000000004,0.8660254037844384,0,14.086061058068024,13.80259165182461,16.533057187129092,26.681,70.85966666666667,27.93166666666667,train
1830,MOD-PM-00884,2025-11-05T23:00:00Z,2025-11-05,23,Not Harmattan,-0.25881904510252157,0.9659258262890681,0,12.454449140205002,12.308693058803676,14.901821331948108,25.823166666666665,71.85683333333333,13.486666666666666,train
1831,MOD-PM-00884,2025-11-06T00:00:00Z,2025-11-06,0,Not Harmattan,0,1,0,14.05518743356614,13.867771279305614,15.988369006394016,25.961833333333335,70.525,12.33,train
1832,MOD-PM-00884,2025-11-06T01:00:00Z,2025-11-06,1,Not Harmattan,0.25881904510252074,0.9659258262890683,0,11.606117797468668,11.59469910523151,13.872590125864916,25.675166666666662,69.96916666666667,12.725,train
1833,MOD-PM-00884,2025-11-06T02:00:00Z,2025-11-06,2,Not Harmattan,0.49999999999999994,0.8660254037844387,0,13.372011629033736,13.203527773391617,15.463118172250102,25.523,74.43933333333334,10.598333333333333,train
1834,MOD-PM-00884,2025-11-06T03:00:00Z,2025-11-06,3,Not Harmattan,0.7071067811865475,0.7071067811865476,0,15.186521660117547,14.84174993606637,17.22616000660936,25.647321428571427,75.93928571428572,12.485,train
1835,MOD-PM-00884,2025-11-06T04:00:00Z,2025-11-06,4,Not Harmattan,0.8660254037844386,0.5000000000000001,0,14.85266646492316,14.54540294794278,16.663354930006044,24.643818181818183,77.97527272727272,14.981666666666667,train
1836,MOD-PM-00884,2025-11-06T05:00:00Z,2025-11-06,5,Not Harmattan,0.9659258262890683,0.25881904510252074,0,17.220076902889048,16.754969233494222,18.798842676601968,24.698,78.27709090909092,15.22,train
1837,MOD-PM-00884,2025-11-06T06:00:00Z,2025-11-06,6,Not Harmattan,1,6.123233995736766e-17,0,23.430592925973148,22.5873714473094,23.703980959424975,25.315172413793103,77.83379310344827,15.963333333333331,train
1838,MOD-PM-00884,2025-11-06T07:00:00Z,2025-11-06,7,Not Harmattan,0.9659258262890683,-0.25881904510252063,0,20.698005966196614,20.024578354395864,24.80916331122939,27.37203703703704,72.11759259259259,19.82,train
1839,MOD-PM-00884,2025-11-06T08:00:00Z,2025-11-06,8,Not Harmattan,0.8660254037844387,-0.49999999999999983,0,16.441248648314584,16.065218866068523,17.793356992428922,30.66307692307692,63.25076923076923,16.973333333333333,train
1840,MOD-PM-00884,2025-11-06T09:00:00Z,2025-11-06,9,Not Harmattan,0.7071067811865476,-0.7071067811865475,0,16.925107569802954,16.52276512411188,18.105530624993627,33.221785714285716,57.56553571428571,13.031666666666666,train
1841,MOD-PM-00884,2025-11-06T10:00:00Z,2025-11-06,10,Not Harmattan,0.49999999999999994,-0.8660254037844387,0,18.28736182532352,17.79465145124779,19.512170310721864,35.115,54.154666666666664,12.52,train
1842,MOD-PM-00884,2025-11-06T11:00:00Z,2025-11-06,11,Not Harmattan,0.258819045102521,-0.9659258262890682,0,19.600498818538565,18.981223813285652,20.54708485246629,37.17732142857143,49.05696428571429,11.823333333333334,train
1843,MOD-PM-00884,2025-11-06T12:00:00Z,2025-11-06,12,Not Harmattan,1.2246467991473532e-16,-1,0,18.17661464945364,17.61319719970706,19.07188017120365,38.260555555555555,46.50962962962963,11.668333333333331,train
1844,MOD-PM-00884,2025-11-06T13:00:00Z,2025-11-06,13,Not Harmattan,-0.2588190451025208,-0.9659258262890683,0,18.54185964209297,17.91579552274953,19.68606169461126,38.87962962962963,45.583888888888886,12.14,train
1845,MOD-PM-00884,2025-11-06T14:00:00Z,2025-11-06,14,Not Harmattan,-0.4999999999999998,-0.8660254037844388,0,17.292121495342645,16.609461504145965,22.427292573943,31.052321428571428,59.974821428571424,12.168333333333331,train
1846,MOD-PM-00884,2025-11-06T15:00:00Z,2025-11-06,15,Not Harmattan,-0.7071067811865471,-0.7071067811865479,0,14.412354892714404,14.089262734792271,16.772484210058103,24.380666666666663,81.27066666666667,14.106666666666667,train
1847,MOD-PM-00884,2025-11-06T16:00:00Z,2025-11-06,16,Not Harmattan,-0.8660254037844384,-0.5000000000000004,0,22.2296422633697,21.529898131649745,22.32763045764954,25.237333333333332,78.87016666666666,14.776666666666667,train
1848,MOD-PM-00884,2025-11-06T17:00:00Z,2025-11-06,17,Not Harmattan,-0.9659258262890683,-0.25881904510252063,0,25.68510233303184,24.7323571486931,24.89789558855408,25.71216666666667,78.8165,20.686666666666667,train
1849,MOD-PM-00884,2025-11-06T18:00:00Z,2025-11-06,18,Not Harmattan,-1,-1.8369701987210297e-16,0,51.21565254752341,48.81803791053424,45.066434071400614,25.5865,77.4525,22.001666666666665,train
1850,MOD-PM-00884,2025-11-06T19:00:00Z,2025-11-06,19,Not Harmattan,-0.9659258262890684,0.2588190451025203,0,36.70170472885248,35.055055601534704,34.18569189864311,25.698833333333333,78.9055,34.37166666666667,train
1851,MOD-PM-00884,2025-11-06T20:00:00Z,2025-11-06,20,Not Harmattan,-0.8660254037844386,0.5000000000000001,0,30.09837887749808,28.809873826885653,28.742713363331397,26.366666666666667,77.79716666666667,29.44333333333333,train
1852,MOD-PM-00884,2025-11-06T21:00:00Z,2025-11-06,21,Not Harmattan,-0.7071067811865477,0.7071067811865474,0,29.686132382828298,28.449885282191275,28.378523859640424,26.356,77.239,24.106666666666666,train
1853,MOD-PM-00884,2025-11-06T22:00:00Z,2025-11-06,22,Not Harmattan,-0.5000000000000004,0.8660254037844384,0,34.40565733731387,32.898394857769794,32.46403287501121,26.1615,79.31183333333334,25.283333333333335,train
1854,MOD-PM-00884,2025-11-06T23:00:00Z,2025-11-06,23,Not Harmattan,-0.25881904510252157,0.9659258262890681,0,21.03955988164589,20.35356745799981,21.493389023589387,26.250333333333337,81.17316666666667,28.176666666666662,train
1855,MOD-PM-00884,2025-11-07T00:00:00Z,2025-11-07,0,Not Harmattan,0,1,0,19.79392944632687,19.183393065575935,20.53378460537665,26.216666666666665,80.94466666666666,18.496666666666663,train
1856,MOD-PM-00884,2025-11-07T01:00:00Z,2025-11-07,1,Not Harmattan,0.25881904510252074,0.9659258262890683,0,18.852650956642336,18.301121012364945,19.853698712777287,26.186333333333337,80.99616666666667,17.815,train
1857,MOD-PM-00884,2025-11-07T02:00:00Z,2025-11-07,2,Not Harmattan,0.49999999999999994,0.8660254037844387,0,16.112259920522476,15.758480674104348,17.640922731942055,26.2125,80.15966666666667,17.365,train
1858,MOD-PM-00884,2025-11-07T03:00:00Z,2025-11-07,3,Not Harmattan,0.7071067811865475,0.7071067811865476,0,14.209208890542838,13.962289434504603,16.212135533004457,26.076166666666666,80.98533333333333,14.716666666666669,train
1859,MOD-PM-00884,2025-11-07T04:00:00Z,2025-11-07,4,Not Harmattan,0.8660254037844386,0.5000000000000001,0,13.564614920592703,13.337446128437444,15.515899259741548,25.736,83.32983333333333,13.476666666666668,train
1860,MOD-PM-00884,2025-11-07T05:00:00Z,2025-11-07,5,Not Harmattan,0.9659258262890683,0.25881904510252074,0,13.758176640389182,13.510610776299464,15.5719515104398,25.471,84.4275,13.955,train
1861,MOD-PM-00884,2025-11-07T06:00:00Z,2025-11-07,6,Not Harmattan,1,6.123233995736766e-17,0,13.501256696466315,13.28417505745312,15.421398989322732,25.372333333333337,85.328,14.736666666666666,train
1862,MOD-PM-00884,2025-11-07T07:00:00Z,2025-11-07,7,Not Harmattan,0.9659258262890683,-0.25881904510252063,0,21.930449516545647,21.237898017745767,21.996579259488374,26.604833333333332,81.95816666666667,14.846666666666668,train
1863,MOD-PM-00884,2025-11-07T08:00:00Z,2025-11-07,8,Not Harmattan,0.8660254037844387,-0.49999999999999983,0,18.239012179554724,17.79513241071858,19.296115511864663,28.33416666666667,75.93366666666667,19.305,train
1864,MOD-PM-00884,2025-11-07T09:00:00Z,2025-11-07,9,Not Harmattan,0.7071067811865476,-0.7071067811865475,0,19.134959052814107,18.620074095011805,19.88190656941568,31.667666666666666,65.81833333333333,16.003333333333334,train
1865,MOD-PM-00884,2025-11-07T10:00:00Z,2025-11-07,10,Not Harmattan,0.49999999999999994,-0.8660254037844387,0,16.486883008847496,16.12297099944529,18.099154227148475,33.804,58.820166666666665,14.425,train
1866,MOD-PM-00884,2025-11-07T11:00:00Z,2025-11-07,11,Not Harmattan,0.258819045102521,-0.9659258262890682,0,18.01149762964224,17.556095553737624,19.376646177091132,35.36533333333333,53.25533333333333,10.616666666666667,train
1867,MOD-PM-00884,2025-11-07T12:00:00Z,2025-11-07,12,Not Harmattan,1.2246467991473532e-16,-1,0,18.235035721973567,17.73555115147753,19.51577333106559,36.06616666666667,50.472,10.603333333333332,train
1868,MOD-PM-00884,2025-11-07T13:00:00Z,2025-11-07,13,Not Harmattan,-0.2588190451025208,-0.9659258262890683,0,19.984269215878108,19.39195633048785,20.70001342553309,36.2085,51.014,10.7,train
1869,MOD-PM-00884,2025-11-07T14:00:00Z,2025-11-07,14,Not Harmattan,-0.4999999999999998,-0.8660254037844388,0,32.59062763161496,31.319516070254988,30.238381188434968,34.967333333333336,56.2885,10.28,train
1870,MOD-PM-00884,2025-11-07T15:00:00Z,2025-11-07,15,Not Harmattan,-0.7071067811865471,-0.7071067811865479,0,34.758873262546736,33.361392095520785,31.900792300050103,35.13216666666666,57.528666666666666,10.543333333333331,train
1871,MOD-PM-00884,2025-11-07T16:00:00Z,2025-11-07,16,Not Harmattan,-0.8660254037844384,-0.5000000000000004,0,26.74581729478211,25.773749833219146,25.76048710373988,34.502833333333335,59.62416666666667,11.016666666666667,train
1872,MOD-PM-00884,2025-11-07T17:00:00Z,2025-11-07,17,Not Harmattan,-0.9659258262890683,-0.25881904510252063,0,21.43135310988543,20.717826922794767,22.115905604293136,31.71066666666667,68.08866666666667,11.463333333333331,train
1873,MOD-PM-00884,2025-11-07T18:00:00Z,2025-11-07,18,Not Harmattan,-1,-1.8369701987210297e-16,0,36.39103123526848,34.71226616751566,34.85877718592549,28.418666666666667,69.92083333333333,14.663333333333334,train
1874,MOD-PM-00884,2025-11-07T19:00:00Z,2025-11-07,19,Not Harmattan,-0.9659258262890684,0.2588190451025203,0,29.02353219726709,27.78662293359768,28.385650886723848,27.4665,71.493,23.865,train
1875,MOD-PM-00884,2025-11-07T20:00:00Z,2025-11-07,20,Not Harmattan,-0.8660254037844386,0.5000000000000001,0,23.790473236288182,22.95369207220882,24.16820495534525,27.131,75.126,21.68166666666667,train
1876,MOD-PM-00884,2025-11-07T21:00:00Z,2025-11-07,21,Not Harmattan,-0.7071067811865477,0.7071067811865474,0,16.744129226212916,16.306197319436162,18.5063587368729,26.83,77.7895,19.776666666666667,train
1877,MOD-PM-00884,2025-11-07T22:00:00Z,2025-11-07,22,Not Harmattan,-0.5000000000000004,0.8660254037844384,0,13.514511555070165,13.309184949934023,15.606085387380377,26.48,80.00450000000001,15.19,train
1878,MOD-PM-00884,2025-11-07T23:00:00Z,2025-11-07,23,Not Harmattan,-0.25881904510252157,0.9659258262890681,0,13.773062866205809,13.559360828258397,15.708882086222248,25.662333333333333,83.43816666666666,13.201666666666666,train
1879,MOD-PM-00884,2025-11-08T00:00:00Z,2025-11-08,0,Not Harmattan,0,1,0,14.72780013539579,14.39307521329877,16.78710172680349,25.0525,85.72433333333333,14.503333333333334,test
1880,MOD-PM-00884,2025-11-08T01:00:00Z,2025-11-08,1,Not Harmattan,0.25881904510252074,0.9659258262890683,0,11.783325060957017,11.602529125415916,14.362774722540712,24.463166666666663,86.94366666666667,16.25,test
1881,MOD-PM-00884,2025-11-08T02:00:00Z,2025-11-08,2,Not Harmattan,0.49999999999999994,0.8660254037844387,0,10.368888903295478,10.249801756260274,13.135788268293464,23.924166666666668,87.3875,14.063333333333333,test
1882,MOD-PM-00884,2025-11-08T03:00:00Z,2025-11-08,3,Not Harmattan,0.7071067811865475,0.7071067811865476,0,8.818253975456878,8.790070524044022,11.774336462709474,23.387833333333333,88.14716666666666,13.211666666666666,test
1883,MOD-PM-00884,2025-11-08T04:00:00Z,2025-11-08,4,Not Harmattan,0.8660254037844386,0.5000000000000001,0,22.59411009079516,9.541502362822222,39.87226937517657,23.008,88.7735,12.146666666666668,test
1884,MOD-PM-00884,2025-11-08T05:00:00Z,2025-11-08,5,Not Harmattan,0.9659258262890683,0.25881904510252074,0,8.980595405218757,8.799843620490407,12.432488178830353,22.790333333333333,88.8375,13.013333333333334,test
1885,MOD-PM-00884,2025-11-08T06:00:00Z,2025-11-08,6,Not Harmattan,1,6.123233995736766e-17,0,7.950570539158928,7.979115141161271,11.465393270955651,22.9655,88.037,12.86,test
1886,MOD-PM-00884,2025-11-08T07:00:00Z,2025-11-08,7,Not Harmattan,0.9659258262890683,-0.25881904510252063,0,8.634133793404372,8.74578377597399,11.829077087580842,24.511333333333333,83.17733333333334,11.156666666666666,test
1887,MOD-PM-00884,2025-11-08T08:00:00Z,2025-11-08,8,Not Harmattan,0.8660254037844387,-0.49999999999999983,0,9.46388794200516,9.550909930070809,12.319245881535831,28.7605,70.72216666666667,10.033333333333331,test
1888,MOD-PM-00884,2025-11-08T09:00:00Z,2025-11-08,9,Not Harmattan,0.7071067811865476,-0.7071067811865475,0,10.454433721515688,10.468138117618572,13.166366533052727,31.934833333333337,60.80566666666667,9.921666666666669,test
1889,MOD-PM-00884,2025-11-08T10:00:00Z,2025-11-08,10,Not Harmattan,0.49999999999999994,-0.8660254037844387,0,11.272034184381258,11.226303388987784,13.820962636992297,34.1865,53.491,9.455,test
1890,MOD-PM-00884,2025-11-08T11:00:00Z,2025-11-08,11,Not Harmattan,0.258819045102521,-0.9659258262890682,0,14.799070490504166,14.52158758389296,16.69789536785462,36.92583333333334,47.70783333333333,8.93,test
1891,MOD-PM-00884,2025-11-08T12:00:00Z,2025-11-08,12,Not Harmattan,1.2246467991473532e-16,-1,0,14.18410622755617,13.89620560321852,16.314995442729554,38.718833333333336,42.67333333333333,8.923333333333334,test
1892,MOD-PM-00884,2025-11-08T13:00:00Z,2025-11-08,13,Not Harmattan,-0.2588190451025208,-0.9659258262890683,0,15.266253276064354,14.89386945266064,17.251354058636927,38.234,44.6295,9.306666666666668,test
1893,MOD-PM-00884,2025-11-08T14:00:00Z,2025-11-08,14,Not Harmattan,-0.4999999999999998,-0.8660254037844388,0,15.725544322732716,15.33110008836335,17.515038258002875,39.5095,41.21083333333333,9.691666666666666,test
1894,MOD-PM-00884,2025-11-08T15:00:00Z,2025-11-08,15,Not Harmattan,-0.7071067811865471,-0.7071067811865479,0,16.971439855223803,16.54292557095734,18.13791830128516,37.156666666666666,46.23716666666667,10.041666666666666,test
1895,MOD-PM-00884,2025-11-08T16:00:00Z,2025-11-08,16,Not Harmattan,-0.8660254037844384,-0.5000000000000004,0,25.44655566234292,24.40413116744947,26.906026334953925,30.762833333333333,64.6835,11.566666666666666,test
1896,MOD-PM-00884,2025-11-08T17:00:00Z,2025-11-08,17,Not Harmattan,-0.9659258262890683,-0.25881904510252063,0,62.33817145963386,58.79371448601388,57.90094563098593,28.9795,71.53766666666667,16.591666666666665,test
1897,MOD-PM-00884,2025-11-08T18:00:00Z,2025-11-08,18,Not Harmattan,-1,-1.8369701987210297e-16,0,100.22086323077949,94.5050129070576,85.6972204059907,27.926666666666662,74.95066666666666,39.77333333333333,test
1898,MOD-PM-00884,2025-11-08T19:00:00Z,2025-11-08,19,Not Harmattan,-0.9659258262890684,0.2588190451025203,0,68.21555929339083,64.38146314085527,60.2430036707336,27.881,75.41733333333333,56.9,test
1899,MOD-PM-00884,2025-11-08T20:00:00Z,2025-11-08,20,Not Harmattan,-0.8660254037844386,0.5000000000000001,0,30.95480588002784,29.45889977514396,31.09325746415179,27.901666666666667,72.17633333333333,44.928333333333335,test
1900,MOD-PM-00884,2025-11-08T21:00:00Z,2025-11-08,21,Not Harmattan,-0.7071067811865477,0.7071067811865474,0,27.104779257864436,25.890488315968472,27.500793337922648,27.4925,73.24616666666667,23.55333333333333,test
1901,MOD-PM-00884,2025-11-08T22:00:00Z,2025-11-08,22,Not Harmattan,-0.5000000000000004,0.8660254037844384,0,22.768665679387215,21.86199169043087,23.10463443695101,27.115,74.4765,21.56833333333333,test
1902,MOD-PM-00884,2025-11-08T23:00:00Z,2025-11-08,23,Not Harmattan,-0.25881904510252157,0.9659258262890681,0,20.30279366417362,19.595786954207224,21.4171566984221,26.735333333333333,75.30366666666667,20.245,test
1903,MOD-PM-00884,2025-11-09T00:00:00Z,2025-11-09,0,Not Harmattan,0,1,0,20.45130925680718,19.76060214565639,21.76371036569378,26.378166666666665,76.45916666666666,17.755,test
1904,MOD-PM-00884,2025-11-09T01:00:00Z,2025-11-09,1,Not Harmattan,0.25881904510252074,0.9659258262890683,0,24.89325708003805,23.981598653174004,24.453064800590997,25.344,79.91183333333333,17.933333333333334,test
1905,MOD-PM-00884,2025-11-09T02:00:00Z,2025-11-09,2,Not Harmattan,0.49999999999999994,0.8660254037844387,0,17.44567830397927,16.980233160175377,18.791755874626045,24.397833333333335,82.78483333333334,24.095,test
1906,MOD-PM-00884,2025-11-09T03:00:00Z,2025-11-09,3,Not Harmattan,0.7071067811865475,0.7071067811865476,0,14.174848218623636,13.936298384703294,16.16513824132794,23.8675,82.757,18.736666666666668,test
1907,MOD-PM-00884,2025-11-09T04:00:00Z,2025-11-09,4,Not Harmattan,0.8660254037844386,0.5000000000000001,0,61.04425255481654,15.881298484564423,141.56074670925398,23.527,85.53066666666666,16.428333333333335,test
1908,MOD-PM-00884,2025-11-09T05:00:00Z,2025-11-09,5,Not Harmattan,0.9659258262890683,0.25881904510252074,0,14.21086064984578,13.869368064748626,16.307378531301147,22.9175,87.018,18.965,test
1909,MOD-PM-00884,2025-11-09T06:00:00Z,2025-11-09,6,Not Harmattan,1,6.123233995736766e-17,0,26.120718163024712,25.052118243250884,25.715433546722483,23.422666666666668,85.513,18.57,test
1910,MOD-PM-00884,2025-11-09T07:00:00Z,2025-11-09,7,Not Harmattan,0.9659258262890683,-0.25881904510252063,0,29.821148411776093,28.59800156081473,29.22330570847806,27.378666666666668,72.30166666666666,26.59,test
1911,MOD-PM-00884,2025-11-09T08:00:00Z,2025-11-09,8,Not Harmattan,0.8660254037844387,-0.49999999999999983,0,13.00289440505185,12.834497190646452,15.199433972884156,32.228,57.2285,22.195,test
1912,MOD-PM-00884,2025-11-09T09:00:00Z,2025-11-09,9,Not Harmattan,0.7071067811865476,-0.7071067811865475,0,13.197496121446475,13.001813371343705,15.403526112091347,34.590833333333336,52.2285,10.181666666666668,test
1913,MOD-PM-00884,2025-11-09T10:00:00Z,2025-11-09,10,Not Harmattan,0.49999999999999994,-0.8660254037844387,0,16.690967047166414,16.274049988408784,18.155743770354125,36.57216666666667,48.80383333333334,9.531666666666666,test
1914,MOD-PM-00884,2025-11-09T11:00:00Z,2025-11-09,11,Not Harmattan,0.258819045102521,-0.9659258262890682,0,19.298072569299965,18.72396001391697,20.223862189854273,38.550666666666665,44.48916666666667,9.981666666666667,test
1915,MOD-PM-00884,2025-11-09T12:00:00Z,2025-11-09,12,Not Harmattan,1.2246467991473532e-16,-1,0,21.422176669313533,20.71957761526843,21.817771473570495,38.26616666666666,45.50516666666667,10.221666666666666,test
1916,MOD-PM-00884,2025-11-09T13:00:00Z,2025-11-09,13,Not Harmattan,-0.2588190451025208,-0.9659258262890683,0,19.379419429649353,18.732483942524055,20.316671024225457,40.117333333333335,40.527166666666666,11.011666666666668,test
1917,MOD-PM-00884,2025-11-09T14:00:00Z,2025-11-09,14,Not Harmattan,-0.4999999999999998,-0.8660254037844388,0,18.441342498119894,17.822143094597955,19.320657137276104,42.172666666666665,35.338,11.38,test
1918,MOD-PM-00884,2025-11-09T15:00:00Z,2025-11-09,15,Not Harmattan,-0.7071067811865471,-0.7071067811865479,0,17.962461219752296,17.36127696924103,19.269720414792605,42.17864406779661,32.76101694915254,11.265,test
1919,MOD-PM-00884,2025-11-09T16:00:00Z,2025-11-09,16,Not Harmattan,-0.8660254037844384,-0.5000000000000004,0,20.679374393153974,19.855870597629803,22.073396285325476,40.397166666666664,35.57183333333333,10.96,test
1920,MOD-PM-00884,2025-11-09T17:00:00Z,2025-11-09,17,Not Harmattan,-0.9659258262890683,-0.25881904510252063,0,48.14825395360158,45.60724867545686,44.7007749146747,33.797,50.766666666666666,12.67,test
1921,MOD-PM-00884,2025-11-09T18:00:00Z,2025-11-09,18,Not Harmattan,-1,-1.8369701987210297e-16,0,68.86998225079797,64.93472043929054,62.469765059481986,29.411333333333335,63.85433333333334,30.39,test
1922,MOD-PM-00884,2025-11-09T19:00:00Z,2025-11-09,19,Not Harmattan,-0.9659258262890684,0.2588190451025203,0,45.31903497274579,42.81575990701126,43.0496750394408,28.423833333333334,67.11583333333333,41.431666666666665,test
1923,MOD-PM-00884,2025-11-09T20:00:00Z,2025-11-09,20,Not Harmattan,-0.8660254037844386,0.5000000000000001,0,39.36005838625961,37.18609082469611,38.845708828909565,28.061666666666667,67.45783333333333,31.27166666666667,test
1924,MOD-PM-00884,2025-11-09T21:00:00Z,2025-11-09,21,Not Harmattan,-0.7071067811865477,0.7071067811865474,0,37.07392155053865,35.09095441643422,36.468789987064255,27.612333333333332,70.36749999999999,28.633333333333333,test
1925,MOD-PM-00884,2025-11-09T22:00:00Z,2025-11-09,22,Not Harmattan,-0.5000000000000004,0.8660254037844384,0,32.632157256119214,31.019401635679426,31.722189949502702,27.186333333333337,71.15516666666667,27.661666666666665,test
1926,MOD-PM-00884,2025-11-09T23:00:00Z,2025-11-09,23,Not Harmattan,-0.25881904510252157,0.9659258262890681,0,22.508096254501275,21.671050117136208,23.289147005079784,27.049333333333333,71.15283333333333,27.156666666666663,test
1927,MOD-PM-00884,2025-11-10T00:00:00Z,2025-11-10,0,Not Harmattan,0,1,0,20.206359469808095,19.522507969238173,21.069085969953065,26.525,73.99416666666667,17.901666666666667,test
1928,MOD-PM-00884,2025-11-10T01:00:00Z,2025-11-10,1,Not Harmattan,0.25881904510252074,0.9659258262890683,0,20.69213984159399,20.00860408717281,21.4871785543127,26.022333333333332,76.67533333333333,17.2,test
1929,MOD-PM-00884,2025-11-10T02:00:00Z,2025-11-10,2,Not Harmattan,0.49999999999999994,0.8660254037844387,0,20.388338482393827,19.735342154250674,21.0072973316023,25.3655,80.281,17.77,test
1930,MOD-PM-00884,2025-11-10T03:00:00Z,2025-11-10,3,Not Harmattan,0.7071067811865475,0.7071067811865476,0,18.219721262263587,17.68830169306745,19.65542197482664,25.234166666666667,81.256,18.953333333333333,test
1931,MOD-PM-00884,2025-11-10T04:00:00Z,2025-11-10,4,Not Harmattan,0.8660254037844386,0.5000000000000001,0,15.829849863899907,15.425175760849214,17.63934245986147,24.55216666666667,83.8455,17.1,test
1932,MOD-PM-00884,2025-11-10T05:00:00Z,2025-11-10,5,Not Harmattan,0.9659258262890683,0.25881904510252074,0,19.16161151465292,18.537233635763517,20.24740769893354,23.785833333333333,86.58316666666667,16.586666666666666,test
1933,MOD-PM-00884,2025-11-10T06:00:00Z,2025-11-10,6,Not Harmattan,1,6.123233995736766e-17,0,21.036154402589204,20.401240160744177,21.756377903239876,24.301333333333332,85.55133333333333,20.63,test
1934,MOD-PM-00884,2025-11-10T07:00:00Z,2025-11-10,7,Not Harmattan,0.9659258262890683,-0.25881904510252063,0,14.530730976091832,14.17639335251998,16.871946534809947,27.435833333333335,73.383,20.215,test
1935,MOD-PM-00884,2025-11-10T08:00:00Z,2025-11-10,8,Not Harmattan,0.8660254037844387,-0.49999999999999983,0,13.5725302713784,13.34841200437138,15.722698654539425,30.659473684210525,65.43263157894737,13.538333333333334,test
1936,MOD-PM-00884,2025-11-10T09:00:00Z,2025-11-10,9,Not Harmattan,0.7071067811865476,-0.7071067811865475,0,12.737532135802844,12.59957734673543,15.009232425265282,33.16733333333333,59.2125,11.618333333333334,test
1937,MOD-PM-00884,2025-11-10T10:00:00Z,2025-11-10,10,Not Harmattan,0.49999999999999994,-0.8660254037844387,0,12.967860794157376,12.811430374427523,15.024624275330153,35.728833333333334,53.724,10.016666666666667,test
1938,MOD-PM-00884,2025-11-10T11:00:00Z,2025-11-10,11,Not Harmattan,0.258819045102521,-0.9659258262890682,0,14.91436736826747,14.623012317092442,16.712323251950338,37.50083333333333,49.84766666666667,9.1033333333333335,test
1939,MOD-PM-00884,2025-11-10T12:00:00Z,2025-11-10,12,Not Harmattan,1.2246467991473532e-16,-1,0,16.019271989393953,15.640895702686434,17.555809277681895,38.40016666666667,46.8325,9.185,test
1940,MOD-PM-00884,2025-11-10T13:00:00Z,2025-11-10,13,Not Harmattan,-0.2588190451025208,-0.9659258262890683,0,18.98944109743403,18.41685909941504,19.847029964597233,37.96216666666667,48.0695,9.543333333333331,test
1941,MOD-PM-00884,2025-11-10T14:00:00Z,2025-11-10,14,Not Harmattan,-0.4999999999999998,-0.8660254037844388,0,19.31734590720303,18.4282674580621,21.073052452875327,40.4565,40.82333333333333,10.79,test
1942,MOD-PM-00884,2025-11-10T15:00:00Z,2025-11-10,15,Not Harmattan,-0.7071067811865471,-0.7071067811865479,0,17.41751682746864,16.902933354030548,18.830804397737232,40.324666666666666,41.16016666666667,13.11,test
1943,MOD-PM-00884,2025-11-10T16:00:00Z,2025-11-10,16,Not Harmattan,-0.8660254037844384,-0.5000000000000004,0,21.55739661916293,20.79599245598701,22.27709335651252,39.07,44.2885,9.205,test
1944,MOD-PM-00884,2025-11-10T17:00:00Z,2025-11-10,17,Not Harmattan,-0.9659258262890683,-0.25881904510252063,0,21.502439936182363,20.695298781183123,22.98402807176097,33.12283333333333,60.33116666666667,9.741666666666667,test
1945,MOD-PM-00884,2025-11-10T18:00:00Z,2025-11-10,18,Not Harmattan,-1,-1.8369701987210297e-16,0,72.31863136234675,67.92115170043539,67.56592128126832,29.633,71.2445,13.683333333333334,test
1946,MOD-PM-00884,2025-11-10T19:00:00Z,2025-11-10,19,Not Harmattan,-0.9659258262890684,0.2588190451025203,0,59.28516968136483,55.75139573436364,56.76474580776813,28.876,64.94566666666667,44.00833333333333,test
1947,MOD-PM-00884,2025-11-10T20:00:00Z,2025-11-10,20,Not Harmattan,-0.8660254037844386,0.5000000000000001,0,36.03771788116041,34.072513117854115,37.13528553977061,28.652,61.386,37.105,test
1948,MOD-PM-00884,2025-11-10T21:00:00Z,2025-11-10,21,Not Harmattan,-0.7071067811865477,0.7071067811865474,0,30.64150180681323,29.16280188654888,30.849832352858908,27.98966666666667,62.0065,23.04,test
1949,MOD-PM-00884,2025-11-10T22:00:00Z,2025-11-10,22,Not Harmattan,-0.5000000000000004,0.8660254037844384,0,21.997824982433507,21.132567893643497,23.655217032546652,27.60066666666667,64.93033333333334,20.296666666666667,test
1950,MOD-PM-00884,2025-11-10T23:00:00Z,2025-11-10,23,Not Harmattan,-0.25881904510252157,0.9659258262890681,0,18.99649676062931,18.321359786895645,20.707519717915854,26.804833333333335,68.95933333333333,16.376666666666665,test
1951,MOD-PM-00884,2025-11-11T00:00:00Z,2025-11-11,0,Not Harmattan,0,1,0,19.27866211216996,18.601143530241643,20.917000584917833,26.5365,73.1565,15.126666666666669,test
1952,MOD-PM-00884,2025-11-11T01:00:00Z,2025-11-11,1,Not Harmattan,0.25881904510252074,0.9659258262890683,0,17.350691948015093,16.836291609758355,19.02848063229726,26.102166666666665,77.357,15.775,test
1953,MOD-PM-00884,2025-11-11T02:00:00Z,2025-11-11,2,Not Harmattan,0.49999999999999994,0.8660254037844387,0,18.0681264640159,17.487299111036304,19.296858239742537,24.785333333333337,81.426,15.778333333333332,test
1954,MOD-PM-00884,2025-11-11T03:00:00Z,2025-11-11,3,Not Harmattan,0.7071067811865475,0.7071067811865476,0,16.126921833347346,15.690723103859929,17.756314199266168,24.359166666666667,83.6745,17.85333333333333,test
1955,MOD-PM-00884,2025-11-11T04:00:00Z,2025-11-11,4,Not Harmattan,0.8660254037844386,0.5000000000000001,0,15.104666353638386,14.75756553863971,16.99054595445764,23.911833333333337,85.54933333333334,16.745,test
1956,MOD-PM-00884,2025-11-11T05:00:00Z,2025-11-11,5,Not Harmattan,0.9659258262890683,0.25881904510252074,0,12.89930258704025,12.727743426510653,14.96146080026928,23.7385,87.189,16.816666666666666,test
1957,MOD-PM-00884,2025-11-11T06:00:00Z,2025-11-11,6,Not Harmattan,1,6.123233995736766e-17,0,12.99086307185759,12.81150732794285,15.124813525239064,24.4155,85.99216666666666,15.381666666666666,test
1958,MOD-PM-00884,2025-11-11T07:00:00Z,2025-11-11,7,Not Harmattan,0.9659258262890683,-0.25881904510252063,0,11.819072395007082,11.744335215782646,14.109599332510635,26.1255,81.11383333333333,14.516666666666666,test
1959,MOD-PM-00884,2025-11-11T08:00:00Z,2025-11-11,8,Not Harmattan,0.8660254037844387,-0.49999999999999983,0,10.681091803641465,10.6683326877388,13.448697942969543,29.056833333333337,71.48083333333334,12.096666666666668,test
1960,MOD-PM-00884,2025-11-11T09:00:00Z,2025-11-11,9,Not Harmattan,0.7071067811865476,-0.7071067811865475,0,12.39759599283958,12.246572333556877,15.11609042335425,31.7445,63.586,10.025,test
1961,MOD-PM-00884,2025-11-11T13:00:00Z,2025-11-11,13,Not Harmattan,-0.2588190451025208,-0.9659258262890683,0,16.547291177264103,16.134103607995762,18.206491574435223,38.19844444444445,45.33222222222222,9.505,test
1962,MOD-PM-00884,2025-11-11T15:00:00Z,2025-11-11,15,Not Harmattan,-0.7071067811865471,-0.7071067811865479,0,19.217381187944945,18.612772948751125,20.426752777358814,38.14188679245283,43.02924528301887,9.173333333333334,test
1963,MOD-PM-00884,2025-11-11T21:00:00Z,2025-11-11,21,Not Harmattan,-0.7071067811865477,0.7071067811865474,0,42.29283859699176,40.02711360903802,40.69508544209412,28.246875,69.07375,26.163333333333338,test
1964,MOD-PM-00884,2025-11-11T22:00:00Z,2025-11-11,22,Not Harmattan,-0.5000000000000004,0.8660254037844384,0,28.53334713400669,27.339292149008457,27.797204972077452,26.878666666666668,74.9965,27.428333333333335,test
1965,MOD-PM-00884,2025-11-12T00:00:00Z,2025-11-12,0,Not Harmattan,0,1,0,17.135208731296867,16.66397345056492,18.844568567559104,26.954333333333334,72.53466666666667,14.445,test
1966,MOD-PM-00884,2025-11-12T01:00:00Z,2025-11-12,1,Not Harmattan,0.25881904510252074,0.9659258262890683,0,16.943347504442524,16.51797078501919,18.35029133403733,26.426610169491525,74.81728813559322,12.806666666666668,test
1967,MOD-PM-00884,2025-11-12T02:00:00Z,2025-11-12,2,Not Harmattan,0.49999999999999994,0.8660254037844387,0,14.258618924999944,13.976487358082224,16.309006211544148,26.295166666666667,75.65883333333333,13.735,test
1968,MOD-PM-00884,2025-11-12T03:00:00Z,2025-11-12,3,Not Harmattan,0.7071067811865475,0.7071067811865476,0,16.413573444723145,15.98605670413234,18.057741042360345,26.094363636363635,76.00527272727273,12.001666666666669,test
1969,MOD-PM-00884,2025-11-12T04:00:00Z,2025-11-12,4,Not Harmattan,0.8660254037844386,0.5000000000000001,0,16.409168753248636,15.99955679924144,17.79370343669274,25.315666666666665,78.73166666666667,13.71,test
1970,MOD-PM-00884,2025-11-12T05:00:00Z,2025-11-12,5,Not Harmattan,0.9659258262890683,0.25881904510252074,0,15.063596684056622,14.74311751613728,16.72675113604605,24.633333333333333,82.33566666666667,14.806666666666668,test
1971,MOD-PM-00884,2025-11-12T06:00:00Z,2025-11-12,6,Not Harmattan,1,6.123233995736766e-17,0,13.250372811230744,13.042156251753289,15.425744737544331,24.7665,83.39783333333334,14.88,test
1972,MOD-PM-00884,2025-11-12T07:00:00Z,2025-11-12,7,Not Harmattan,0.9659258262890683,-0.25881904510252063,0,22.468813805964228,21.65308421964745,23.315078141156366,28.02,73.39714285714285,13.36,test
1973,MOD-PM-00884,2025-11-12T08:00:00Z,2025-11-12,8,Not Harmattan,0.8660254037844387,-0.49999999999999983,0,18.480556487497125,18.00277223344658,19.694581116983464,30.797166666666666,65.58,16.106666666666666,test
1974,MOD-PM-00884,2025-11-12T09:00:00Z,2025-11-12,9,Not Harmattan,0.7071067811865476,-0.7071067811865475,0,14.900067895988458,14.627553663461509,16.663331835806854,32.95603773584906,60.16188679245283,12.53,test
1975,MOD-PM-00884,2025-11-12T10:00:00Z,2025-11-12,10,Not Harmattan,0.49999999999999994,-0.8660254037844387,0,14.900337610237552,14.609102969197291,16.898495105763725,35.1115,54.794,9.858333333333333,test
1976,MOD-PM-00884,2025-11-12T11:00:00Z,2025-11-12,11,Not Harmattan,0.258819045102521,-0.9659258262890682,0,17.73773381924741,17.253995290947127,19.269867192606192,35.37416666666667,54.83683333333333,9.986666666666666,test
1977,MOD-PM-00884,2025-11-12T12:00:00Z,2025-11-12,12,Not Harmattan,1.2246467991473532e-16,-1,0,20.18998462140981,19.5751056969634,21.03463603859637,36.06133333333333,52.271166666666666,11.223333333333333,test
1978,MOD-PM-00884,2025-11-12T13:00:00Z,2025-11-12,13,Not Harmattan,-0.2588190451025208,-0.9659258262890683,0,20.121854648186034,19.47071825342387,21.171392784449957,36.33533333333333,49.611333333333334,10.933333333333334,test
1979,MOD-PM-00884,2025-11-12T14:00:00Z,2025-11-12,14,Not Harmattan,-0.4999999999999998,-0.8660254037844388,0,19.40384915366075,18.68204091322795,21.343421203142135,32.575833333333335,58.333333333333336,10.371666666666666,test
1980,MOD-PM-00884,2025-11-12T15:00:00Z,2025-11-12,15,Not Harmattan,-0.7071067811865471,-0.7071067811865479,0,17.2323974329983,16.840928059056736,18.44270537746705,36.86083333333333,44.273,12.805,test
1981,MOD-PM-00884,2025-11-12T16:00:00Z,2025-11-12,16,Not Harmattan,-0.8660254037844384,-0.5000000000000004,0,19.73650532043698,19.182835152589824,20.51599074174929,35.955333333333336,46.77183333333333,9.189795918367349,test
1982,MOD-PM-00884,2025-11-20T13:00:00Z,2025-11-20,13,Not Harmattan,-0.2588190451025208,-0.9659258262890683,0,27.77602672653932,25.750729645613315,28.77979779573633,41.25745762711865,36.21406779661017,25.51276595744681,train
1983,MOD-PM-00884,2025-11-20T14:00:00Z,2025-11-20,14,Not Harmattan,-0.4999999999999998,-0.8660254037844388,0,27.853434063899844,25.683079353786447,29.67026986374993,41.4995,33.467166666666664,26.335,train
1984,MOD-PM-00884,2025-11-20T15:00:00Z,2025-11-20,15,Not Harmattan,-0.7071067811865471,-0.7071067811865479,0,27.67836796987827,25.538445221731493,28.83408469503066,41.141333333333336,34.641333333333336,26.59166666666667,train
1985,MOD-PM-00884,2025-11-20T16:00:00Z,2025-11-20,16,Not Harmattan,-0.8660254037844384,-0.5000000000000004,0,29.675365359223942,27.298641454537567,34.577694190952336,39.914,39.015166666666666,26.766666666666666,train
1986,MOD-PM-00884,2025-11-20T17:00:00Z,2025-11-20,17,Not Harmattan,-0.9659258262890683,-0.25881904510252063,0,38.6234145213283,35.115560302959665,45.79576124203091,33.184333333333335,55.54816666666667,27.593333333333337,train
1987,MOD-PM-00884,2025-11-20T18:00:00Z,2025-11-20,18,Not Harmattan,-1,-1.8369701987210297e-16,0,76.9084218392359,70.87472381053607,77.78743715289016,30.171,63.221,36.82666666666667,train
1988,MOD-PM-00884,2025-11-20T19:00:00Z,2025-11-20,19,Not Harmattan,-0.9659258262890684,0.2588190451025203,0,48.56041887991073,45.11545799738812,51.5540514655812,29.117,68.767,61.16,train
1989,MOD-PM-00884,2025-11-20T20:00:00Z,2025-11-20,20,Not Harmattan,-0.8660254037844386,0.5000000000000001,0,33.504367736432634,31.443761795943885,34.37129485450749,28.125,71.7395,40.538333333333334,train
1990,MOD-PM-00884,2025-11-20T21:00:00Z,2025-11-20,21,Not Harmattan,-0.7071067811865477,0.7071067811865474,0,26.680786919262623,25.283652132487568,26.836462757966693,26.6015,78.37483333333333,31.96,train
1991,MOD-PM-00884,2025-11-20T22:00:00Z,2025-11-20,22,Not Harmattan,-0.5000000000000004,0.8660254037844384,0,23.53102467318551,22.35103061693434,24.717317897905954,26.405833333333337,78.08366666666667,28.928333333333335,train
1992,MOD-PM-00884,2025-11-20T23:00:00Z,2025-11-20,23,Not Harmattan,-0.25881904510252157,0.9659258262890681,0,22.470758337418747,21.300788278145827,23.45804648505241,26.412166666666668,78.57866666666666,26.728813559322035,train
1993,MOD-PM-00884,2025-11-21T00:00:00Z,2025-11-21,0,Not Harmattan,0,1,0,22.43083062488593,21.22004480219017,24.402748937545255,26.0845,78.88983333333333,26.46,train
1994,MOD-PM-00884,2025-11-21T01:00:00Z,2025-11-21,1,Not Harmattan,0.25881904510252074,0.9659258262890683,0,21.91778602855643,20.70909269880529,23.437676777933707,25.924333333333333,79.8645,26.363333333333333,train
1995,MOD-PM-00884,2025-11-21T02:00:00Z,2025-11-21,2,Not Harmattan,0.49999999999999994,0.8660254037844387,0,21.19025742792654,20.144215419555803,22.602566194229233,25.15416666666667,82.18466666666667,26.543333333333333,train
1996,MOD-PM-00884,2025-11-21T03:00:00Z,2025-11-21,3,Not Harmattan,0.7071067811865475,0.7071067811865476,0,15.11737062580792,14.662566423969936,17.604718698575915,24.154666666666667,81.268,26.318333333333335,train
1997,MOD-PM-00884,2025-11-21T04:00:00Z,2025-11-21,4,Not Harmattan,0.8660254037844386,0.5000000000000001,0,16.373972005632886,15.75613359188691,18.613848843794106,23.737833333333334,83.36583333333333,18.643333333333334,train
1998,MOD-PM-00884,2025-11-21T05:00:00Z,2025-11-21,5,Not Harmattan,0.9659258262890683,0.25881904510252074,0,16.598346173660765,15.801151398352538,20.09298351121905,24.280833333333337,82.43916666666667,20.081666666666667,train
1999,MOD-PM-00884,2025-11-21T06:00:00Z,2025-11-21,6,Not Harmattan,1,6.123233995736766e-17,0,21.55521466551583,20.28138506062415,25.14103625087246,24.784333333333333,80.4185,19.623333333333335,train
2000,MOD-PM-00884,2025-11-21T07:00:00Z,2025-11-21,7,Not Harmattan,0.9659258262890683,-0.25881904510252063,0,15.792022536653544,15.224134702060404,18.582733286527436,27.789666666666665,70.85433333333333,22.39666666666667,train
2001,MOD-PM-00884,2025-11-21T08:00:00Z,2025-11-21,8,Not Harmattan,0.8660254037844387,-0.49999999999999983,0,13.201676499929228,12.84969550992331,15.89696606925314,31.190833333333337,61.347,15.321666666666667,train
2002,MOD-PM-00884,2025-11-21T09:00:00Z,2025-11-21,9,Not Harmattan,0.7071067811865476,-0.7071067811865475,0,13.019901408245094,12.593998216874306,16.333895496813316,32.9965,58.102,12.69,train
2003,MOD-PM-00884,2025-11-21T10:00:00Z,2025-11-21,10,Not Harmattan,0.49999999999999994,-0.8660254037844387,0,14.29357096753378,13.718654604982929,17.916727618166068,35.104,53.492333333333335,12.953333333333331,train
2004,MOD-PM-00884,2025-11-21T11:00:00Z,2025-11-21,11,Not Harmattan,0.258819045102521,-0.9659258262890682,0,16.76050407461121,15.904692353223483,20.022029294800905,36.83866666666667,48.3145,13.6,train
2005,MOD-PM-00884,2025-11-21T12:00:00Z,2025-11-21,12,Not Harmattan,1.2246467991473532e-16,-1,0,23.154709041377227,21.838424012969952,24.42354531812572,38.25533333333333,44.3985,16.185,train
2006,MOD-PM-00884,2025-11-21T13:00:00Z,2025-11-21,13,Not Harmattan,-0.2588190451025208,-0.9659258262890683,0,26.347620950232404,24.766890038695585,27.6233434377718,39.862833333333334,39.60316666666667,17.636666666666667,train
2007,MOD-PM-00884,2025-11-21T14:00:00Z,2025-11-21,14,Not Harmattan,-0.4999999999999998,-0.8660254037844388,0,21.655013554757716,19.741286813309596,32.536109084606565,35.7875,44.418166666666664,18.456666666666667,train
2008,MOD-PM-00884,2025-11-21T15:00:00Z,2025-11-21,15,Not Harmattan,-0.7071067811865471,-0.7071067811865479,0,20.86473849270623,19.276045098028273,28.231210896288548,31.365833333333335,50.832166666666666,20.646666666666665,train
2009,MOD-PM-00884,2025-11-21T16:00:00Z,2025-11-21,16,Not Harmattan,-0.8660254037844384,-0.5000000000000004,0,27.97178975518711,26.110459939527445,34.143688266741236,29.409333333333333,59.663,19.228333333333335,train
2010,MOD-PM-00884,2025-11-21T17:00:00Z,2025-11-21,17,Not Harmattan,-0.9659258262890683,-0.25881904510252063,0,52.84226840329729,48.90688074397795,58.97600472740601,29.002166666666668,59.212,22.525,train
2011,MOD-PM-00884,2025-11-21T18:00:00Z,2025-11-21,18,Not Harmattan,-1,-1.8369701987210297e-16,0,110.24522730360631,101.9731207088864,107.80334628955988,27.958333333333332,65.59516666666667,36.215,train
2012,MOD-PM-00884,2025-11-21T19:00:00Z,2025-11-21,19,Not Harmattan,-0.9659258262890684,0.2588190451025203,0,34.44060937984771,32.46293415291959,33.86797819684206,26.6365,69.29083333333334,65.81333333333333,train
2013,MOD-PM-00884,2025-11-21T20:00:00Z,2025-11-21,20,Not Harmattan,-0.8660254037844386,0.5000000000000001,0,39.192251876334915,36.4494532992393,41.61202251413114,26.946833333333338,67.937,29.056666666666665,train
2014,MOD-PM-00884,2025-11-21T21:00:00Z,2025-11-21,21,Not Harmattan,-0.7071067811865477,0.7071067811865474,0,38.63291723534275,36.33929434205033,38.36078653826211,26.599666666666668,67.65716666666667,32.97333333333333,train
2015,MOD-PM-00884,2025-11-21T22:00:00Z,2025-11-21,22,Not Harmattan,-0.5000000000000004,0.8660254037844384,0,36.720852901512494,34.246370347354066,37.53062220616986,27.083833333333335,65.1185,30.563333333333333,train
2016,MOD-PM-00884,2025-11-21T23:00:00Z,2025-11-21,23,Not Harmattan,-0.25881904510252157,0.9659258262890681,0,31.76398440965743,29.81352081214436,32.43974409313267,26.522833333333335,66.3065,31.658333333333335,train
2017,MOD-PM-00884,2025-11-22T00:00:00Z,2025-11-22,0,Not Harmattan,0,1,0,25.005189262924993,23.568896950481413,27.258948498710343,26.427666666666667,68.24316666666667,27.3,train
2018,MOD-PM-00884,2025-11-22T01:00:00Z,2025-11-22,1,Not Harmattan,0.25881904510252074,0.9659258262890683,0,18.86596699151666,17.918527372543597,21.066399507416076,26.491,70.25316666666667,24.235,train
2019,MOD-PM-00884,2025-11-22T02:00:00Z,2025-11-22,2,Not Harmattan,0.49999999999999994,0.8660254037844387,0,21.02179837111673,20.011085838042064,23.137899164247266,26.353166666666667,71.307,19.786666666666665,train
2020,MOD-PM-00884,2025-11-22T03:00:00Z,2025-11-22,3,Not Harmattan,0.7071067811865475,0.7071067811865476,0,18.93760440424791,18.18934603135413,20.5124825377304,24.918,76.37116666666667,19.868333333333332,train
2021,MOD-PM-00884,2025-11-22T04:00:00Z,2025-11-22,4,Not Harmattan,0.8660254037844386,0.5000000000000001,0,17.233804487219327,16.53465306805981,18.92012137573174,23.659333333333333,82.0275,19.791666666666668,train
2022,MOD-PM-00884,2025-11-22T05:00:00Z,2025-11-22,5,Not Harmattan,0.9659258262890683,0.25881904510252074,0,15.079155848848522,14.481783378090658,17.267551847462897,23.169666666666668,86.0335,19.961666666666662,train
2023,MOD-PM-00884,2025-11-22T06:00:00Z,2025-11-22,6,Not Harmattan,1,6.123233995736766e-17,0,16.16829738428151,15.48616142174496,18.488154002504594,23.577166666666667,85.9525,19.313333333333333,train
2024,MOD-PM-00884,2025-11-22T07:00:00Z,2025-11-22,7,Not Harmattan,0.9659258262890683,-0.25881904510252063,0,13.030362550497053,12.822627110907437,15.645386754024454,25.408666666666665,80.71666666666667,20.133333333333333,train
2025,MOD-PM-00884,2025-11-22T08:00:00Z,2025-11-22,8,Not Harmattan,0.8660254037844387,-0.49999999999999983,0,13.321785910970236,13.099255760125075,15.739128493844593,29.018333333333334,70.24483333333333,13.948333333333334,train
2026,MOD-PM-00884,2025-11-22T09:00:00Z,2025-11-22,9,Not Harmattan,0.7071067811865476,-0.7071067811865475,0,12.99326933849644,12.751983783838297,15.662516903377966,32.43366666666667,60.27483333333333,12.211666666666666,train
2027,MOD-PM-00884,2025-11-22T10:00:00Z,2025-11-22,10,Not Harmattan,0.49999999999999994,-0.8660254037844387,0,15.680844861102512,15.179155372352438,17.99326019502866,35.157,52.882,11.411666666666669,train
2028,MOD-PM-00884,2025-11-22T11:00:00Z,2025-11-22,11,Not Harmattan,0.258819045102521,-0.9659258262890682,0,21.3369989087162,20.3495273984452,22.761415143769355,38.201,44.856,12.191666666666666,train
2029,MOD-PM-00884,2025-11-22T12:00:00Z,2025-11-22,12,Not Harmattan,1.2246467991473532e-16,-1,0,19.775739701904364,18.82600170202381,22.03989451721713,39.08083333333333,42.044666666666664,13.935,train
2030,MOD-PM-00884,2025-11-22T13:00:00Z,2025-11-22,13,Not Harmattan,-0.2588190451025208,-0.9659258262890683,0,20.90831638937765,19.906467533956555,22.779493456371217,40.097,39.084666666666664,14.563333333333333,train
2031,MOD-PM-00884,2025-11-22T14:00:00Z,2025-11-22,14,Not Harmattan,-0.4999999999999998,-0.8660254037844388,0,25.657103993242483,24.274118203306433,27.56958258159039,37.01583333333333,44.963166666666666,15.028333333333334,train
2032,MOD-PM-00884,2025-11-22T15:00:00Z,2025-11-22,15,Not Harmattan,-0.7071067811865471,-0.7071067811865479,0,30.339229854375052,28.722993308082756,31.130299041720637,38.97833333333333,41.400166666666664,16.54,train
2033,MOD-PM-00884,2025-11-22T16:00:00Z,2025-11-22,16,Not Harmattan,-0.8660254037844384,-0.5000000000000004,0,32.184143035309205,30.387690228369436,33.627808446035175,35.52033333333333,48.7035,17.098333333333333,train
2034,MOD-PM-00884,2025-11-22T17:00:00Z,2025-11-22,17,Not Harmattan,-0.9659258262890683,-0.25881904510252063,0,42.92855181167731,40.04606822178172,46.57880186068021,32.85766666666667,53.02,19.4,train
2035,MOD-PM-00884,2025-11-22T18:00:00Z,2025-11-22,18,Not Harmattan,-1,-1.8369701987210297e-16,0,80.88398216842282,75.16165024230912,81.09692195764944,29.254333333333335,63.61633333333334,28.656666666666663,train
2036,MOD-PM-00884,2025-11-22T19:00:00Z,2025-11-22,19,Not Harmattan,-0.9659258262890684,0.2588190451025203,0,98.55635887148875,91.24828242333068,96.18156713005496,27.887333333333338,69.70033333333333,50.79833333333333,train
2037,MOD-PM-00884,2025-11-22T20:00:00Z,2025-11-22,20,Not Harmattan,-0.8660254037844386,0.5000000000000001,0,42.787458939861914,39.76693858331599,44.77245605624991,27.858,59.91133333333333,65.675,train
2038,MOD-PM-00884,2025-11-22T21:00:00Z,2025-11-22,21,Not Harmattan,-0.7071067811865477,0.7071067811865474,0,38.61030240735557,36.0646280074735,40.73742093113291,28.312833333333337,49.614333333333335,31.845,train
2039,MOD-PM-00884,2025-11-23T06:00:00Z,2025-11-23,6,Not Harmattan,1,6.123233995736766e-17,0,13.650363659714513,13.203547011770448,17.141367121828406,23.473666666666663,89.58933333333333,18.955,train
2040,MOD-PM-00884,2025-11-23T07:00:00Z,2025-11-23,7,Not Harmattan,0.9659258262890683,-0.25881904510252063,0,17.29883486273881,16.742389082681974,19.956827268756083,26.068,80.16666666666667,16.946666666666665,train
2041,MOD-PM-00884,2025-11-23T08:00:00Z,2025-11-23,8,Not Harmattan,0.8660254037844387,-0.49999999999999983,0,14.283925508888212,13.962982016142536,17.244100609787054,29.563833333333335,69.09533333333333,16.093333333333334,train
2042,MOD-PM-00884,2025-11-23T09:00:00Z,2025-11-23,9,Not Harmattan,0.7071067811865476,-0.7071067811865475,0,14.118810754864604,13.781891156201954,16.68939350406109,30.349333333333337,66.76183333333333,12.99,train
2043,MOD-PM-00884,2025-11-23T10:00:00Z,2025-11-23,10,Not Harmattan,0.49999999999999994,-0.8660254037844387,0,16.172620507395376,15.684335962087882,18.46577734984355,32.423,60.547,13.146666666666668,train
2044,MOD-PM-00884,2025-11-23T11:00:00Z,2025-11-23,11,Not Harmattan,0.258819045102521,-0.9659258262890682,0,19.10367758650903,18.404989019676027,20.94503461162736,35.53516666666667,51.6965,13.038333333333334,train
2045,MOD-PM-00884,2025-11-23T12:00:00Z,2025-11-23,12,Not Harmattan,1.2246467991473532e-16,-1,0,24.010748594193952,22.948882477500955,25.508544325932657,36.94,47.931,12.611666666666666,train
2046,MOD-PM-00884,2025-11-23T13:00:00Z,2025-11-23,13,Not Harmattan,-0.2588190451025208,-0.9659258262890683,0,21.769107299201597,20.84505032200725,24.000553890316283,38.87116666666667,42.351166666666664,13.26,train
2047,MOD-PM-00884,2025-11-23T14:00:00Z,2025-11-23,14,Not Harmattan,-0.4999999999999998,-0.8660254037844388,0,24.677223276885513,23.57082078836456,26.45334159475034,38.4245,42.44266666666667,12.958333333333334,train
2048,MOD-PM-00884,2025-11-23T15:00:00Z,2025-11-23,15,Not Harmattan,-0.7071067811865471,-0.7071067811865479,0,22.626798611321263,21.615085673115473,24.271918211993857,39.05133333333333,40.909166666666664,13.465,train
2049,MOD-PM-00884,2025-11-23T16:00:00Z,2025-11-23,16,Not Harmattan,-0.8660254037844384,-0.5000000000000004,0,24.428521345297032,23.2261267548412,26.80084342527037,38.40533333333333,42.796,13.311666666666667,train
2050,MOD-PM-00884,2025-11-23T17:00:00Z,2025-11-23,17,Not Harmattan,-0.9659258262890683,-0.25881904510252063,0,28.35628261514946,26.913354441679814,30.357135123574984,34.25333333333333,53.11066666666667,13.651666666666667,train
2051,MOD-PM-00884,2025-11-23T18:00:00Z,2025-11-23,18,Not Harmattan,-1,-1.8369701987210297e-16,0,52.716632735822984,49.68705472073035,50.89741681065768,29.1565,66.02683333333333,16.093333333333334,train
2052,MOD-PM-00884,2025-11-23T19:00:00Z,2025-11-23,19,Not Harmattan,-0.9659258262890684,0.2588190451025203,0,76.13217653521433,70.62439402518105,78.58536393453853,27.951666666666668,71.028,34.26,train
2053,MOD-PM-00884,2025-11-23T20:00:00Z,2025-11-23,20,Not Harmattan,-0.8660254037844386,0.5000000000000001,0,55.74275773926146,51.84088742280704,57.14088216838831,27.777166666666663,72.02733333333333,48,train
2054,MOD-PM-00884,2025-11-23T21:00:00Z,2025-11-23,21,Not Harmattan,-0.7071067811865477,0.7071067811865474,0,40.77249611908549,38.20743711847976,42.69477753558365,27.2765,71.55866666666667,39.321666666666665,train
2055,MOD-PM-00884,2025-11-23T22:00:00Z,2025-11-23,22,Not Harmattan,-0.5000000000000004,0.8660254037844384,0,33.522019551580236,31.622795476134247,35.52499373887141,27.371896551724134,67.84362068965517,28.961666666666662,train
2056,MOD-PM-00884,2025-11-23T23:00:00Z,2025-11-23,23,Not Harmattan,-0.25881904510252157,0.9659258262890681,0,30.191264848175805,28.626205024181655,32.25979851131677,26.808,72.13416666666667,24.06,train
2057,MOD-PM-00884,2025-11-24T00:00:00Z,2025-11-24,0,Not Harmattan,0,1,0,25.609315666587023,24.42153683756068,26.75562601898988,25.819122807017543,76.58228070175439,22.461666666666662,test
2058,MOD-PM-00884,2025-11-24T01:00:00Z,2025-11-24,1,Not Harmattan,0.25881904510252074,0.9659258262890683,0,26.293826616390948,25.117009295049417,26.86026165550026,25.575333333333333,77.18783333333333,21.64666666666667,test
2059,MOD-PM-00884,2025-11-24T02:00:00Z,2025-11-24,2,Not Harmattan,0.49999999999999994,0.8660254037844387,0,27.34253063703712,26.142530317039498,27.78151287031727,25.1905,78.47366666666666,20.968333333333337,test
2060,MOD-PM-00884,2025-11-24T03:00:00Z,2025-11-24,3,Not Harmattan,0.7071067811865475,0.7071067811865476,0,27.367470163302514,26.169040803069255,27.890330405786163,24.979833333333332,79.04166666666667,22.118333333333332,test
2061,MOD-PM-00884,2025-11-24T04:00:00Z,2025-11-24,4,Not Harmattan,0.8660254037844386,0.5000000000000001,0,32.47161033029139,30.90152808857904,31.82689877756208,24.544166666666666,80.62183333333333,22.013333333333332,test
2062,MOD-PM-00884,2025-11-24T05:00:00Z,2025-11-24,5,Not Harmattan,0.9659258262890683,0.25881904510252074,0,61.04092864412049,56.9731674588135,58.390039839926125,24.145333333333333,80.71916666666667,26.796666666666667,test
2063,MOD-PM-00884,2025-11-24T06:00:00Z,2025-11-24,6,Not Harmattan,1,6.123233995736766e-17,0,53.61643371412256,50.187291047106115,51.66302702825814,24.304,80.12266666666666,49.255,test
2064,MOD-PM-00884,2025-11-24T07:00:00Z,2025-11-24,7,Not Harmattan,0.9659258262890683,-0.25881904510252063,0,48.497692810579295,45.609018606309355,48.65608531332632,27.708333333333332,71.07166666666667,42.36333333333334,test
2065,MOD-PM-00884,2025-11-24T08:00:00Z,2025-11-24,8,Not Harmattan,0.8660254037844387,-0.49999999999999983,0,43.848173901612185,41.4018737315504,41.59151058252518,31.463166666666663,61.45516666666666,31.755,test
2066,MOD-PM-00884,2025-11-24T09:00:00Z,2025-11-24,9,Not Harmattan,0.7071067811865476,-0.7071067811865475,0,36.09393887373088,34.280691615189404,34.469571975198896,33.551,56.291666666666664,27.451666666666668,test
2067,MOD-PM-00884,2025-11-24T10:00:00Z,2025-11-24,10,Not Harmattan,0.49999999999999994,-0.8660254037844387,0,29.53156033941729,28.128046442719693,29.639991850685973,35.520833333333336,51.339166666666664,21.871666666666663,test
2068,MOD-PM-00884,2025-11-24T11:00:00Z,2025-11-24,11,Not Harmattan,0.258819045102521,-0.9659258262890682,0,29.96226167568166,28.38476336984677,31.283601236257915,37.769333333333336,44.00416666666667,17.878333333333334,test
2069,MOD-PM-00884,2025-11-24T12:00:00Z,2025-11-24,12,Not Harmattan,1.2246467991473532e-16,-1,0,28.11571712753473,26.100417505777425,33.977775501000906,38.744166666666665,39.48766666666667,14.961666666666666,test
2070,MOD-PM-00884,2025-11-24T13:00:00Z,2025-11-24,13,Not Harmattan,-0.2588190451025208,-0.9659258262890683,0,28.420578875423196,26.53655155388674,34.32017305270065,39.31433333333333,36.17933333333333,20.805,test
2071,MOD-PM-00884,2025-11-24T14:00:00Z,2025-11-24,14,Not Harmattan,-0.4999999999999998,-0.8660254037844388,0,28.173080077154143,26.688573223412977,30.624248513355795,40.15566666666667,31.968833333333333,19.82,test
2072,MOD-PM-00884,2025-11-24T15:00:00Z,2025-11-24,15,Not Harmattan,-0.7071067811865471,-0.7071067811865479,0,27.250698833732063,25.129323487872643,36.3688321532702,42.09847457627119,27.484745762711864,15.648333333333332,test
2073,MOD-PM-00884,2025-11-24T16:00:00Z,2025-11-24,16,Not Harmattan,-0.8660254037844384,-0.5000000000000004,0,27.958497914318063,26.24164090151751,30.32501462040216,40.618833333333335,31.359333333333332,18.28333333333333,test
2074,MOD-PM-00884,2025-11-24T17:00:00Z,2025-11-24,17,Not Harmattan,-0.9659258262890683,-0.25881904510252063,0,42.0440245089074,38.67260188024576,49.34631655268302,35.22666666666667,40.62233333333333,16.111666666666668,test
2075,MOD-PM-00884,2025-11-24T18:00:00Z,2025-11-24,18,Not Harmattan,-1,-1.8369701987210297e-16,0,55.10701393644066,51.62091579924807,54.92469279985902,29.775333333333332,48.645,25.388333333333332,test
2076,MOD-PM-00884,2025-11-24T19:00:00Z,2025-11-24,19,Not Harmattan,-0.9659258262890684,0.2588190451025203,0,51.66976400329119,48.25602714973065,53.53527017844872,28.617,48.05233333333334,31.526666666666667,test
2077,MOD-PM-00884,2025-11-24T20:00:00Z,2025-11-24,20,Not Harmattan,-0.8660254037844386,0.5000000000000001,0,76.758458408201,71.33838797875322,76.7040184171638,27.914166666666667,51.901666666666664,30.328333333333333,test
2078,MOD-PM-00884,2025-11-24T21:00:00Z,2025-11-24,21,Not Harmattan,-0.7071067811865477,0.7071067811865474,0,70.36362128664003,65.3193918240257,67.75410008062406,27.277666666666665,55.64933333333333,44.375,test
2079,MOD-PM-00884,2025-11-24T22:00:00Z,2025-11-24,22,Not Harmattan,-0.5000000000000004,0.8660254037844384,0,47.45571817968584,44.699543485430674,45.58218747034023,27.108,55.970666666666666,43.06333333333333,test
2080,MOD-PM-00884,2025-11-25T06:00:00Z,2025-11-25,6,Not Harmattan,1,6.123233995736766e-17,0,49.532693346638105,46.24931033057818,49.443645510126075,23.322,85.886,29.721666666666664,train
2081,MOD-PM-00884,2025-11-25T07:00:00Z,2025-11-25,7,Not Harmattan,0.9659258262890683,-0.25881904510252063,0,32.856511032056936,31.312363668524977,31.891105232196136,26.254666666666665,76.33416666666666,44.95,train
2082,MOD-PM-00884,2025-11-25T08:00:00Z,2025-11-25,8,Not Harmattan,0.8660254037844387,-0.49999999999999983,0,26.006135008417,24.997615916021346,26.075703975653617,29.266833333333334,68.21016666666667,25.95666666666667,train
2083,MOD-PM-00884,2025-11-25T09:00:00Z,2025-11-25,9,Not Harmattan,0.7071067811865476,-0.7071067811865475,0,21.85675250270826,21.152248755188083,23.00850648628919,31.597833333333337,62.382,18.038333333333338,train
2084,MOD-PM-00884,2025-11-25T10:00:00Z,2025-11-25,10,Not Harmattan,0.49999999999999994,-0.8660254037844387,0,25.819934833168197,24.805058982297208,26.80125429601132,34.844,54.63933333333333,13.611666666666666,train
2085,MOD-PM-00884,2025-11-25T11:00:00Z,2025-11-25,11,Not Harmattan,0.258819045102521,-0.9659258262890682,0,27.41669666894818,26.271388978452652,27.74017295268924,37.13,47.875166666666665,13.88,train
2086,MOD-PM-00884,2025-11-25T12:00:00Z,2025-11-25,12,Not Harmattan,1.2246467991473532e-16,-1,0,25.24905826914561,24.19087373810268,26.28619621678716,37.4995,44.4985,13.691666666666666,train
2087,MOD-PM-00884,2025-11-25T13:00:00Z,2025-11-25,13,Not Harmattan,-0.2588190451025208,-0.9659258262890683,0,24.10020869372483,22.995881836986225,26.34188500490688,40.091166666666666,37.751333333333335,12.925,train
2088,MOD-PM-00884,2025-11-25T14:00:00Z,2025-11-25,14,Not Harmattan,-0.4999999999999998,-0.8660254037844388,0,24.102696528724326,23.078337528657883,26.90947132808959,40.5755,36.10916666666667,13.508333333333333,train
2089,MOD-PM-00884,2025-11-25T15:00:00Z,2025-11-25,15,Not Harmattan,-0.7071067811865471,-0.7071067811865479,0,25.84342652103225,24.649305067277663,28.113543837168397,40.224666666666664,35.3875,12.371666666666666,train
2090,MOD-PM-00884,2025-11-25T16:00:00Z,2025-11-25,16,Not Harmattan,-0.8660254037844384,-0.5000000000000004,0,25.815509749603528,24.118922201273,32.850630636804844,38.63,38.9485,12.305,train
2091,MOD-PM-00884,2025-11-25T17:00:00Z,2025-11-25,17,Not Harmattan,-0.9659258262890683,-0.25881904510252063,0,60.473498343334896,56.43499304938209,63.79294267527427,34.846,48.42366666666667,13.96,train
2092,MOD-PM-00884,2025-11-25T18:00:00Z,2025-11-25,18,Not Harmattan,-1,-1.8369701987210297e-16,0,85.45937582965918,79.0985536096225,87.93065054291914,29.734333333333332,61.85366666666667,25.776666666666667,train
2093,MOD-PM-00884,2025-11-25T19:00:00Z,2025-11-25,19,Not Harmattan,-0.9659258262890684,0.2588190451025203,0,93.07947168846955,86.49511388057708,91.79201376638017,28.410166666666665,67.875,49.97833333333333,train
2094,MOD-PM-00884,2025-11-25T20:00:00Z,2025-11-25,20,Not Harmattan,-0.8660254037844386,0.5000000000000001,0,74.7777950830733,69.66586103828213,73.92823890217954,27.799833333333332,68.17083333333333,56.45166666666667,train
2095,MOD-PM-00884,2025-11-25T21:00:00Z,2025-11-25,21,Not Harmattan,-0.7071067811865477,0.7071067811865474,0,46.374672304046285,43.52248175338514,48.44502417424376,27.538166666666665,63.620333333333335,47.725,train
2096,MOD-PM-00884,2025-11-25T22:00:00Z,2025-11-25,22,Not Harmattan,-0.5000000000000004,0.8660254037844384,0,36.60547445538855,34.331115406106676,39.30781199071341,27.057333333333332,62.998,27.625,train
2097,MOD-PM-00884,2025-11-25T23:00:00Z,2025-11-25,23,Not Harmattan,-0.25881904510252157,0.9659258262890681,0,32.51761488569182,30.80937625397632,34.13512319206448,26.685333333333332,68.02066666666667,24.34166666666667,train
2098,MOD-PM-00884,2025-11-26T00:00:00Z,2025-11-26,0,Not Harmattan,0,1,0,26.70022058118488,25.463242398879295,28.01776354636431,25.193,73.17633333333333,21.551666666666662,test
2099,MOD-PM-00884,2025-11-26T01:00:00Z,2025-11-26,1,Not Harmattan,0.25881904510252074,0.9659258262890683,0,25.83363831775556,24.73428098657625,27.145168908908428,25.291,72.16416666666666,19.893333333333334,test
2100,MOD-PM-00884,2025-11-26T02:00:00Z,2025-11-26,2,Not Harmattan,0.49999999999999994,0.8660254037844387,0,22.2833142446702,21.389919687272005,23.869027845049423,25.553333333333335,71.112,17.816666666666666,test
2101,MOD-PM-00884,2025-11-26T03:00:00Z,2025-11-26,3,Not Harmattan,0.7071067811865475,0.7071067811865476,0,25.417823207307816,24.345723449317145,26.430822717602044,24.608166666666666,75.169,16.128333333333334,test
2102,MOD-PM-00884,2025-11-26T04:00:00Z,2025-11-26,4,Not Harmattan,0.8660254037844386,0.5000000000000001,0,26.03372550640316,24.936841877292743,27.074025059840615,24.319333333333333,77.92683333333333,19.196666666666665,test
2103,MOD-PM-00884,2025-11-26T05:00:00Z,2025-11-26,5,Not Harmattan,0.9659258262890683,0.25881904510252074,0,26.296885429914912,24.989074075820177,28.15608476157767,23.371166666666667,83.143,20.751666666666665,test
2104,MOD-PM-00884,2025-11-26T06:00:00Z,2025-11-26,6,Not Harmattan,1,6.123233995736766e-17,0,27.25896385156241,25.74521931741208,29.0931386972005,23.52616666666667,84.73483333333333,23.76,test
2105,MOD-PM-00884,2025-11-26T07:00:00Z,2025-11-26,7,Not Harmattan,0.9659258262890683,-0.25881904510252063,0,23.76473841850656,22.90222940883465,24.526342016967593,26.091333333333335,78.58066666666667,26.221666666666668,test
2106,MOD-PM-00884,2025-11-26T08:00:00Z,2025-11-26,8,Not Harmattan,0.8660254037844387,-0.49999999999999983,0,19.215385456404213,18.650778547626825,20.956396767886748,27.489833333333333,75.44816666666667,19.528333333333332,test
2107,MOD-PM-00884,2025-11-26T09:00:00Z,2025-11-26,9,Not Harmattan,0.7071067811865476,-0.7071067811865475,0,19.083142751718142,18.546352627329632,20.880796551551693,30.567666666666668,65.40516666666666,15.62,test
2108,MOD-PM-00884,2025-11-26T10:00:00Z,2025-11-26,10,Not Harmattan,0.49999999999999994,-0.8660254037844387,0,19.080083938194186,18.41737853564349,22.169761276799377,32.203,60.632,12.981666666666667,test
2109,MOD-PM-00884,2025-11-26T11:00:00Z,2025-11-26,11,Not Harmattan,0.258819045102521,-0.9659258262890682,0,21.4665906416815,20.66213181607768,23.71834890216591,34.248333333333335,54.627,13.335,test
2110,MOD-PM-00884,2025-11-26T12:00:00Z,2025-11-26,12,Not Harmattan,1.2246467991473532e-16,-1,0,23.777197985594174,22.81438697109018,25.74849283864826,36.26566666666667,48.8295,13.071666666666667,test
2111,MOD-PM-00884,2025-11-26T13:00:00Z,2025-11-26,13,Not Harmattan,-0.2588190451025208,-0.9659258262890683,0,23.559879480761573,22.579024644466035,25.52098106720684,39.22083333333333,39.561166666666665,12.56,test
2112,MOD-PM-00884,2025-11-26T14:00:00Z,2025-11-26,14,Not Harmattan,-0.4999999999999998,-0.8660254037844388,0,23.373251071619418,22.38025371437934,25.474758108849812,40.417833333333334,36.687666666666665,12.375,test
2113,MOD-PM-00884,2025-11-26T15:00:00Z,2025-11-26,15,Not Harmattan,-0.7071067811865471,-0.7071067811865479,0,24.342976527076825,23.246480959644888,27.33435908239573,39.99783333333333,36.957,13.263333333333334,test
2114,MOD-PM-00884,2025-11-26T16:00:00Z,2025-11-26,16,Not Harmattan,-0.8660254037844384,-0.5000000000000004,0,26.414935239849783,25.226725769525263,28.34690261530797,38.60066666666667,39.3185,12.815,test
2115,MOD-PM-00884,2025-11-26T17:00:00Z,2025-11-26,17,Not Harmattan,-0.9659258262890683,-0.25881904510252063,0,31.361474619595963,29.193095159575652,38.238176173799715,34.64333333333333,48.36383333333333,12.441666666666666,test
2116,MOD-PM-00884,2025-11-26T18:00:00Z,2025-11-26,18,Not Harmattan,-1,-1.8369701987210297e-16,0,33.777478999942346,31.723545539289884,37.985503524565445,30.172666666666668,58.40683333333333,17.19333333333333,test
2117,MOD-PM-00884,2025-11-26T19:00:00Z,2025-11-26,19,Not Harmattan,-0.9659258262890684,0.2588190451025203,0,91.4220841686446,84.42504507993259,96.67849948851484,28.613333333333333,64.93916666666667,19.59166666666667,test
2118,MOD-PM-00884,2025-11-26T20:00:00Z,2025-11-26,20,Not Harmattan,-0.8660254037844386,0.5000000000000001,0,71.52605628717882,66.2986070807147,75.20379044435167,27.902631578947368,67.44947368421053,56.93666666666667,test
2119,MOD-PM-00884,2025-11-27T06:00:00Z,2025-11-27,6,Not Harmattan,1,6.123233995736766e-17,0,16.2398124444718,15.774698627459276,18.25215616999045,22.936333333333337,89.73683333333334,20.483333333333334,train
2120,MOD-PM-00884,2025-11-27T07:00:00Z,2025-11-27,7,Not Harmattan,0.9659258262890683,-0.25881904510252063,0,17.287252155528066,16.795159955816683,19.008205741503392,24.937666666666665,84.593,17.876666666666665,train
2121,MOD-PM-00884,2025-11-27T08:00:00Z,2025-11-27,8,Not Harmattan,0.8660254037844387,-0.49999999999999983,0,18.017227806977132,17.51969654098849,20.45336455919582,28.528833333333335,72.6075,16.641666666666666,train
2122,MOD-PM-00884,2025-11-27T09:00:00Z,2025-11-27,9,Not Harmattan,0.7071067811865476,-0.7071067811865475,0,18.996557936899787,18.387655240348874,21.70557215584916,31.0985,63.87866666666667,13.765,train
2123,MOD-PM-00884,2025-11-27T10:00:00Z,2025-11-27,10,Not Harmattan,0.49999999999999994,-0.8660254037844387,0,20.25156873369229,19.565428792411172,22.283777907413384,33.72566666666667,57.071333333333335,12.948333333333332,train
2124,MOD-PM-00884,2025-11-27T11:00:00Z,2025-11-27,11,Not Harmattan,0.258819045102521,-0.9659258262890682,0,25.775785957972307,24.733011253573373,26.430870125764464,36.407,49.87283333333333,12.3,train
2125,MOD-PM-00884,2025-11-27T12:00:00Z,2025-11-27,12,Not Harmattan,1.2246467991473532e-16,-1,0,35.407398374322106,33.80846636839226,33.539866304750774,37.13516666666666,46.11833333333333,12.128333333333334,train
2126,MOD-PM-00884,2025-11-27T13:00:00Z,2025-11-27,13,Not Harmattan,-0.2588190451025208,-0.9659258262890683,0,25.36117398084399,24.29618462382612,26.30022903286273,40.33016666666666,37.32483333333333,12.02,train
2127,MOD-PM-00884,2025-11-27T14:00:00Z,2025-11-27,14,Not Harmattan,-0.4999999999999998,-0.8660254037844388,0,27.501813253275035,26.320042838517427,27.8983107797931,41.17133333333334,34.89233333333333,12.665,train
2128,MOD-PM-00884,2025-11-27T15:00:00Z,2025-11-27,15,Not Harmattan,-0.7071067811865471,-0.7071067811865479,0,30.189980146495746,28.795348850867896,29.47698678557392,41.516333333333336,33.819,12.766666666666667,train
2129,MOD-PM-00884,2025-11-27T16:00:00Z,2025-11-27,16,Not Harmattan,-0.8660254037844384,-0.5000000000000004,0,29.0055871579265,27.51101391845811,31.86028992662478,37.982166666666664,41.09283333333333,12.941666666666666,train
2130,MOD-PM-00884,2025-11-27T17:00:00Z,2025-11-27,17,Not Harmattan,-0.9659258262890683,-0.25881904510252063,0,32.90263793999832,30.857376009160827,37.856648139114775,33.17666666666667,52.17283333333333,14.626666666666669,train
2131,MOD-PM-00884,2025-11-27T18:00:00Z,2025-11-27,18,Not Harmattan,-1,-1.8369701987210297e-16,0,50.384083502898406,47.08700706003667,55.615571950768754,30.6325,58.684333333333335,18.783333333333335,train
2132,MOD-PM-00884,2025-11-27T19:00:00Z,2025-11-27,19,Not Harmattan,-0.9659258262890684,0.2588190451025203,0,85.96314202496598,79.80583336898248,93.59300244845728,29.9285,62.562333333333335,27.055,train
2133,MOD-PM-00884,2025-11-27T20:00:00Z,2025-11-27,20,Not Harmattan,-0.8660254037844386,0.5000000000000001,0,65.18513155892865,60.619994550106036,71.55770435953978,29.346666666666668,62.71483333333333,48.010000000000005,train
2134,MOD-PM-00884,2025-11-27T21:00:00Z,2025-11-27,21,Not Harmattan,-0.7071067811865477,0.7071067811865474,0,49.0839654026725,45.73578028442988,55.4267926480224,29.237333333333332,62.81733333333333,39.00666666666667,train
2135,MOD-PM-00884,2025-11-27T22:00:00Z,2025-11-27,22,Not Harmattan,-0.5000000000000004,0.8660254037844384,0,35.35637736474238,33.467927824696496,37.42311629652785,29.340833333333332,62.37383333333333,31.906666666666663,train
2136,MOD-PM-00884,2025-11-27T23:00:00Z,2025-11-27,23,Not Harmattan,-0.25881904510252157,0.9659258262890681,0,33.94542825449816,32.26933834673855,35.076522875908914,28.886,65.51516666666667,21.493333333333332,train
2137,MOD-PM-00884,2025-11-28T00:00:00Z,2025-11-28,0,Not Harmattan,0,1,0,28.861048022874098,27.54537366305111,30.23174053398079,28.362333333333332,68.31016666666666,20.57,train
2138,MOD-PM-00884,2025-11-28T01:00:00Z,2025-11-28,1,Not Harmattan,0.25881904510252074,0.9659258262890683,0,26.442464561565465,25.320743726874632,27.43957359752089,28.2855,67.77,18.368333333333332,train
2139,MOD-PM-00884,2025-11-28T06:00:00Z,2025-11-28,6,Not Harmattan,1,6.123233995736766e-17,0,19.297361658846462,18.64102468955927,20.570636550295823,25.042,85.95733333333334,18.581666666666667,train
2140,MOD-PM-00884,2025-11-28T07:00:00Z,2025-11-28,7,Not Harmattan,0.9659258262890683,-0.25881904510252063,0,20.776216429322695,20.065049490664325,21.85364364979971,26.427333333333333,82.30016666666667,18.831666666666667,train
2141,MOD-PM-00884,2025-11-28T08:00:00Z,2025-11-28,8,Not Harmattan,0.8660254037844387,-0.49999999999999983,0,22.804005874809608,21.932576638971145,24.283043327441156,28.275333333333332,76.20916666666666,17.906666666666666,train
2142,MOD-PM-00884,2025-11-28T09:00:00Z,2025-11-28,9,Not Harmattan,0.7071067811865476,-0.7071067811865475,0,24.00919879534181,23.043131295396304,25.607358739131463,32.39816666666667,63.21416666666667,18.406666666666663,train
2143,MOD-PM-00884,2025-11-28T10:00:00Z,2025-11-28,10,Not Harmattan,0.49999999999999994,-0.8660254037844387,0,25.879336991803587,24.830453642354744,26.70469967188775,35.29416666666667,54.72716666666667,16.766666666666666,train
2144,MOD-PM-00884,2025-11-28T11:00:00Z,2025-11-28,11,Not Harmattan,0.258819045102521,-0.9659258262890682,0,31.468788512504688,30.088052478069365,31.29777627682074,37.13966666666666,48.338166666666666,15.208333333333334,train
2145,MOD-PM-00884,2025-11-28T12:00:00Z,2025-11-28,12,Not Harmattan,1.2246467991473532e-16,-1,0,28.08263389909401,26.84604554955865,28.612615723319752,37.08166666666666,47.510666666666665,14.083333333333334,train
2146,MOD-PM-00884,2025-11-28T13:00:00Z,2025-11-28,13,Not Harmattan,-0.2588190451025208,-0.9659258262890683,0,28.316273334256003,27.020242874467435,29.295192285423745,36.38733333333333,48.907833333333336,14.153333333333332,train
2147,MOD-PM-00884,2025-11-28T14:00:00Z,2025-11-28,14,Not Harmattan,-0.4999999999999998,-0.8660254037844388,0,28.873752295043627,27.448662332665332,30.324992389455943,37.379666666666665,46.19383333333333,14.423333333333334,train
2148,MOD-PM-00884,2025-11-28T15:00:00Z,2025-11-28,15,Not Harmattan,-0.7071067811865471,-0.7071067811865479,0,27.522307303885597,25.98000449267128,31.71191818097892,34.0305,55.74366666666667,15.363333333333332,train
2149,MOD-PM-00884,2025-11-28T16:00:00Z,2025-11-28,16,Not Harmattan,-0.8660254037844384,-0.5000000000000004,0,38.135289059174035,35.90635386482704,42.59970836721582,31.957,62.79516666666667,16.95,train
2150,MOD-PM-00884,2025-11-28T17:00:00Z,2025-11-28,17,Not Harmattan,-0.9659258262890683,-0.25881904510252063,0,61.462616676534246,57.07632364610782,70.54915891499141,30.6435,66.6565,22.69,train
2151,MOD-PM-00884,2025-11-28T18:00:00Z,2025-11-28,18,Not Harmattan,-1,-1.8369701987210297e-16,0,92.95145014644656,85.49743079275612,102.65011064022292,29.319666666666667,69.58233333333334,37.425,train
2152,MOD-PM-00884,2025-11-28T19:00:00Z,2025-11-28,19,Not Harmattan,-0.9659258262890684,0.2588190451025203,0,61.419263438483235,56.977024916806315,68.02694235846106,29.12271186440678,68.3057627118644,61.58333333333333,train
2153,MOD-PM-00884,2025-11-28T20:00:00Z,2025-11-28,20,Not Harmattan,-0.8660254037844386,0.5000000000000001,0,29.402376448255183,27.687949288571097,32.51845744546647,28.096333333333337,70.68233333333333,44.14833333333333,train
2154,MOD-PM-00884,2025-11-28T21:00:00Z,2025-11-28,21,Not Harmattan,-0.7071067811865477,0.7071067811865474,0,25.09112153085824,23.976058000070545,26.101114750709375,27.005,75.01283333333333,28.848333333333333,train
2155,MOD-PM-00884,2025-11-28T22:00:00Z,2025-11-28,22,Not Harmattan,-0.5000000000000004,0.8660254037844384,0,25.844262596728797,24.46629036945394,27.142719487183523,26.842833333333335,72.06716666666667,26.313333333333333,train
2156,MOD-PM-00884,2025-11-28T23:00:00Z,2025-11-28,23,Not Harmattan,-0.25881904510252157,0.9659258262890681,0,24.40366338739228,23.229070226802413,24.672216932726137,26.28,73.9045,30.27166666666667,train
2157,MOD-PM-00884,2025-11-29T00:00:00Z,2025-11-29,0,Not Harmattan,0,1,0,24.336104392692985,23.150519926033542,24.440027555926193,26.041,75.23316666666666,30.186666666666667,train
2158,MOD-PM-00884,2025-11-29T01:00:00Z,2025-11-29,1,Not Harmattan,0.25881904510252074,0.9659258262890683,0,25.62657703427332,24.290567017207337,25.812478055191033,25.994833333333332,73.06966666666666,31.068333333333335,train
2159,MOD-PM-00884,2025-11-29T02:00:00Z,2025-11-29,2,Not Harmattan,0.49999999999999994,0.8660254037844387,0,25.114552042451805,23.855818132373884,25.195824283906244,26.1945,72.157,32.651666666666664,train
2160,MOD-PM-00884,2025-11-29T03:00:00Z,2025-11-29,3,Not Harmattan,0.7071067811865475,0.7071067811865476,0,24.866196776396045,23.70497000395637,24.817918018555815,25.706,76.17016666666667,31.218333333333337,train
2161,MOD-PM-00884,2025-11-29T04:00:00Z,2025-11-29,4,Not Harmattan,0.8660254037844386,0.5000000000000001,0,21.67456956922093,20.747819555393026,22.067312237815234,24.4705,81.414,31.485,train
2162,MOD-PM-00884,2025-11-29T05:00:00Z,2025-11-29,5,Not Harmattan,0.9659258262890683,0.25881904510252074,0,20.981313159576665,20.15590257165881,21.40898562039459,23.76372881355932,83.13559322033898,29.913333333333338,train
2163,MOD-PM-00884,2025-11-29T06:00:00Z,2025-11-29,6,Not Harmattan,1,6.123233995736766e-17,0,29.209528451614297,27.735852851861445,28.746395397279155,23.685166666666667,81.7215,30.386666666666667,train
2164,MOD-PM-00884,2025-11-29T07:00:00Z,2025-11-29,7,Not Harmattan,0.9659258262890683,-0.25881904510252063,0,24.736380730438988,23.44096173125217,26.118055267413215,25.304333333333332,75.83066666666667,36.51,train
2165,MOD-PM-00884,2025-11-29T08:00:00Z,2025-11-29,8,Not Harmattan,0.8660254037844387,-0.49999999999999983,0,25.54933179674813,24.115055287127877,26.23339932657491,27.625833333333333,68.75866666666667,32.95666666666666,train
2166,MOD-PM-00884,2025-11-29T09:00:00Z,2025-11-29,9,Not Harmattan,0.7071067811865476,-0.7071067811865475,0,25.7610424767868,24.2833911019032,26.862790090829193,31.589833333333335,59.31883333333333,31.023333333333333,train
2167,MOD-PM-00884,2025-11-29T10:00:00Z,2025-11-29,10,Not Harmattan,0.49999999999999994,-0.8660254037844387,0,25.90307338474955,24.27038595781313,28.41207303591118,35.084833333333336,50.887166666666666,27.588333333333335,train
2168,MOD-PM-00884,2025-11-29T11:00:00Z,2025-11-29,11,Not Harmattan,0.258819045102521,-0.9659258262890682,0,40.9923432430979,38.33806571074541,40.83032512675034,36.906333333333336,47.505,25.721666666666668,train
2169,MOD-PM-00884,2025-11-29T12:00:00Z,2025-11-29,12,Not Harmattan,1.2246467991473532e-16,-1,0,34.91904859917609,32.4623954783123,36.94307704660939,37.712833333333336,46.044333333333334,25.83,train
2170,MOD-PM-00884,2025-11-29T13:00:00Z,2025-11-29,13,Not Harmattan,-0.2588190451025208,-0.9659258262890683,0,31.553599215479142,29.13840762219058,34.769144153514866,39.00066666666667,42.748666666666665,26.543333333333333,train
2171,MOD-PM-00884,2025-11-29T14:00:00Z,2025-11-29,14,Not Harmattan,-0.4999999999999998,-0.8660254037844388,0,32.75603920383978,30.232359557684187,36.13107004072303,40.441,39.554,27.003333333333337,train
2172,MOD-PM-00884,2025-11-29T15:00:00Z,2025-11-29,15,Not Harmattan,-0.7071067811865471,-0.7071067811865479,0,31.483817482952436,29.044716717281347,35.7384988504648,38.66733333333333,43.95066666666666,28.72,train
2173,MOD-PM-00884,2025-11-29T16:00:00Z,2025-11-29,16,Not Harmattan,-0.8660254037844384,-0.5000000000000004,0,38.70357582774633,36.10193122402771,53.29867184254395,34.215,54.984833333333334,27.483333333333334,train
2174,MOD-PM-00884,2025-11-29T17:00:00Z,2025-11-29,17,Not Harmattan,-0.9659258262890683,-0.25881904510252063,0,10.24786184819728,9.981580278591986,17.525151999318602,24.384,81.97816666666667,25.506666666666668,train
2175,MOD-PM-00884,2025-11-29T18:00:00Z,2025-11-29,18,Not Harmattan,-1,-1.8369701987210297e-16,0,17.02366399812296,16.468107515681773,19.349923776208488,23.8725,85.12033333333333,14.453333333333331,train
2176,MOD-PM-00884,2025-11-29T19:00:00Z,2025-11-29,19,Not Harmattan,-0.9659258262890684,0.2588190451025203,0,21.9320067307033,21.12725810108601,22.619509584155036,24.521454545454542,81.37072727272727,18.985,train
2177,MOD-PM-00884,2025-11-29T20:00:00Z,2025-11-29,20,Not Harmattan,-0.8660254037844386,0.5000000000000001,0,18.88696946186663,18.25867886614321,20.26665782345956,24.81881355932203,81.58389830508474,22.77166666666667,train
2178,MOD-PM-00884,2025-11-29T21:00:00Z,2025-11-29,21,Not Harmattan,-0.7071067811865477,0.7071067811865474,0,19.676861593964308,18.98203087384817,21.13597888712411,23.970961538461538,83.7523076923077,22.891666666666666,train
2179,MOD-PM-00884,2025-11-29T22:00:00Z,2025-11-29,22,Not Harmattan,-0.5000000000000004,0.8660254037844384,0,16.068885944752658,15.504130067573549,17.99999215409194,23.473666666666663,85.72566666666667,23.803333333333335,train
2180,MOD-PM-00884,2025-11-29T23:00:00Z,2025-11-29,23,Not Harmattan,-0.25881904510252157,0.9659258262890681,0,17.682002236840773,16.372011813418606,24.147534996531235,23.698166666666665,87.22733333333333,20.743333333333332,train
2181,MOD-PM-00884,2025-11-30T00:00:00Z,2025-11-30,0,Not Harmattan,0,1,0,18.92216759199697,16.426860431467112,53.87153627447581,23.716833333333337,87.01366666666667,21.831666666666667,train
2182,MOD-PM-00884,2025-11-30T01:00:00Z,2025-11-30,1,Not Harmattan,0.25881904510252074,0.9659258262890683,0,17.83479982277924,17.32150243619252,19.15966919572996,23.67457627118644,86.24949152542374,21.04,train
2183,MOD-PM-00884,2025-11-30T02:00:00Z,2025-11-30,2,Not Harmattan,0.49999999999999994,0.8660254037844387,0,392.52540670394785,21.449308562724735,NA,23.7005,86.34816666666667,21.213333333333335,train
2184,MOD-PM-00884,2025-11-30T03:00:00Z,2025-11-30,3,Not Harmattan,0.7071067811865475,0.7071067811865476,0,401.1737533169741,19.165943855975797,NA,23.4075,87.25233333333334,18.966666666666665,train
2185,MOD-PM-00884,2025-11-30T04:00:00Z,2025-11-30,4,Not Harmattan,0.8660254037844386,0.5000000000000001,0,29.75494888975411,15.520788366043949,203.8408648379883,23.225925925925925,87.05444444444444,13.441666666666666,train
2186,MOD-PM-00884,2025-11-30T05:00:00Z,2025-11-30,5,Not Harmattan,0.9659258262890683,0.25881904510252074,0,15.22595850590866,14.80460929438382,17.127892263356674,22.998076923076923,87.1575,20.033333333333335,train
2187,MOD-PM-00884,2025-11-30T06:00:00Z,2025-11-30,6,Not Harmattan,1,6.123233995736766e-17,0,18.16168652793815,17.701309378075482,19.182619476543618,23.49188679245283,84.51698113207547,18.976666666666667,train
2188,MOD-PM-00884,2025-11-30T07:00:00Z,2025-11-30,7,Not Harmattan,0.9659258262890683,-0.25881904510252063,0,18.28612017361157,17.863189244633713,18.97608056596302,25.376851851851853,77.41685185185185,19.606666666666666,train
2189,MOD-PM-00884,2025-11-30T10:00:00Z,2025-11-30,10,Not Harmattan,0.49999999999999994,-0.8660254037844387,0,17.805496734848305,17.390683972544686,19.34483530010901,34.046166666666664,56.25833333333333,15.496666666666666,train
2190,MOD-PM-00884,2025-11-30T13:00:00Z,2025-11-30,13,Not Harmattan,-0.2588190451025208,-0.9659258262890683,0,20.5901779342173,19.939315691641365,21.919872852696912,35.629464285714285,53.40017857142857,12.56,train
2191,MOD-PM-00884,2025-11-30T14:00:00Z,2025-11-30,14,Not Harmattan,-0.4999999999999998,-0.8660254037844388,0,21.882470730314836,21.09992656017663,23.263207240641115,36.16271186440678,51.38440677966101,12.855,train
2192,MOD-PM-00884,2025-11-30T15:00:00Z,2025-11-30,15,Not Harmattan,-0.7071067811865471,-0.7071067811865479,0,21.743032613250644,20.94855493771818,23.10634991008737,34.59814814814815,55.916111111111114,13.751666666666669,train
2193,MOD-PM-00884,2025-11-30T17:00:00Z,2025-11-30,17,Not Harmattan,-0.9659258262890683,-0.25881904510252063,0,23.357980161118927,22.492446070388528,24.570386878280676,31.20677966101695,68.42830508474576,14.49,train
2194,MOD-PM-00884,2025-11-30T18:00:00Z,2025-11-30,18,Not Harmattan,-1,-1.8369701987210297e-16,0,24.05073748299725,23.131563710091605,24.81689610927704,28.526666666666667,75.91244444444445,16.56833333333333,train
2195,MOD-PM-00884,2025-11-30T19:00:00Z,2025-11-30,19,Not Harmattan,-0.9659258262890684,0.2588190451025203,0,21.65825589709312,20.89391580423917,22.833775802339215,27.4885,78.31700000000001,18.426666666666662,train
2196,MOD-PM-00884,2025-11-30T20:00:00Z,2025-11-30,20,Not Harmattan,-0.8660254037844386,0.5000000000000001,0,20.333871209577097,19.660658767626927,21.66290480967344,26.890333333333334,79.39933333333333,16.921666666666667,train
2197,MOD-PM-00884,2025-11-30T21:00:00Z,2025-11-30,21,Not Harmattan,-0.7071067811865477,0.7071067811865474,0,19.59898106439953,18.93683400247188,21.22548549776829,26.5905,80.6075,17.301666666666666,train
2198,MOD-PM-00884,2025-12-01T06:00:00Z,2025-12-01,6,Harmattan,1,6.123233995736766e-17,1,27.359454218043343,26.229905786861423,27.703423007149812,24.64309090909091,81.99818181818182,21.371666666666663,train
2199,MOD-PM-00884,2025-12-01T09:00:00Z,2025-12-01,9,Harmattan,0.7071067811865476,-0.7071067811865475,1,18.813151478002872,18.193539997939393,22.738358974113662,32.8695,59.721833333333336,15.228333333333332,train
2200,MOD-PM-00884,2025-12-01T10:00:00Z,2025-12-01,10,Harmattan,0.49999999999999994,-0.8660254037844387,1,19.95549597666268,19.27060063681897,23.073234430709835,34.64116666666666,55.2575,13.616666666666667,train
2201,MOD-PM-00884,2025-12-01T11:00:00Z,2025-12-01,11,Harmattan,0.258819045102521,-0.9659258262890682,1,19.128759857405537,18.47896058628301,21.27283044930253,33.739333333333335,57.2595,13.765,train
2202,MOD-PM-00884,2025-12-01T12:00:00Z,2025-12-01,12,Harmattan,1.2246467991473532e-16,-1,1,21.949047102771353,21.07391007658636,23.76572545914177,35.2465,53.63633333333333,13.965,train
2203,MOD-PM-00884,2025-12-01T13:00:00Z,2025-12-01,13,Harmattan,-0.2588190451025208,-0.9659258262890683,1,28.37592019797331,27.082055785652933,28.891258938906127,38.00333333333333,46.582166666666666,13.831666666666669,train
2204,MOD-PM-00884,2025-12-01T14:00:00Z,2025-12-01,14,Harmattan,-0.4999999999999998,-0.8660254037844388,1,30.034807073058968,28.611513990578192,30.307395643977586,36.72982456140351,49.420701754385966,14.66,train
2205,MOD-PM-00884,2025-12-01T15:00:00Z,2025-12-01,15,Harmattan,-0.7071067811865471,-0.7071067811865479,1,27.01088658379699,25.752431353754023,29.57846315096724,34.55428571428571,50.97387755102041,15.248333333333331,train
2206,MOD-PM-00884,2025-12-01T16:00:00Z,2025-12-01,16,Harmattan,-0.8660254037844384,-0.5000000000000004,1,22.670472028836056,21.397587700055727,32.849088623943054,32.44157894736842,51.86964912280702,15.826666666666666,train
2207,MOD-PM-00884,2025-12-01T17:00:00Z,2025-12-01,17,Harmattan,-0.9659258262890683,-0.25881904510252063,1,27.618923953794656,26.35732276650779,30.506360216144365,28.404561403508772,66.50684210526316,15.298333333333332,train
2208,MOD-PM-00884,2025-12-01T18:00:00Z,2025-12-01,18,Harmattan,-1,-1.8369701987210297e-16,1,41.8205924554449,39.626321424761045,42.6573693348921,27.1282,71.3488,17.971666666666668,train
2209,MOD-PM-00884,2025-12-01T19:00:00Z,2025-12-01,19,Harmattan,-0.9659258262890684,0.2588190451025203,1,32.833868299104275,31.366834606820635,34.474955712660794,26.71684210526316,68.00894736842105,26.781666666666663,train
2210,MOD-PM-00884,2025-12-01T20:00:00Z,2025-12-01,20,Harmattan,-0.8660254037844386,0.5000000000000001,1,21.41110376435678,20.69235530922191,23.20080979577524,25.734166666666667,73.55883333333334,21.256666666666668,train
2211,MOD-PM-00884,2025-12-01T21:00:00Z,2025-12-01,21,Harmattan,-0.7071067811865477,0.7071067811865474,1,21.700100466100956,20.992627926023417,23.00354443195616,24.972333333333335,73.57283333333334,16.076666666666668,train
2212,MOD-PM-00884,2025-12-01T22:00:00Z,2025-12-01,22,Harmattan,-0.5000000000000004,0.8660254037844384,1,13.866825696760404,13.69083590919263,15.883517953847388,24.332166666666662,78.28116666666666,16.9,train
2213,MOD-PM-00884,2025-12-01T23:00:00Z,2025-12-01,23,Harmattan,-0.25881904510252157,0.9659258262890681,1,11.84772328168155,11.764516275176852,14.340666716133368,23.841666666666665,79.98733333333334,13.573333333333332,train
2214,MOD-PM-00884,2025-12-02T00:00:00Z,2025-12-02,0,Harmattan,0,1,1,12.001741031005489,11.924716004649994,14.347991995532356,23.931454545454542,80.14090909090909,12.058333333333334,train
2215,MOD-PM-00884,2025-12-02T01:00:00Z,2025-12-02,1,Harmattan,0.25881904510252074,0.9659258262890683,1,12.38744073194002,12.308654582046014,14.679160995794076,23.3045,83.0015,10.998333333333331,train
2216,MOD-PM-00884,2025-12-02T02:00:00Z,2025-12-02,2,Harmattan,0.49999999999999994,0.8660254037844387,1,14.925970467568376,14.660411725540811,17.013475702346888,23.336833333333335,82.79483333333333,13.493333333333334,train
2217,MOD-PM-00884,2025-12-02T03:00:00Z,2025-12-02,3,Harmattan,0.7071067811865475,0.7071067811865476,1,14.852864824345623,14.576051434364835,17.360108383222595,23.602666666666668,81.54816666666666,14.696666666666667,train
2218,MOD-PM-00884,2025-12-02T04:00:00Z,2025-12-02,4,Harmattan,0.8660254037844386,0.5000000000000001,1,14.625329882342978,14.334590541651115,17.390038736428824,23.667166666666667,82.4525,14.15,train
2219,MOD-PM-00884,2025-12-02T05:00:00Z,2025-12-02,5,Harmattan,0.9659258262890683,0.25881904510252074,1,15.034170897956082,14.718742490157814,16.91489832996017,23.939666666666668,84.39116666666666,14.143333333333333,train
2220,MOD-PM-00884,2025-12-02T06:00:00Z,2025-12-02,6,Harmattan,1,6.123233995736766e-17,1,14.399222386651518,14.0787008648138,16.933592948673457,23.8645,85.16583333333334,15.14,train
2221,MOD-PM-00884,2025-12-02T07:00:00Z,2025-12-02,7,Harmattan,0.9659258262890683,-0.25881904510252063,1,14.066178770162256,13.765711679604692,18.97288666050238,24.963333333333335,84.025,15.046666666666669,train
2222,MOD-PM-00884,2025-12-02T08:00:00Z,2025-12-02,8,Harmattan,0.8660254037844387,-0.49999999999999983,1,14.591397444317131,14.362524667714403,17.741190995454996,28.7055,73.21816666666666,13.171666666666669,train
2223,MOD-PM-00884,2025-12-02T09:00:00Z,2025-12-02,9,Harmattan,0.7071067811865476,-0.7071067811865475,1,17.07904891499688,16.63194154981053,19.548279527763167,32.325,62.211666666666666,11.873333333333331,train
2224,MOD-PM-00884,2025-12-02T10:00:00Z,2025-12-02,10,Harmattan,0.49999999999999994,-0.8660254037844387,1,19.32648156359461,18.723018660138976,21.62124883762929,35.458333333333336,54.26433333333333,11.84,train
2225,MOD-PM-00884,2025-12-02T11:00:00Z,2025-12-02,11,Harmattan,0.258819045102521,-0.9659258262890682,1,28.095814447538796,26.910353254582105,28.103935782918455,37.220166666666664,48.52016666666667,12.086666666666666,train
2226,MOD-PM-00884,2025-12-02T12:00:00Z,2025-12-02,12,Harmattan,1.2246467991473532e-16,-1,1,22.213165454520613,21.33674480818183,23.84094641017748,37.895,45.548,13.37,train
2227,MOD-PM-00884,2025-12-02T13:00:00Z,2025-12-02,13,Harmattan,-0.2588190451025208,-0.9659258262890683,1,23.476761321270377,22.43002340041634,26.30508046815012,39.55916666666667,42.303,13.575,train
2228,MOD-PM-00884,2025-12-02T14:00:00Z,2025-12-02,14,Harmattan,-0.4999999999999998,-0.8660254037844388,1,24.273867733525385,23.186418740933053,25.6099029771812,39.10933333333333,42.645833333333336,13.783333333333331,train
2229,MOD-PM-00884,2025-12-02T15:00:00Z,2025-12-02,15,Harmattan,-0.7071067811865471,-0.7071067811865479,1,30.2141243812449,28.735921498657497,32.16201127497035,37.7955,45.152166666666666,14.03,train
2230,MOD-PM-00884,2025-12-02T16:00:00Z,2025-12-02,16,Harmattan,-0.8660254037844384,-0.5000000000000004,1,37.50176799418065,35.33853311361635,42.37714284738662,32.81966666666666,55.847166666666666,15.446666666666667,train
2231,MOD-PM-00884,2025-12-02T17:00:00Z,2025-12-02,17,Harmattan,-0.9659258262890683,-0.25881904510252063,1,38.441659821734326,36.39810606613812,41.32935924707739,30.4425,63.31616666666667,21.87,train
2232,MOD-PM-00884,2025-12-02T18:00:00Z,2025-12-02,18,Harmattan,-1,-1.8369701987210297e-16,1,69.60609592138512,65.22856743756235,72.1358943083832,28.698,67.848,22.725,train
2233,MOD-PM-00884,2025-12-02T19:00:00Z,2025-12-02,19,Harmattan,-0.9659258262890684,0.2588190451025203,1,34.241215522265534,32.57199652251516,35.13170597696284,28.6185,65.86083333333333,39.90833333333333,train
2234,MOD-PM-00884,2025-12-02T20:00:00Z,2025-12-02,20,Harmattan,-0.8660254037844386,0.5000000000000001,1,28.1800949561691,26.97183911332747,29.099475588243635,28.5095,65.78883333333333,21.601666666666667,train
2235,MOD-PM-00884,2025-12-02T21:00:00Z,2025-12-02,21,Harmattan,-0.7071067811865477,0.7071067811865474,1,26.73360243277641,25.5356364184221,29.486389404453384,28.441166666666668,68.8425,18.218333333333337,train
2236,MOD-PM-00884,2025-12-02T22:00:00Z,2025-12-02,22,Harmattan,-0.5000000000000004,0.8660254037844384,1,21.113848266097904,20.26809134085161,23.617037659079784,28.3,70.33583333333333,18.645,train
2237,MOD-PM-00884,2025-12-02T23:00:00Z,2025-12-02,23,Harmattan,-0.25881904510252157,0.9659258262890681,1,21.051146881928243,20.234415064980254,23.35070525639564,27.501578947368422,74.68631578947368,16.163333333333334,train
2238,MOD-PM-00884,2025-12-03T00:00:00Z,2025-12-03,0,Harmattan,0,1,1,20.835221293787733,20.01954541758892,22.83729435986484,27.436206896551724,75.18275862068965,16.84166666666667,test
2239,MOD-PM-00884,2025-12-03T01:00:00Z,2025-12-03,1,Harmattan,0.25881904510252074,0.9659258262890683,1,21.864093655165775,20.972793157448177,23.518760538388378,26.835166666666662,77.53583333333333,16.736666666666668,test
2240,MOD-PM-00884,2025-12-03T06:00:00Z,2025-12-03,6,Harmattan,1,6.123233995736766e-17,1,17.714772325727516,17.206226396308598,19.093303393042746,25.046,86.38366666666667,17.476666666666667,test
2241,MOD-PM-00884,2025-12-03T07:00:00Z,2025-12-03,7,Harmattan,0.9659258262890683,-0.25881904510252063,1,20.53930112584656,19.81527761829541,21.47518428922108,26.554166666666667,82.59733333333334,18.868333333333332,test
2242,MOD-PM-00884,2025-12-03T08:00:00Z,2025-12-03,8,Harmattan,0.8660254037844387,-0.49999999999999983,1,20.60231268444023,19.906313626925904,22.15866776679369,27.691666666666663,78.63,20.041666666666668,test
2243,MOD-PM-00884,2025-12-03T09:00:00Z,2025-12-03,9,Harmattan,0.7071067811865476,-0.7071067811865475,1,21.475824802237405,20.706759311704975,22.854179257641334,29.449322033898305,72.64389830508475,18.475,test
2244,MOD-PM-00884,2025-12-03T10:00:00Z,2025-12-03,10,Harmattan,0.49999999999999994,-0.8660254037844387,1,21.64451162832544,20.85715126229224,23.93863883019907,32.014,65.36066666666666,17.48,test
2245,MOD-PM-00884,2025-12-03T11:00:00Z,2025-12-03,11,Harmattan,0.258819045102521,-0.9659258262890682,1,22.39404329423772,21.56254566052674,23.660131678717264,33.8315,60.089,15.806666666666668,test
2246,MOD-PM-00884,2025-12-03T12:00:00Z,2025-12-03,12,Harmattan,1.2246467991473532e-16,-1,1,25.78875532731392,24.71915962081472,26.27126264562566,35.4285,53.8905,15.128333333333334,test
2247,MOD-PM-00884,2025-12-03T13:00:00Z,2025-12-03,13,Harmattan,-0.2588190451025208,-0.9659258262890683,1,32.11107817626677,30.59336773645663,31.452200464535235,38.55983333333333,45.44233333333333,15.363333333333332,test
2248,MOD-PM-00884,2025-12-03T14:00:00Z,2025-12-03,14,Harmattan,-0.4999999999999998,-0.8660254037844388,1,29.13073341523697,27.77032802672743,28.90818365288916,39.1125,43.79866666666667,16.575,test
2249,MOD-PM-00884,2025-12-03T15:00:00Z,2025-12-03,15,Harmattan,-0.7071067811865471,-0.7071067811865479,1,31.581495594817703,30.051230220985943,31.494646572619672,39.162166666666664,43.5175,15.843333333333334,test
2250,MOD-PM-00884,2025-12-03T16:00:00Z,2025-12-03,16,Harmattan,-0.8660254037844384,-0.5000000000000004,1,41.60356351829257,39.48071767841298,38.73267512752968,37.0786,48.801,15.803333333333333,test
2251,MOD-PM-00884,2025-12-03T17:00:00Z,2025-12-03,17,Harmattan,-0.9659258262890683,-0.25881904510252063,1,27.442309134188843,25.877752509182045,33.80220727284823,32.48316666666667,53.12,17.16,test
2252,MOD-PM-00884,2025-12-03T18:00:00Z,2025-12-03,18,Harmattan,-1,-1.8369701987210297e-16,1,44.79840451887686,42.2791438062652,47.4134383627605,28.182166666666667,56.66466666666667,16.616666666666667,test
2253,MOD-PM-00884,2025-12-03T19:00:00Z,2025-12-03,19,Harmattan,-0.9659258262890684,0.2588190451025203,1,30.498716391514563,28.98503926614614,32.952605594164815,27.955166666666667,60.67516666666667,26.206666666666667,test
2254,MOD-PM-00884,2025-12-03T20:00:00Z,2025-12-03,20,Harmattan,-0.8660254037844386,0.5000000000000001,1,24.540025294290626,23.59367598241634,25.991491276479387,28.030833333333337,69.678,18.918333333333333,test
2255,MOD-PM-00884,2025-12-03T21:00:00Z,2025-12-03,21,Harmattan,-0.7071067811865477,0.7071067811865474,1,22.912410226098913,21.971822931787333,24.834131610102588,28.294166666666666,72.42183333333334,16.733333333333334,test
2256,MOD-PM-00884,2025-12-03T22:00:00Z,2025-12-03,22,Harmattan,-0.5000000000000004,0.8660254037844384,1,21.490327034627462,20.64379764105129,23.75409465662868,28.118333333333332,73.40883333333333,16.97833333333333,test
2257,MOD-PM-00884,2025-12-03T23:00:00Z,2025-12-03,23,Harmattan,-0.25881904510252157,0.9659258262890681,1,22.468596775861812,21.544326915773343,24.243678749913855,27.7935,75.83616666666667,17.203333333333333,test
2258,MOD-PM-00884,2025-12-04T00:00:00Z,2025-12-04,0,Harmattan,0,1,1,21.72559057880066,20.86330754351831,23.194188455757597,26.937,79.19216666666667,18.126666666666665,train
2259,MOD-PM-00884,2025-12-04T01:00:00Z,2025-12-04,1,Harmattan,0.25881904510252074,0.9659258262890683,1,20.613997352101773,19.810044779253253,21.982024953626212,26.352666666666668,82.613,19.058333333333337,train
2260,MOD-PM-00884,2025-12-04T02:00:00Z,2025-12-04,2,Harmattan,0.49999999999999994,0.8660254037844387,1,18.49309762294538,17.81221609112092,20.559163774990797,26.049166666666668,84.75483333333334,18.96,train
2261,MOD-PM-00884,2025-12-04T03:00:00Z,2025-12-04,3,Harmattan,0.7071067811865475,0.7071067811865476,1,17.997957281776156,17.3366433664071,20.710996316493137,25.563833333333335,86.35716666666667,18.318333333333335,train
2262,MOD-PM-00884,2025-12-04T04:00:00Z,2025-12-04,4,Harmattan,0.8660254037844386,0.5000000000000001,1,16.700061919377667,16.174145087136985,19.20818917330107,25.195,85.88233333333334,18.731666666666666,train
2263,MOD-PM-00884,2025-12-04T05:00:00Z,2025-12-04,5,Harmattan,0.9659258262890683,0.25881904510252074,1,16.149414308793567,15.687433341079748,18.319633787831307,24.884,86.46416666666667,17.516666666666666,train
2264,MOD-PM-00884,2025-12-04T06:00:00Z,2025-12-04,6,Harmattan,1,6.123233995736766e-17,1,16.034586449103934,15.592588133440625,18.76760931723475,25.045833333333334,85.50016666666667,17.166666666666668,train
2265,MOD-PM-00884,2025-12-04T07:00:00Z,2025-12-04,7,Harmattan,0.9659258262890683,-0.25881904510252063,1,14.85574010905815,14.56218056322735,17.36288966208442,26.188166666666667,80.74133333333333,16.691666666666666,train
2266,MOD-PM-00884,2025-12-04T13:00:00Z,2025-12-04,13,Harmattan,-0.2588190451025208,-0.9659258262890683,1,38.19354926076048,36.06308893716699,39.83626550960731,37.01311111111111,40.87222222222222,17.96,train
2267,MOD-PM-00884,2025-12-04T22:00:00Z,2025-12-04,22,Harmattan,-0.5000000000000004,0.8660254037844384,1,54.88221602769183,51.36339640347177,55.753869060136815,25.96677966101695,71.60525423728814,31.673333333333332,train
2268,MOD-PM-00884,2025-12-04T23:00:00Z,2025-12-04,23,Harmattan,-0.25881904510252157,0.9659258262890681,1,36.16716686949459,34.06466385929088,41.26243472446474,26.3045,68.27766666666666,38.82666666666667,train
2269,MOD-PM-00884,2025-12-05T06:00:00Z,2025-12-05,6,Harmattan,1,6.123233995736766e-17,1,16.769456202191343,15.956520545795453,22.035469755391503,23.981,90.11233333333334,20.16,train
2270,MOD-PM-00884,2025-12-05T07:00:00Z,2025-12-05,7,Harmattan,0.9659258262890683,-0.25881904510252063,1,20.474026045245157,19.587129683733068,25.50206521040227,26.5825,79.87283333333333,20.755,train
2271,MOD-PM-00884,2025-12-05T08:00:00Z,2025-12-05,8,Harmattan,0.8660254037844387,-0.49999999999999983,1,21.106425545279752,20.264397572115968,24.500504568450076,30.049166666666668,68.08133333333333,18.303333333333335,train
2272,MOD-PM-00884,2025-12-05T09:00:00Z,2025-12-05,9,Harmattan,0.7071067811865476,-0.7071067811865475,1,24.778669847012303,23.782038949555215,28.04169834729681,31.9522,61.0828,15.646666666666668,train
2273,MOD-PM-00884,2025-12-05T10:00:00Z,2025-12-05,10,Harmattan,0.49999999999999994,-0.8660254037844387,1,24.856551317750476,23.68829032950949,28.550204618474872,33.73433333333333,50.44166666666667,16.948333333333334,train
2274,MOD-PM-00884,2025-12-05T11:00:00Z,2025-12-05,11,Harmattan,0.258819045102521,-0.9659258262890682,1,33.19701158660038,31.40511091464882,36.44192107621075,37.02183333333333,39.23916666666667,16.018333333333334,train
2275,MOD-PM-00884,2025-12-05T12:00:00Z,2025-12-05,12,Harmattan,1.2246467991473532e-16,-1,1,31.11107046692211,29.37288498338848,33.98581908589107,37.78766666666667,37.1055,16.438333333333333,train
2276,MOD-PM-00884,2025-12-05T13:00:00Z,2025-12-05,13,Harmattan,-0.2588190451025208,-0.9659258262890683,1,28.922101940812425,27.195696889410396,35.60574019297509,39.351,34.172666666666665,16.618333333333332,train
2277,MOD-PM-00884,2025-12-05T14:00:00Z,2025-12-05,14,Harmattan,-0.4999999999999998,-0.8660254037844388,1,28.534468698965476,26.63587930379359,33.54079866527832,40.82716666666666,29.512,16.48,train
2278,MOD-PM-00884,2025-12-05T15:00:00Z,2025-12-05,15,Harmattan,-0.7071067811865471,-0.7071067811865479,1,30.90054252811271,28.31773685799794,37.642584483079105,41.14816666666667,27.313166666666667,17.46,train
2279,MOD-PM-00884,2025-12-05T16:00:00Z,2025-12-05,16,Harmattan,-0.8660254037844384,-0.5000000000000004,1,41.95223971109831,38.053318465660894,54.02142508131903,39.66283333333333,30.121833333333335,21.59,train
2280,MOD-PM-00884,2025-12-05T17:00:00Z,2025-12-05,17,Harmattan,-0.9659258262890683,-0.25881904510252063,1,59.10180262413364,53.87183318668954,74.31832692252945,33.91220338983051,44.36610169491526,30.063333333333333,train
2281,MOD-PM-00884,2025-12-05T18:00:00Z,2025-12-05,18,Harmattan,-1,-1.8369701987210297e-16,1,101.17531501070722,92.89122073715896,111.62969068371518,29.586666666666662,56.09433333333333,40.95166666666667,train
2282,MOD-PM-00884,2025-12-05T19:00:00Z,2025-12-05,19,Harmattan,-0.9659258262890684,0.2588190451025203,1,86.08306790719556,79.21471494100687,92.67029738332612,28.552666666666667,59.128166666666665,66.205,train
2283,MOD-PM-00884,2025-12-05T20:00:00Z,2025-12-05,20,Harmattan,-0.8660254037844386,0.5000000000000001,1,65.17387512516046,59.99482419159874,72.50717923371599,27.642833333333332,62.98716666666667,57.958333333333336,train
2284,MOD-PM-00884,2025-12-05T21:00:00Z,2025-12-05,21,Harmattan,-0.7071067811865477,0.7071067811865474,1,45.187485599125154,41.647913358426,50.636561298315975,27.2155,64.32933333333334,48.00833333333333,train
2285,MOD-PM-00884,2025-12-05T22:00:00Z,2025-12-05,22,Harmattan,-0.5000000000000004,0.8660254037844384,1,55.11798488094661,50.85047644218438,59.26549476984786,27.076333333333334,65.20466666666667,37.986666666666665,train
2286,MOD-PM-00884,2025-12-05T23:00:00Z,2025-12-05,23,Harmattan,-0.25881904510252157,0.9659258262890681,1,36.94541059835182,34.22332276951397,41.21136033082032,26.340333333333337,68.04883333333333,44.02,train
2287,MOD-PM-00884,2025-12-06T00:00:00Z,2025-12-06,0,Harmattan,0,1,1,30.044706896197585,27.850571304833473,34.80022810533992,26.214666666666663,68.0985,34.565,train
2288,MOD-PM-00884,2025-12-06T01:00:00Z,2025-12-06,1,Harmattan,0.25881904510252074,0.9659258262890683,1,28.34133521306235,26.59030358434185,33.7516385662696,26.324333333333332,72.49716666666667,29.455,train
2289,MOD-PM-00884,2025-12-06T02:00:00Z,2025-12-06,2,Harmattan,0.49999999999999994,0.8660254037844387,1,25.830681464682392,24.31726988702541,29.29108357801423,25.611,76.852,25.366666666666667,train
2290,MOD-PM-00884,2025-12-06T03:00:00Z,2025-12-06,3,Harmattan,0.7071067811865475,0.7071067811865476,1,25.863833683606476,24.416845226503312,29.28115465982445,25.11130434782609,78.69173913043478,25.115,train
2291,MOD-PM-00884,2025-12-06T06:00:00Z,2025-12-06,6,Harmattan,1,6.123233995736766e-17,1,22.581059153092912,21.481956091601734,24.337404687013183,23.447166666666668,86.0025,25.526666666666667,train
2292,MOD-PM-00884,2025-12-06T07:00:00Z,2025-12-06,7,Harmattan,0.9659258262890683,-0.25881904510252063,1,23.777340730225298,22.671715153676036,25.296772064413837,25.318,82.42633333333333,26.938333333333333,train
2293,MOD-PM-00884,2025-12-06T08:00:00Z,2025-12-06,8,Harmattan,0.8660254037844387,-0.49999999999999983,1,24.758343011541054,23.622225736602235,26.04382988778827,26.928333333333335,78.65316666666666,24.298333333333332,train
2294,MOD-PM-00884,2025-12-06T09:00:00Z,2025-12-06,9,Harmattan,0.7071067811865476,-0.7071067811865475,1,21.35406708817992,20.533542491968163,24.627700668216136,28.755666666666663,72.582,21.888333333333332,train
2295,MOD-PM-00884,2025-12-06T10:00:00Z,2025-12-06,10,Harmattan,0.49999999999999994,-0.8660254037844387,1,21.073084477868537,20.202930951749437,24.055610569603765,32.625,60.110166666666665,16.666666666666668,train
2296,MOD-PM-00884,2025-12-06T11:00:00Z,2025-12-06,11,Harmattan,0.258819045102521,-0.9659258262890682,1,25.176809093709565,23.89065883643767,28.75701482566067,35.46366666666667,49.3255,14.37,train
2297,MOD-PM-00884,2025-12-06T12:00:00Z,2025-12-06,12,Harmattan,1.2246467991473532e-16,-1,1,30.045706108615413,28.368045218642223,33.7041355875273,36.419333333333334,42.73916666666667,16.025,train
2298,MOD-PM-00884,2025-12-06T13:00:00Z,2025-12-06,13,Harmattan,-0.2588190451025208,-0.9659258262890683,1,27.27362576438728,25.629577422256144,32.35330321032482,39.46033333333333,34.421166666666664,16.751666666666665,train
2299,MOD-PM-00884,2025-12-06T14:00:00Z,2025-12-06,14,Harmattan,-0.4999999999999998,-0.8660254037844388,1,28.460282274964253,26.67275927601351,33.829972653304054,41.052,31.009666666666668,16.741666666666667,train
2300,MOD-PM-00884,2025-12-06T15:00:00Z,2025-12-06,15,Harmattan,-0.7071067811865471,-0.7071067811865479,1,33.492968558033326,31.360671237770788,38.679732852286016,40.08866666666667,31.913166666666665,16.518333333333334,train
2301,MOD-PM-00884,2025-12-06T16:00:00Z,2025-12-06,16,Harmattan,-0.8660254037844384,-0.5000000000000004,1,36.565709879577014,34.19511930614705,41.31442567591589,38.56133333333334,35.48416666666667,16.965,train
2302,MOD-PM-00884,2025-12-06T17:00:00Z,2025-12-06,17,Harmattan,-0.9659258262890683,-0.25881904510252063,1,48.87599772594143,45.40863297918556,57.03968426895486,34.37083333333333,45.5435,18.905,train
2303,MOD-PM-00884,2025-12-06T18:00:00Z,2025-12-06,18,Harmattan,-1,-1.8369701987210297e-16,1,76.5377956005822,70.6808009519149,87.48118955775995,29.735166666666668,57.8625,25.225,train
2304,MOD-PM-00884,2025-12-06T19:00:00Z,2025-12-06,19,Harmattan,-0.9659258262890684,0.2588190451025203,1,105.49955968953594,97.52341835382032,114.25924762308316,28.163833333333333,62.967666666666666,44.77,train
2305,MOD-PM-00884,2025-12-06T20:00:00Z,2025-12-06,20,Harmattan,-0.8660254037844386,0.5000000000000001,1,64.6389702081797,59.69135800391121,73.37681876238118,27.714666666666663,64.78883333333333,62.998333333333335,train
2306,MOD-PM-00884,2025-12-06T21:00:00Z,2025-12-06,21,Harmattan,-0.7071067811865477,0.7071067811865474,1,42.50180654090394,39.57159208466129,47.31340714005965,27.5925,64.798,43.72,train
2307,MOD-PM-00884,2025-12-06T22:00:00Z,2025-12-06,22,Harmattan,-0.5000000000000004,0.8660254037844384,1,36.22147100559004,33.796615527032074,40.03323588930468,27.14,66.44416666666666,30.618333333333332,train
2308,MOD-PM-00884,2025-12-06T23:00:00Z,2025-12-06,23,Harmattan,-0.25881904510252157,0.9659258262890681,1,34.28326401217497,32.234074398340475,35.35912293207943,25.8065,72.07083333333333,29.178333333333335,train
2309,MOD-PM-00884,2025-12-07T00:00:00Z,2025-12-07,0,Harmattan,0,1,1,30.52959001601645,28.72176205183754,32.94772255343582,25.692,72.667,30.016666666666666,train
2310,MOD-PM-00884,2025-12-07T01:00:00Z,2025-12-07,1,Harmattan,0.25881904510252074,0.9659258262890683,1,28.013756676735905,26.46292627809872,30.87489546805694,25.602333333333338,75.80733333333333,26.57,train
2311,MOD-PM-00884,2025-12-07T06:00:00Z,2025-12-07,6,Harmattan,1,6.123233995736766e-17,1,16.548222416048066,15.86550377554379,19.708250470480504,23.624833333333335,89.19233333333334,22.633333333333333,train
2312,MOD-PM-00884,2025-12-07T07:00:00Z,2025-12-07,7,Harmattan,0.9659258262890683,-0.25881904510252063,1,20.164270195718345,19.278796186201173,22.936920161038817,25.693166666666663,81.84616666666666,22.125,train
2313,MOD-PM-00884,2025-12-07T08:00:00Z,2025-12-07,8,Harmattan,0.8660254037844387,-0.49999999999999983,1,24.38212934018357,23.26329530274359,26.488818702959417,28.690166666666663,71.58966666666667,21.77,train
2314,MOD-PM-00884,2025-12-07T09:00:00Z,2025-12-07,9,Harmattan,0.7071067811865476,-0.7071067811865475,1,23.916333216754246,22.713577866013303,27.23887904328695,31.608,62.777,20.541666666666668,train
2315,MOD-PM-00884,2025-12-07T10:00:00Z,2025-12-07,10,Harmattan,0.49999999999999994,-0.8660254037844387,1,27.000942734770916,25.589426925634875,29.8325005955425,33.857,56.312,19.645,train
2316,MOD-PM-00884,2025-12-07T11:00:00Z,2025-12-07,11,Harmattan,0.258819045102521,-0.9659258262890682,1,38.87319231146659,36.66751634293972,39.740707365096846,35.730333333333334,47.17366666666667,19.276666666666667,train
2317,MOD-PM-00884,2025-12-07T12:00:00Z,2025-12-07,12,Harmattan,1.2246467991473532e-16,-1,1,49.676752915984,46.813717928027224,48.92293278146047,36.62566666666667,42.7135,18.923333333333332,train
2318,MOD-PM-00884,2025-12-07T13:00:00Z,2025-12-07,13,Harmattan,-0.2588190451025208,-0.9659258262890683,1,40.88114517545671,38.44783990035775,41.88047913518044,38.9405,36.20883333333333,19.62,train
2319,MOD-PM-00884,2025-12-07T14:00:00Z,2025-12-07,14,Harmattan,-0.4999999999999998,-0.8660254037844388,1,45.49936449181637,42.80754298165258,46.510179423509854,40.57888888888889,32.49314814814815,21.245,train
2320,MOD-PM-00884,2025-12-07T15:00:00Z,2025-12-07,15,Harmattan,-0.7071067811865471,-0.7071067811865479,1,52.28372905382136,49.13127719466816,53.438083445492914,40.546,32.54266666666667,21.855,train
2321,MOD-PM-00884,2025-12-07T16:00:00Z,2025-12-07,16,Harmattan,-0.8660254037844384,-0.5000000000000004,1,52.43079680805358,49.17631423951262,60.07476790503482,38.52166666666667,36.2805,23.248333333333335,train
2322,MOD-PM-00884,2025-12-07T17:00:00Z,2025-12-07,17,Harmattan,-0.9659258262890683,-0.25881904510252063,1,65.88302201445013,61.46824784240401,70.9474081863116,34.031333333333336,45.391,23.885,train
2323,MOD-PM-00884,2025-12-07T18:00:00Z,2025-12-07,18,Harmattan,-1,-1.8369701987210297e-16,1,60.840148124407456,56.88853783033388,64.58217796047944,29.742166666666662,52.20033333333333,30.43,train
2324,MOD-PM-00884,2025-12-07T19:00:00Z,2025-12-07,19,Harmattan,-0.9659258262890684,0.2588190451025203,1,68.25240780030953,63.69492235387561,72.30981905357208,28.752,54.779666666666664,32.43666666666667,train
2325,MOD-PM-00884,2025-12-07T20:00:00Z,2025-12-07,20,Harmattan,-0.8660254037844386,0.5000000000000001,1,46.44068149989344,43.59402928425936,49.195716623403534,28.071833333333338,61.5355,38.26833333333333,train
2326,MOD-PM-00884,2025-12-07T21:00:00Z,2025-12-07,21,Harmattan,-0.7071067811865477,0.7071067811865474,1,38.90776182651605,36.63937457506353,41.57125149445211,27.372666666666667,66.134,28.39,train
2327,MOD-PM-00884,2025-12-07T22:00:00Z,2025-12-07,22,Harmattan,-0.5000000000000004,0.8660254037844384,1,30.760183771543055,29.00670168071037,35.52092699041024,27.1775,67.501,26.368333333333332,train
2328,MOD-PM-00884,2025-12-07T23:00:00Z,2025-12-07,23,Harmattan,-0.25881904510252157,0.9659258262890681,1,29.826382147191925,28.158235439460505,34.80275490590463,27.450689655172415,66.57413793103449,22.616666666666667,train
2329,MOD-PM-00884,2025-12-08T00:00:00Z,2025-12-08,0,Harmattan,0,1,1,28.99431033206815,27.40043171693485,32.84911357560749,26.7665,68.95816666666667,21.756666666666668,train
2330,MOD-PM-00884,2025-12-08T01:00:00Z,2025-12-08,1,Harmattan,0.25881904510252074,0.9659258262890683,1,26.49458712877024,25.134975399960044,29.832335412385397,25.608679245283017,73.14528301886793,22.066666666666663,train
2331,MOD-PM-00884,2025-12-08T02:00:00Z,2025-12-08,2,Harmattan,0.49999999999999994,0.8660254037844387,1,24.287885496208148,23.06114520799861,28.86047895706363,25.278823529411763,75.15509803921569,23.185,train
2332,MOD-PM-00884,2025-12-08T03:00:00Z,2025-12-08,3,Harmattan,0.7071067811865475,0.7071067811865476,1,25.278749152418225,23.998732875080055,28.461664920069833,25.16254237288136,76.61406779661017,22.348333333333333,train
2333,MOD-PM-00884,2025-12-08T04:00:00Z,2025-12-08,4,Harmattan,0.8660254037844386,0.5000000000000001,1,34.96244296703606,33.11561539315587,36.733896431302725,25.281833333333335,75.30533333333334,22.323333333333338,train
2334,MOD-PM-00884,2025-12-08T10:00:00Z,2025-12-08,10,Harmattan,0.49999999999999994,-0.8660254037844387,1,30.704184013913,29.184051583438933,32.89350729449011,33.67933333333333,54.9185,19.538333333333338,train
2335,MOD-PM-00884,2025-12-08T11:00:00Z,2025-12-08,11,Harmattan,0.258819045102521,-0.9659258262890682,1,37.34801163437603,35.22048642110648,38.898932392583575,35.811,46.596666666666664,18.5,train
2336,MOD-PM-00884,2025-12-08T12:00:00Z,2025-12-08,12,Harmattan,1.2246467991473532e-16,-1,1,51.94254899335835,48.6543962601938,54.99518873737379,37.41433333333333,39.57633333333333,19.023333333333333,train
2337,MOD-PM-00884,2025-12-08T13:00:00Z,2025-12-08,13,Harmattan,-0.2588190451025208,-0.9659258262890683,1,38.91956884671855,36.32373049357568,44.14402925796478,38.7805,36.63216666666667,20.873333333333335,train
2338,MOD-PM-00884,2025-12-08T14:00:00Z,2025-12-08,14,Harmattan,-0.4999999999999998,-0.8660254037844388,1,40.001634326866096,37.55098515599251,41.986262548254615,38.67816666666667,40.44716666666667,21.421666666666667,train
2339,MOD-PM-00884,2025-12-08T16:00:00Z,2025-12-08,16,Harmattan,-0.8660254037844384,-0.5000000000000004,1,44.68130962130188,42.05301523808779,45.515054242828654,36.63516666666666,47.85216666666667,21.55,train
2340,MOD-PM-00884,2025-12-09T06:00:00Z,2025-12-09,6,Harmattan,1,6.123233995736766e-17,1,44.228731088173696,42.01755956929377,41.402889306986886,23.257833333333338,85.9885,24.441666666666663,train
2341,MOD-PM-00884,2025-12-09T07:00:00Z,2025-12-09,7,Harmattan,0.9659258262890683,-0.25881904510252063,1,46.13043624020279,43.95203627593409,42.20451392530382,27.207666666666665,71.84,31.878333333333337,train
2342,MOD-PM-00884,2025-12-09T08:00:00Z,2025-12-09,8,Harmattan,0.8660254037844387,-0.49999999999999983,1,45.49746576164373,43.28017437200283,44.20937350849685,30.548666666666666,60.009166666666665,24.68,train
2343,MOD-PM-00884,2025-12-09T09:00:00Z,2025-12-09,9,Harmattan,0.7071067811865476,-0.7071067811865475,1,59.1615732229065,56.188780277097,53.69944464490041,32.9225,55.35016666666667,19.918333333333333,train
2344,MOD-PM-00884,2025-12-09T10:00:00Z,2025-12-09,10,Harmattan,0.49999999999999994,-0.8660254037844387,1,58.943884895421846,55.9855180007387,53.6361705507939,34.83083333333333,51.2195,16.638333333333332,train
2345,MOD-PM-00884,2025-12-09T11:00:00Z,2025-12-09,11,Harmattan,0.258819045102521,-0.9659258262890682,1,52.42693197033435,49.728753400574426,49.00913389884919,37.7465,42.64833333333333,15.813333333333333,train
2346,MOD-PM-00884,2025-12-09T12:00:00Z,2025-12-09,12,Harmattan,1.2246467991473532e-16,-1,1,42.84378189288318,40.6535007950064,40.81379548078745,36.99616666666667,44.7245,14.181666666666668,train
2347,MOD-PM-00884,2025-12-09T13:00:00Z,2025-12-09,13,Harmattan,-0.2588190451025208,-0.9659258262890683,1,63.19224224883698,59.78135164219775,58.725841910605915,37.610166666666665,44.3735,15.368333333333334,train
2348,MOD-PM-00884,2025-12-09T14:00:00Z,2025-12-09,14,Harmattan,-0.4999999999999998,-0.8660254037844388,1,56.19813350461914,53.048307316648625,52.53574808748048,38.765166666666666,40.43216666666667,15.818333333333332,train
2349,MOD-PM-00884,2025-12-09T15:00:00Z,2025-12-09,15,Harmattan,-0.7071067811865471,-0.7071067811865479,1,59.158126959669495,55.8304269946033,55.5239635782574,38.038,42.414833333333334,17.196666666666665,train
2350,MOD-PM-00884,2025-12-09T16:00:00Z,2025-12-09,16,Harmattan,-0.8660254037844384,-0.5000000000000004,1,54.81884748408156,51.68185748670648,53.13443980903791,35.4685,49.61266666666667,17.813333333333333,train
2351,MOD-PM-00884,2025-12-09T17:00:00Z,2025-12-09,17,Harmattan,-0.9659258262890683,-0.25881904510252063,1,40.01152449059358,37.50221586565474,45.6032682998952,32.3035,57.891666666666666,18.218333333333337,train
2352,MOD-PM-00884,2025-12-09T18:00:00Z,2025-12-09,18,Harmattan,-1,-1.8369701987210297e-16,1,92.17106524812256,86.82462883320241,84.27725112526275,29.597,65.8015,22.545,train
2353,MOD-PM-00884,2025-12-09T19:00:00Z,2025-12-09,19,Harmattan,-0.9659258262890684,0.2588190451025203,1,41.69026252881582,39.39296373721114,41.89863646138633,28.6065,69.2735,47.151666666666664,train
2354,MOD-PM-00884,2025-12-09T20:00:00Z,2025-12-09,20,Harmattan,-0.8660254037844386,0.5000000000000001,1,53.47022242767705,50.417612918476415,53.300441747274206,27.765,71.9025,28.5,train
2355,MOD-PM-00884,2025-12-09T21:00:00Z,2025-12-09,21,Harmattan,-0.7071067811865477,0.7071067811865474,1,70.93343746197431,66.7567103449033,68.71231385940588,27.134833333333333,74.40116666666667,28.986666666666668,train
2356,MOD-PM-00884,2025-12-09T22:00:00Z,2025-12-09,22,Harmattan,-0.5000000000000004,0.8660254037844384,1,77.73980735504946,73.33773649881324,71.09458982360437,27.007166666666667,74.2245,31.726666666666667,train
2357,MOD-PM-00884,2025-12-09T23:00:00Z,2025-12-09,23,Harmattan,-0.25881904510252157,0.9659258262890681,1,66.58343757327381,62.87725277678068,60.48148253041426,26.924,74.65783333333333,28.096666666666668,train
2358,MOD-PM-00884,2025-12-10T00:00:00Z,2025-12-10,0,Harmattan,0,1,1,43.382907972527015,41.17432218673182,41.20243179356503,26.512333333333338,76.3115,25.441666666666663,test
2359,MOD-PM-00884,2025-12-10T01:00:00Z,2025-12-10,1,Harmattan,0.25881904510252074,0.9659258262890683,1,33.08488204975613,31.509557051547496,32.72016337383198,25.973666666666663,78.5055,22.235,test
2360,MOD-PM-00884,2025-12-10T02:00:00Z,2025-12-10,2,Harmattan,0.49999999999999994,0.8660254037844387,1,32.32951824605816,30.767513541639055,32.25131245024404,25.4235,79.9315,23.323333333333338,test
2361,MOD-PM-00884,2025-12-10T03:00:00Z,2025-12-10,3,Harmattan,0.7071067811865475,0.7071067811865476,1,39.54344445306637,37.64559950308565,37.21927700085355,25.302,79.691,23.948333333333338,test
2362,MOD-PM-00884,2025-12-10T04:00:00Z,2025-12-10,4,Harmattan,0.8660254037844386,0.5000000000000001,1,30.26333049480041,28.90294910367228,30.315937430434207,24.957333333333334,81.02183333333333,22.891666666666666,test
2363,MOD-PM-00884,2025-12-10T05:00:00Z,2025-12-10,5,Harmattan,0.9659258262890683,0.25881904510252074,1,26.79359596202644,25.57740293886521,28.44328340950268,24.415166666666668,83.7185,21.141666666666666,test
2364,MOD-PM-00884,2025-12-10T06:00:00Z,2025-12-10,6,Harmattan,1,6.123233995736766e-17,1,21.83842001365463,20.94618647952426,23.539778157060123,24.268666666666668,84.79683333333334,23.005,test
2365,MOD-PM-00884,2025-12-10T07:00:00Z,2025-12-10,7,Harmattan,0.9659258262890683,-0.25881904510252063,1,31.4087745911645,30.04657453330873,30.1090956178068,25.567166666666665,81.93233333333333,20.59166666666667,test
2366,MOD-PM-00884,2025-12-10T08:00:00Z,2025-12-10,8,Harmattan,0.8660254037844387,-0.49999999999999983,1,46.77274629605503,44.621589574405576,42.65168351594617,29.043666666666667,70.3175,17.93,test
2367,MOD-PM-00884,2025-12-10T09:00:00Z,2025-12-10,9,Harmattan,0.7071067811865476,-0.7071067811865475,1,52.082765005296885,49.50648329701822,48.240710796945294,32.58383333333333,58.29116666666667,14.313333333333333,test
2368,MOD-PM-00884,2025-12-10T10:00:00Z,2025-12-10,10,Harmattan,0.49999999999999994,-0.8660254037844387,1,59.319333229745816,56.11994535763802,66.96508076593656,35.7125,49.379,13.16,test
2369,MOD-PM-00884,2025-12-10T11:00:00Z,2025-12-10,11,Harmattan,0.258819045102521,-0.9659258262890682,1,58.90671288008977,55.62611541141314,54.59059167658233,37.18833333333333,45.035833333333336,13.603333333333332,test
2370,MOD-PM-00884,2025-12-10T12:00:00Z,2025-12-10,12,Harmattan,1.2246467991473532e-16,-1,1,68.79536759290339,64.68460227610267,63.68197596977579,38.60483333333333,40.756166666666665,16.1,test
2371,MOD-PM-00884,2025-12-10T13:00:00Z,2025-12-10,13,Harmattan,-0.2588190451025208,-0.9659258262890683,1,61.890014494192734,57.858113646682064,58.24563457720252,39.959833333333336,36.61066666666667,20.148333333333333,test
2372,MOD-PM-00884,2025-12-10T14:00:00Z,2025-12-10,14,Harmattan,-0.4999999999999998,-0.8660254037844388,1,51.54015187823573,48.01289251805859,54.1225782971971,41.24016666666667,33.4945,24,test
2373,MOD-PM-00884,2025-12-10T15:00:00Z,2025-12-10,15,Harmattan,-0.7071067811865471,-0.7071067811865479,1,42.32656417627251,39.18677429260249,45.96639768207856,38.97474576271186,38.77508474576271,24.781666666666663,test
2374,MOD-PM-00884,2025-12-10T16:00:00Z,2025-12-10,16,Harmattan,-0.8660254037844384,-0.5000000000000004,1,45.77010800707976,42.600270825720024,47.906088183882005,38.56333333333333,39.656666666666666,26.223333333333333,test
2375,MOD-PM-00884,2025-12-10T17:00:00Z,2025-12-10,17,Harmattan,-0.9659258262890683,-0.25881904510252063,1,58.06988267620354,53.606624308716576,72.27045447604478,35.073,47.913,24.421666666666667,test
2376,MOD-PM-00884,2025-12-10T18:00:00Z,2025-12-10,18,Harmattan,-1,-1.8369701987210297e-16,1,107.27970759212268,98.2725800638964,130.30403450620884,30.454333333333334,60.13933333333333,31.473333333333333,test
2377,MOD-PM-00884,2025-12-10T19:00:00Z,2025-12-10,19,Harmattan,-0.9659258262890684,0.2588190451025203,1,109.6047321437783,101.11424252433449,125.65809780018036,29.206166666666668,63.6275,67.02166666666666,test
2378,MOD-PM-00884,2025-12-10T20:00:00Z,2025-12-10,20,Harmattan,-0.8660254037844386,0.5000000000000001,1,96.95965821197926,90.5392327331182,94.8125932293674,28.874833333333335,62.5485,66.36833333333334,test
2379,MOD-PM-00884,2025-12-10T21:00:00Z,2025-12-10,21,Harmattan,-0.7071067811865477,0.7071067811865474,1,68.87873045747651,64.61417057120067,65.32212455949126,28.585166666666662,67.26466666666667,39.693333333333335,test
2380,MOD-PM-00884,2025-12-11T06:00:00Z,2025-12-11,6,Harmattan,1,6.123233995736766e-17,1,31.24125357050205,29.659305967431333,31.635448814999545,23.750666666666667,89.4575,26.298333333333332,train
2381,MOD-PM-00884,2025-12-11T07:00:00Z,2025-12-11,7,Harmattan,0.9659258262890683,-0.25881904510252063,1,18.553743699080517,17.9068496765929,21.00906723633255,25.498,85.43866666666666,23.248333333333335,train
2382,MOD-PM-00884,2025-12-11T08:00:00Z,2025-12-11,8,Harmattan,0.8660254037844387,-0.49999999999999983,1,22.901908299666633,21.9796914287294,24.38915859765225,27.573666666666668,78.315,17.201666666666668,train
2383,MOD-PM-00884,2025-12-11T09:00:00Z,2025-12-11,9,Harmattan,0.7071067811865476,-0.7071067811865475,1,19.02304726201732,18.261201376289655,21.936734355796723,30.650833333333335,67.62233333333333,15.818333333333332,train
2384,MOD-PM-00884,2025-12-11T10:00:00Z,2025-12-11,10,Harmattan,0.49999999999999994,-0.8660254037844387,1,21.39158853407389,20.39127468050948,23.49241740280507,32.43483333333333,61.6685,15.758333333333333,train
2385,MOD-PM-00884,2025-12-11T11:00:00Z,2025-12-11,11,Harmattan,0.258819045102521,-0.9659258262890682,1,27.41094609952313,25.83250384217044,29.59476446373971,35.578833333333336,51.478,16.528333333333332,train
2386,MOD-PM-00884,2025-12-11T12:00:00Z,2025-12-11,12,Harmattan,1.2246467991473532e-16,-1,1,31.105319897497058,28.934692428744196,33.95415043339621,37.296166666666664,44.53933333333333,18.878333333333337,train
2387,MOD-PM-00884,2025-12-11T13:00:00Z,2025-12-11,13,Harmattan,-0.2588190451025208,-0.9659258262890683,1,31.5163224746671,29.002642382776937,36.07454370840061,39.14983333333333,38.0775,21.348333333333333,train
2388,MOD-PM-00884,2025-12-11T14:00:00Z,2025-12-11,14,Harmattan,-0.4999999999999998,-0.8660254037844388,1,32.38457688948952,29.522675000970267,37.37599258308489,40.4475,34.07216666666667,25.106666666666666,train
2389,MOD-PM-00884,2025-12-11T15:00:00Z,2025-12-11,15,Harmattan,-0.7071067811865471,-0.7071067811865479,1,35.40905013362505,32.426823715852926,39.88732936810452,40.23833333333334,32.97116666666667,28.458333333333332,train
2390,MOD-PM-00884,2025-12-11T16:00:00Z,2025-12-11,16,Harmattan,-0.8660254037844384,-0.5000000000000004,1,34.70472773159697,31.790687481411695,39.56669216295439,39.033166666666666,37.80733333333333,26.843333333333337,train
2391,MOD-PM-00884,2025-12-11T17:00:00Z,2025-12-11,17,Harmattan,-0.9659258262890683,-0.25881904510252063,1,37.567430524495094,34.39489063193298,47.68388612663134,34.43833333333333,49.06216666666667,27.391666666666666,train
2392,MOD-PM-00884,2025-12-11T18:00:00Z,2025-12-11,18,Harmattan,-1,-1.8369701987210297e-16,1,100.02330466131168,91.40869202602744,125.2206468828336,29.6275,60.547,31.336666666666662,train
2393,MOD-PM-00884,2025-12-11T19:00:00Z,2025-12-11,19,Harmattan,-0.9659258262890684,0.2588190451025203,1,97.25460940405009,89.41469177528258,111.477115414335,28.775,61.746833333333335,69.40333333333334,train
2394,MOD-PM-00884,2025-12-11T20:00:00Z,2025-12-11,20,Harmattan,-0.8660254037844386,0.5000000000000001,1,69.96126495569773,64.39402580223222,80.42604905127988,28.3855,62.4495,67.81,train
2395,MOD-PM-00884,2025-12-11T21:00:00Z,2025-12-11,21,Harmattan,-0.7071067811865477,0.7071067811865474,1,45.17722837777479,41.64248813559553,53.86807547861933,27.617,65.82933333333334,50.45166666666667,train
2396,MOD-PM-00884,2025-12-11T22:00:00Z,2025-12-11,22,Harmattan,-0.5000000000000004,0.8660254037844384,1,38.34122877769749,35.6187785780543,43.589243138634785,26.610666666666667,71.108,42.67166666666667,train
2397,MOD-PM-00884,2025-12-11T23:00:00Z,2025-12-11,23,Harmattan,-0.25881904510252157,0.9659258262890681,1,42.6157575407167,39.809724737837165,44.8098927018389,26.844166666666663,72.638,38.025,train
2398,MOD-PM-00884,2025-12-12T00:00:00Z,2025-12-12,0,Harmattan,0,1,1,38.83557382735048,36.3911225346223,40.594911994906006,26.335333333333335,75.43183333333333,36.781666666666666,train
2399,MOD-PM-00884,2025-12-12T01:00:00Z,2025-12-12,1,Harmattan,0.25881904510252074,0.9659258262890683,1,51.83736659231429,48.7281369662548,49.99536590161974,26.46066666666667,76.45016666666666,36.903333333333336,train
2400,MOD-PM-00884,2025-12-12T02:00:00Z,2025-12-12,2,Harmattan,0.49999999999999994,0.8660254037844387,1,48.98216808859496,46.11748895882498,48.254490769487965,26.557166666666667,77.34433333333334,33.88333333333333,train
2401,MOD-PM-00884,2025-12-12T03:00:00Z,2025-12-12,3,Harmattan,0.7071067811865475,0.7071067811865476,1,32.45492960054071,30.5240133807692,34.41947735024444,25.871333333333332,80.86933333333333,33.526666666666664,train
2402,MOD-PM-00884,2025-12-12T04:00:00Z,2025-12-12,4,Harmattan,0.8660254037844386,0.5000000000000001,1,29.568571983057257,27.846011809050413,31.95739764597656,24.9245,84.2835,32.641666666666666,train
2403,MOD-PM-00884,2025-12-12T05:00:00Z,2025-12-12,5,Harmattan,0.9659258262890683,0.25881904510252074,1,42.647079791202096,40.084872031884785,43.720674367576805,24.651666666666667,85.80733333333333,33.78333333333333,train
2404,MOD-PM-00884,2025-12-12T06:00:00Z,2025-12-12,6,Harmattan,1,6.123233995736766e-17,1,49.03433105522363,45.86425417826641,51.56802107077354,24.984,85.70266666666667,36.29333333333334,train
2405,MOD-PM-00884,2025-12-12T07:00:00Z,2025-12-12,7,Harmattan,0.9659258262890683,-0.25881904510252063,1,40.4801143303748,38.24056560682754,41.552746508388495,26.9555,80.009,40.195,train
2406,MOD-PM-00884,2025-12-12T08:00:00Z,2025-12-12,8,Harmattan,0.8660254037844387,-0.49999999999999983,1,35.638481540012556,33.867605144920184,36.31139488783827,30.042333333333332,69.78133333333334,31.27,train
2407,MOD-PM-00884,2025-12-12T09:00:00Z,2025-12-12,9,Harmattan,0.7071067811865476,-0.7071067811865475,1,28.939455609538385,27.604839492019167,30.140874889347312,32.891333333333336,61.73533333333333,23.171666666666667,train
2408,MOD-PM-00884,2025-12-12T10:00:00Z,2025-12-12,10,Harmattan,0.49999999999999994,-0.8660254037844387,1,32.654364242303195,31.039332596148824,32.339665462269394,34.57,57.69766666666666,19.663333333333338,train
2409,MOD-PM-00884,2025-12-12T11:00:00Z,2025-12-12,11,Harmattan,0.258819045102521,-0.9659258262890682,1,35.94128368679488,34.05873843861079,35.147350670560606,35.92216666666667,53.99433333333333,19.816666666666663,train
2410,MOD-PM-00884,2025-12-12T12:00:00Z,2025-12-12,12,Harmattan,1.2246467991473532e-16,-1,1,32.96830047031276,31.164997686675957,32.7793919714122,35.88766666666667,53.80233333333334,19.691666666666663,train
2411,MOD-PM-00884,2025-12-12T13:00:00Z,2025-12-12,13,Harmattan,-0.2588190451025208,-0.9659258262890683,1,35.96952673166616,33.914873841709095,35.98397831546244,36.3245,51.1685,19.981666666666666,train
2412,MOD-PM-00884,2025-12-12T14:00:00Z,2025-12-12,14,Harmattan,-0.4999999999999998,-0.8660254037844388,1,35.12961732216581,33.06086296700152,35.67827468147381,35.14333333333333,53.818666666666665,21.865,train
2413,MOD-PM-00884,2025-12-12T15:00:00Z,2025-12-12,15,Harmattan,-0.7071067811865471,-0.7071067811865479,1,36.20611576169974,33.56752491190699,48.19120087266065,33.945166666666665,54.39516666666667,22.503333333333337,train
2414,MOD-PM-00884,2025-12-12T16:00:00Z,2025-12-12,16,Harmattan,-0.8660254037844384,-0.5000000000000004,1,58.10344805660651,54.58085581274197,63.32450262242729,30.030166666666663,62.401333333333334,22.526666666666667,train
2415,MOD-PM-00884,2025-12-12T17:00:00Z,2025-12-12,17,Harmattan,-0.9659258262890683,-0.25881904510252063,1,43.75333029027912,41.666978591847986,41.04198676922352,27.2325,71.59866666666667,22.831666666666667,train
2416,MOD-PM-00884,2025-12-12T18:00:00Z,2025-12-12,18,Harmattan,-1,-1.8369701987210297e-16,1,47.69689543000537,45.48433467310263,44.038941164606065,25.895166666666668,69.89883333333333,19.69,train
2417,MOD-PM-00884,2025-12-12T19:00:00Z,2025-12-12,19,Harmattan,-0.9659258262890684,0.2588190451025203,1,65.54497038188784,61.83966929126326,68.64794937756376,25.7835,73.11366666666666,18.03,train
2418,MOD-PM-00884,2025-12-12T20:00:00Z,2025-12-12,20,Harmattan,-0.8660254037844386,0.5000000000000001,1,12.242147089551702,12.03995214490694,20.828679178334095,22.756666666666668,84.70266666666667,22,train
2419,MOD-PM-00884,2025-12-12T21:00:00Z,2025-12-12,21,Harmattan,-0.7071067811865477,0.7071067811865474,1,12.048132665353677,11.99381466479332,14.38532204458646,22.6372,84.2636,15.328333333333331,train
2420,MOD-PM-00884,2025-12-12T22:00:00Z,2025-12-12,22,Harmattan,-0.5000000000000004,0.8660254037844384,1,13.309530264784218,13.186867337323568,15.24881747540235,23.420833333333334,81.19183333333334,14.641666666666667,train
2421,MOD-PM-00884,2025-12-12T23:00:00Z,2025-12-12,23,Harmattan,-0.25881904510252157,0.9659258262890681,1,11.705345708186078,11.66455365876856,14.133192794673729,23.968166666666665,76.5925,14.613333333333332,train
2422,MOD-PM-00884,2025-12-13T01:00:00Z,2025-12-13,1,Harmattan,0.25881904510252074,0.9659258262890683,1,12.808272296567065,12.60996607130442,15.026536404547656,24.437333333333335,77.62433333333334,13.546666666666669,train
2423,MOD-PM-00884,2025-12-13T02:00:00Z,2025-12-13,2,Harmattan,0.49999999999999994,0.8660254037844387,1,11.060372131634509,10.95112501755898,13.788187794041022,23.34096153846154,82.3425,13.766666666666667,train
2424,MOD-PM-00884,2025-12-13T03:00:00Z,2025-12-13,3,Harmattan,0.7071067811865475,0.7071067811865476,1,9.750616752007994,9.73936084408434,12.57465735655993,23.18053571428571,82.39160714285714,14.186666666666667,train
2425,MOD-PM-00884,2025-12-13T04:00:00Z,2025-12-13,4,Harmattan,0.8660254037844386,0.5000000000000001,1,12.165729632635545,12.060327544534768,14.560756029965107,23.68677966101695,80.10254237288136,12.17,train
2426,MOD-PM-00884,2025-12-13T05:00:00Z,2025-12-13,5,Harmattan,0.9659258262890683,0.25881904510252074,1,12.838197688876518,12.718018426011346,15.179182786171497,24.4475,78.54229166666667,13.008333333333333,train
2427,MOD-PM-00884,2025-12-13T18:00:00Z,2025-12-13,18,Harmattan,-1,-1.8369701987210297e-16,1,27.990773017900626,26.888483400107,27.349107143356463,27.074565217391303,71.57391304347826,25.45,train
2428,MOD-PM-00884,2025-12-13T19:00:00Z,2025-12-13,19,Harmattan,-0.9659258262890684,0.2588190451025203,1,25.659673396602617,24.632740823103777,25.489818101777757,27.536,71.36833333333334,24.261666666666667,train
2429,MOD-PM-00884,2025-12-13T20:00:00Z,2025-12-13,20,Harmattan,-0.8660254037844386,0.5000000000000001,1,29.39099766194603,28.092282296472,29.06659012624672,26.433166666666665,73.961,24.05666666666667,train
2430,MOD-PM-00884,2025-12-13T21:00:00Z,2025-12-13,21,Harmattan,-0.7071067811865477,0.7071067811865474,1,37.77875375482073,35.913876070950145,36.99016915461074,25.740166666666667,76.17566666666667,30.295,train
2431,MOD-PM-00884,2025-12-13T22:00:00Z,2025-12-13,22,Harmattan,-0.5000000000000004,0.8660254037844384,1,32.126127538804674,30.631074958966305,31.508963837669747,25.777833333333337,77.9465,36.096666666666664,train
2432,MOD-PM-00884,2025-12-13T23:00:00Z,2025-12-13,23,Harmattan,-0.25881904510252157,0.9659258262890681,1,26.225880171978613,25.14161518157486,26.222716687310175,26.2565,74.36883333333333,32.765,train
2433,MOD-PM-00884,2025-12-14T00:00:00Z,2025-12-14,0,Harmattan,0,1,1,25.238270853451095,24.134563003262983,26.43624305083844,26.143166666666666,75.30116666666666,26.005,test
2434,MOD-PM-00884,2025-12-14T01:00:00Z,2025-12-14,1,Harmattan,0.25881904510252074,0.9659258262890683,1,15.8753650091365,15.341681196720655,20.160429523618298,25.931333333333335,73.909,27.163333333333338,test
2435,MOD-PM-00884,2025-12-14T02:00:00Z,2025-12-14,2,Harmattan,0.49999999999999994,0.8660254037844387,1,8.755527906125444,8.857058559135185,12.223465590731744,23.899,79.179,18.63,test
2436,MOD-PM-00884,2025-12-14T03:00:00Z,2025-12-14,3,Harmattan,0.7071067811865475,0.7071067811865476,1,10.422744413407417,10.39707154621514,13.67933865313052,23.5715,81.35733333333333,10.795,test
2437,MOD-PM-00884,2025-12-14T04:00:00Z,2025-12-14,4,Harmattan,0.8660254037844386,0.5000000000000001,1,10.390178245422272,10.343396469275351,14.578339637052933,23.225,83.23583333333333,13.763333333333334,test
2438,MOD-PM-00884,2025-12-14T05:00:00Z,2025-12-14,5,Harmattan,0.9659258262890683,0.25881904510252074,1,10.419481678981851,10.367848448770143,14.56612413387003,23.0825,83.65166666666667,14.368333333333334,test
2439,MOD-PM-00884,2025-12-14T06:00:00Z,2025-12-14,6,Harmattan,1,6.123233995736766e-17,1,15.147448958793571,14.769704955682364,18.3413309234977,23.5775,83.67666666666666,14.48,test
2440,MOD-PM-00884,2025-12-14T07:00:00Z,2025-12-14,7,Harmattan,0.9659258262890683,-0.25881904510252063,1,21.466753778402776,20.64021930258864,22.245614336667323,25.759,77.9655,19.898333333333333,test
2441,MOD-PM-00884,2025-12-14T08:00:00Z,2025-12-14,8,Harmattan,0.8660254037844387,-0.49999999999999983,1,22.131148467898043,21.149920911349476,23.68919288227917,28.6525,69.78883333333333,24.548333333333332,test
2442,MOD-PM-00884,2025-12-14T09:00:00Z,2025-12-14,9,Harmattan,0.7071067811865476,-0.7071067811865475,1,23.58940722731291,22.457707427554816,25.31532445863987,31.066833333333335,63.446333333333335,24.52,test
2443,MOD-PM-00884,2025-12-14T10:00:00Z,2025-12-14,10,Harmattan,0.49999999999999994,-0.8660254037844387,1,26.78946316508739,25.369299257447604,28.31742000585791,33.89962962962963,56.24296296296296,23.37,test
2444,MOD-PM-00884,2025-12-14T11:00:00Z,2025-12-14,11,Harmattan,0.258819045102521,-0.9659258262890682,1,23.624171371301703,22.090214540946253,26.19532718585637,35.63517857142857,51.42910714285714,22.935,test
2445,MOD-PM-00884,2025-12-14T12:00:00Z,2025-12-14,12,Harmattan,1.2246467991473532e-16,-1,1,29.84333500586991,27.851437031880888,31.33990633048906,36.192166666666665,50.021166666666666,23.826666666666668,test
2446,MOD-PM-00884,2025-12-14T13:00:00Z,2025-12-14,13,Harmattan,-0.2588190451025208,-0.9659258262890683,1,30.617602277145988,28.45467563852031,32.47356191565712,37.183166666666665,46.787,24.605,test
2447,MOD-PM-00884,2025-12-14T14:00:00Z,2025-12-14,14,Harmattan,-0.4999999999999998,-0.8660254037844388,1,30.789711518094393,28.448615549188396,33.114014584475484,36.654,47.647333333333336,26.64666666666667,test
2448,MOD-PM-00884,2025-12-14T15:00:00Z,2025-12-14,15,Harmattan,-0.7071067811865471,-0.7071067811865479,1,35.309475557374924,32.72076690601888,36.07383258596435,36.675,48.24916666666667,28.988333333333333,test
2449,MOD-PM-00884,2025-12-14T16:00:00Z,2025-12-14,16,Harmattan,-0.8660254037844384,-0.5000000000000004,1,33.341536896506916,30.87576789932371,33.99631209250614,35.653166666666664,51.38633333333333,29.756666666666668,test
2450,MOD-PM-00884,2025-12-14T17:00:00Z,2025-12-14,17,Harmattan,-0.9659258262890683,-0.25881904510252063,1,30.55420326883928,28.459831524047143,31.81599490020606,32.091499999999996,62.2415,29.276666666666667,test
2451,MOD-PM-00884,2025-12-14T18:00:00Z,2025-12-14,18,Harmattan,-1,-1.8369701987210297e-16,1,35.142851788679494,32.93983432577277,35.460386767003136,29.2555,71.16066666666667,29.085,test
2452,MOD-PM-00884,2025-12-14T19:00:00Z,2025-12-14,19,Harmattan,-0.9659258262890684,0.2588190451025203,1,43.64502789944062,40.973511988488994,41.39340767450339,28.343666666666667,74.559,30.76,test
2453,MOD-PM-00884,2025-12-14T20:00:00Z,2025-12-14,20,Harmattan,-0.8660254037844386,0.5000000000000001,1,43.05137337070958,40.4379732369575,41.456097067940085,28.011,75.16,31.616666666666667,test
2454,MOD-PM-00884,2025-12-14T21:00:00Z,2025-12-14,21,Harmattan,-0.7071067811865477,0.7071067811865474,1,40.46918417004916,38.00578043156834,38.668433906909854,27.490833333333335,77.3185,30.631666666666668,test
2455,MOD-PM-00884,2025-12-14T22:00:00Z,2025-12-14,22,Harmattan,-0.5000000000000004,0.8660254037844384,1,43.26687697951796,40.798288834092006,41.38577496035418,27.0695,77.02866666666667,31.62,test
2456,MOD-PM-00884,2025-12-14T23:00:00Z,2025-12-14,23,Harmattan,-0.25881904510252157,0.9659258262890681,1,41.12731848786538,38.89111138701354,39.6951050722225,27.0385,72.14383333333333,29.185,test
2457,MOD-PM-00884,2025-12-15T00:00:00Z,2025-12-15,0,Harmattan,0,1,1,51.77174484618017,49.14269162859274,54.951173169596686,24.813333333333333,78.42983333333333,27.341666666666665,test
2458,MOD-PM-00884,2025-12-15T01:00:00Z,2025-12-15,1,Harmattan,0.25881904510252074,0.9659258262890683,1,24.3124291760175,23.512990221597175,26.55978872209836,22.663833333333333,85.37216666666667,16.91,test
2459,MOD-PM-00884,2025-12-15T02:00:00Z,2025-12-15,2,Harmattan,0.49999999999999994,0.8660254037844387,1,30.71491333138838,17.025481827186983,88.76661527707529,22.5915,87.24166666666666,13.051666666666666,test
2460,MOD-PM-00884,2025-12-15T03:00:00Z,2025-12-15,3,Harmattan,0.7071067811865475,0.7071067811865476,1,345.81950614665584,21.012558886492815,NA,22.5035,88.41816666666666,12.908333333333331,test
2461,MOD-PM-00884,2025-12-15T04:00:00Z,2025-12-15,4,Harmattan,0.8660254037844386,0.5000000000000001,1,17.695726113518294,14.131548691463834,25.588553501372537,22.376833333333337,87.79133333333334,11.811666666666667,test
2462,MOD-PM-00884,2025-12-15T05:00:00Z,2025-12-15,5,Harmattan,0.9659258262890683,0.25881904510252074,1,19.86664763983659,14.21421600530264,29.958084817786368,22.24,88.21566666666666,14.821666666666667,test
2463,MOD-PM-00884,2025-12-15T06:00:00Z,2025-12-15,6,Harmattan,1,6.123233995736766e-17,1,30.71177294950378,21.301134568964795,60.45447786024274,22.381666666666668,87.6845,15.233333333333334,test
2464,MOD-PM-00884,2025-12-15T07:00:00Z,2025-12-15,7,Harmattan,0.9659258262890683,-0.25881904510252063,1,21.8655007093868,20.95101531261096,24.003066522924406,22.900833333333335,86.6165,17.261666666666667,test
2465,MOD-PM-00884,2025-12-15T08:00:00Z,2025-12-15,8,Harmattan,0.8660254037844387,-0.49999999999999983,1,21.53153944884035,20.93004547968466,21.360661971541287,25.279833333333332,79.19883333333334,16.296666666666667,test
2466,MOD-PM-00884,2025-12-15T09:00:00Z,2025-12-15,9,Harmattan,0.7071067811865476,-0.7071067811865475,1,23.857053410659812,23.102270071924227,23.70697094318572,27.098,71.76316666666666,18.195,test
2467,MOD-PM-00884,2025-12-15T10:00:00Z,2025-12-15,10,Harmattan,0.49999999999999994,-0.8660254037844387,1,22.151948399861,21.42554916486788,23.847931212773652,30.0345,60.9585,22.58,test
2468,MOD-PM-00884,2025-12-15T11:00:00Z,2025-12-15,11,Harmattan,0.258819045102521,-0.9659258262890682,1,22.50163196192063,21.70564072227518,22.855425529843192,33.491166666666665,52.844833333333334,19.798333333333332,test
2469,MOD-PM-00884,2025-12-15T12:00:00Z,2025-12-15,12,Harmattan,1.2246467991473532e-16,-1,1,23.995148645221732,23.057175311943272,24.420163535873275,34.74016666666667,47.977333333333334,18.176666666666662,test
2470,MOD-PM-00884,2025-12-15T13:00:00Z,2025-12-15,13,Harmattan,-0.2588190451025208,-0.9659258262890683,1,36.01820265087751,34.359511253261914,33.64694554093103,36.00416666666667,45.677,18.408333333333335,test
2471,MOD-PM-00884,2025-12-15T14:00:00Z,2025-12-15,14,Harmattan,-0.4999999999999998,-0.8660254037844388,1,30.279383362827762,28.85452509160723,29.625549827313748,36.106842105263155,44.4040350877193,18.465,test
2472,MOD-PM-00884,2025-12-15T15:00:00Z,2025-12-15,15,Harmattan,-0.7071067811865471,-0.7071067811865479,1,26.01541340943969,24.48895317971741,30.762348490477876,34.80766666666667,45.801833333333335,19.556666666666665,test
2473,MOD-PM-00884,2025-12-15T16:00:00Z,2025-12-15,16,Harmattan,-0.8660254037844384,-0.5000000000000004,1,28.05641692935013,26.502249524430233,28.754517995773348,32.4755,51.72833333333333,22.516666666666666,test
2474,MOD-PM-00884,2025-12-15T17:00:00Z,2025-12-15,17,Harmattan,-0.9659258262890683,-0.25881904510252063,1,28.22418265509451,26.755388113094657,28.82594629381566,29.4595,62.65616666666667,23.356666666666666,test
2475,MOD-PM-00884,2025-12-15T18:00:00Z,2025-12-15,18,Harmattan,-1,-1.8369701987210297e-16,1,29.572283343466335,28.169966870193456,30.50343671279529,26.553333333333335,71.13466666666666,24.60333333333333,test
2476,MOD-PM-00884,2025-12-15T19:00:00Z,2025-12-15,19,Harmattan,-0.9659258262890684,0.2588190451025203,1,25.329790554088113,24.237103562434697,26.641093720644314,25.925166666666662,72.86066666666666,25.781666666666663,test
2477,MOD-PM-00884,2025-12-15T20:00:00Z,2025-12-15,20,Harmattan,-0.8660254037844386,0.5000000000000001,1,22.897422039831486,21.954239053535375,23.8279723763959,25.552333333333333,73.63483333333333,23.475,test
2478,MOD-PM-00884,2025-12-15T21:00:00Z,2025-12-15,21,Harmattan,-0.7071067811865477,0.7071067811865474,1,24.3122252551159,23.2738186959644,25.264692541178015,25.599166666666665,72.4755,22.788333333333338,test
2479,MOD-PM-00884,2025-12-15T22:00:00Z,2025-12-15,22,Harmattan,-0.5000000000000004,0.8660254037844384,1,25.992044074116603,24.903521005156648,26.158526035396925,25.028166666666667,76.2105,23.71,test
2480,MOD-PM-00884,2025-12-15T23:00:00Z,2025-12-15,23,Harmattan,-0.25881904510252157,0.9659258262890681,1,27.98245111068791,26.498291665221544,28.72225027649884,24.905818181818184,71.33690909090909,26.948333333333338,test
2481,MOD-PM-00884,2025-12-16T00:00:00Z,2025-12-16,0,Harmattan,0,1,1,26.41177446587502,24.793439001483005,28.875566837145943,24.785166666666665,66.77,28.25,train
2482,MOD-PM-00884,2025-12-16T01:00:00Z,2025-12-16,1,Harmattan,0.25881904510252074,0.9659258262890683,1,26.212564137104287,24.513674496515836,29.33923446830957,24.236833333333333,65.66216666666666,27.813333333333333,train
2483,MOD-PM-00884,2025-12-16T02:00:00Z,2025-12-16,2,Harmattan,0.49999999999999994,0.8660254037844387,1,25.838899477016778,24.09918362459192,30.79346404774454,23.622,66.461,27.991666666666667,train
2484,MOD-PM-00884,2025-12-16T03:00:00Z,2025-12-16,3,Harmattan,0.7071067811865475,0.7071067811865476,1,24.623673648125973,22.7537476010134,33.899915495590626,22.855666666666668,64.34266666666667,28.31,train
2485,MOD-PM-00884,2025-12-16T04:00:00Z,2025-12-16,4,Harmattan,0.8660254037844386,0.5000000000000001,1,23.39437727702493,21.35207779611051,33.696139410799546,22.4205,61.1725,28.215,train
2486,MOD-PM-00884,2025-12-16T05:00:00Z,2025-12-16,5,Harmattan,0.9659258262890683,0.25881904510252074,1,22.15296800436899,19.981304827610955,36.464618068771514,21.826333333333334,60.32183333333333,27.983333333333334,train
2487,MOD-PM-00884,2025-12-16T06:00:00Z,2025-12-16,6,Harmattan,1,6.123233995736766e-17,1,22.616806487142977,20.31995801018124,40.22795701507402,21.153166666666667,61.48283333333333,28.305,train
2488,MOD-PM-00884,2025-12-16T07:00:00Z,2025-12-16,7,Harmattan,0.9659258262890683,-0.25881904510252063,1,22.333682707364815,20.07484182548954,36.687072969555075,23.67866666666667,58.578833333333336,28.426666666666662,train
2489,MOD-PM-00884,2025-12-16T08:00:00Z,2025-12-16,8,Harmattan,0.8660254037844387,-0.49999999999999983,1,22.962228102359216,20.47176805754033,36.23407217493538,27.6095,46.9815,27.393333333333334,train
2490,MOD-PM-00884,2025-12-16T09:00:00Z,2025-12-16,9,Harmattan,0.7071067811865476,-0.7071067811865475,1,21.035583424064733,18.63760025812727,35.465759692077114,29.9645,39.8075,26.935,train
2491,MOD-PM-00884,2025-12-16T10:00:00Z,2025-12-16,10,Harmattan,0.49999999999999994,-0.8660254037844387,1,20.43911478689164,18.16408603994842,35.01664636677565,31.9515,35.106833333333334,24.768333333333334,train
2492,MOD-PM-00884,2025-12-16T11:00:00Z,2025-12-16,11,Harmattan,0.258819045102521,-0.9659258262890682,1,22.66570671934609,20.233962456804587,37.083136561111395,34.413333333333334,32.586,22.626666666666665,train
2493,MOD-PM-00884,2025-12-16T13:00:00Z,2025-12-16,13,Harmattan,-0.2588190451025208,-0.9659258262890683,1,36.706216153394635,33.13453613407301,59.08405431788936,37.416666666666664,29.18316666666667,23.106666666666666,train
2494,MOD-PM-00884,2025-12-16T14:00:00Z,2025-12-16,14,Harmattan,-0.4999999999999998,-0.8660254037844388,1,30.661200565907563,27.478501058232936,47.634344596905095,39.66716666666667,26.407,24.898333333333333,train
2495,MOD-PM-00884,2025-12-16T15:00:00Z,2025-12-16,15,Harmattan,-0.7071067811865471,-0.7071067811865479,1,48.67339105939582,44.66839655010253,56.38946279407147,37.4,29.533,24.766666666666666,train
2496,MOD-PM-00884,2025-12-16T16:00:00Z,2025-12-16,16,Harmattan,-0.8660254037844384,-0.5000000000000004,1,63.46801334123794,58.67398977935038,68.4344879807766,36.663333333333334,33.54216666666667,24.773333333333333,train
2497,MOD-PM-00884,2025-12-16T17:00:00Z,2025-12-16,17,Harmattan,-0.9659258262890683,-0.25881904510252063,1,42.719675632170855,39.20277312408327,56.07020042563145,30.02,48.35,26.261666666666667,train
2498,MOD-PM-00884,2025-12-16T18:00:00Z,2025-12-16,18,Harmattan,-1,-1.8369701987210297e-16,1,56.492248620993415,51.81202985455984,68.04512298698407,26.4375,48.967333333333336,32.495,train
2499,MOD-PM-00884,2025-12-16T19:00:00Z,2025-12-16,19,Harmattan,-0.9659258262890684,0.2588190451025203,1,65.75812890032785,60.44913850770379,74.20262154353102,25.409333333333333,51.379,40.82666666666667,train
2500,MOD-PM-00884,2025-12-16T20:00:00Z,2025-12-16,20,Harmattan,-0.8660254037844386,0.5000000000000001,1,38.97228239978154,35.44159310901651,52.257319949602696,24.991833333333332,53.531333333333336,46.608333333333334,train
2501,MOD-PM-00884,2025-12-16T21:00:00Z,2025-12-16,21,Harmattan,-0.7071067811865477,0.7071067811865474,1,42.33811923319151,38.679296836079104,53.88003813826934,24.625666666666667,54.236,34.17,train
2502,MOD-PM-00884,2025-12-16T22:00:00Z,2025-12-16,22,Harmattan,-0.5000000000000004,0.8660254037844384,1,35.261064735335644,31.938919190308138,48.17821103615827,24.435666666666663,53.30266666666667,35.62833333333333,train
2503,MOD-PM-00884,2025-12-16T23:00:00Z,2025-12-16,23,Harmattan,-0.25881904510252157,0.9659258262890681,1,73.24702205105032,67.7848093096568,77.49137317859308,24.047833333333333,56.83833333333333,33.406666666666666,train
2504,MOD-PM-00884,2025-12-17T00:00:00Z,2025-12-17,0,Harmattan,0,1,1,88.93196525505552,82.80630864667428,88.57032887841801,23.278166666666667,64.33500000000001,52.02166666666666,train
2505,MOD-PM-00884,2025-12-17T01:00:00Z,2025-12-17,1,Harmattan,0.25881904510252074,0.9659258262890683,1,42.96656266773512,39.397465517857704,53.022440282858184,23.083166666666667,57.468666666666664,62.70666666666666,train
2506,MOD-PM-00884,2025-12-17T02:00:00Z,2025-12-17,2,Harmattan,0.49999999999999994,0.8660254037844387,1,31.352553598594035,28.169062666388378,45.63234530617791,23.361833333333333,55.3755,39.608333333333334,train
2507,MOD-PM-00884,2025-12-17T03:00:00Z,2025-12-17,3,Harmattan,0.7071067811865475,0.7071067811865476,1,31.99523071206915,28.898658945192864,42.62614631912396,23.161666666666665,56.301,34.30166666666667,train
2508,MOD-PM-00884,2025-12-17T04:00:00Z,2025-12-17,4,Harmattan,0.8660254037844386,0.5000000000000001,1,31.822040690342277,28.865703602254563,45.061045343605834,22.641,56.351333333333336,34.95333333333333,train
2509,MOD-PM-00884,2025-12-17T05:00:00Z,2025-12-17,5,Harmattan,0.9659258262890683,0.25881904510252074,1,32.45823311914659,29.509285089303567,46.92279548718134,22.40416666666667,58.42316666666667,34.755,train
2510,MOD-PM-00884,2025-12-17T06:00:00Z,2025-12-17,6,Harmattan,1,6.123233995736766e-17,1,49.99991691637861,46.13607323277618,57.791053510502245,21.914833333333338,61.9945,34.93833333333333,train
2511,MOD-PM-00884,2025-12-17T07:00:00Z,2025-12-17,7,Harmattan,0.9659258262890683,-0.25881904510252063,1,34.39900951592179,31.50844122557527,46.49560053563755,24.082166666666662,60.7095,43.14,train
2512,MOD-PM-00884,2025-12-17T08:00:00Z,2025-12-17,8,Harmattan,0.8660254037844387,-0.49999999999999983,1,31.516383650937577,28.382339334114,43.823313039210625,27.928333333333335,48.806666666666665,35.013333333333335,train
2513,MOD-PM-00884,2025-12-17T09:00:00Z,2025-12-17,9,Harmattan,0.7071067811865476,-0.7071067811865475,1,32.85596044562262,29.404589831702733,44.51689445537816,30.136666666666667,42.272166666666664,34.178333333333335,train
2514,MOD-PM-00884,2025-12-17T10:00:00Z,2025-12-17,10,Harmattan,0.49999999999999994,-0.8660254037844387,1,34.53045692909163,30.194036707051907,50.35524126253073,33.56333333333333,34.32716666666667,36.62833333333333,train
2515,MOD-PM-00884,2025-12-17T11:00:00Z,2025-12-17,11,Harmattan,0.258819045102521,-0.9659258262890682,1,51.090832563655496,45.58414338248028,61.974713224798,35.7295,31.155666666666665,42.38,train
2516,MOD-PM-00884,2025-12-17T12:00:00Z,2025-12-17,12,Harmattan,1.2246467991473532e-16,-1,1,104.48408129633296,95.76791595937492,103.8803213852,36.4375,30.503666666666668,44.96,train
2517,MOD-PM-00884,2025-12-17T13:00:00Z,2025-12-17,13,Harmattan,-0.2588190451025208,-0.9659258262890683,1,43.733611139094634,37.67530356000143,61.566133878363466,39.68683333333333,24.7445,46.196666666666665,train
2518,MOD-PM-00884,2025-12-17T14:00:00Z,2025-12-17,14,Harmattan,-0.4999999999999998,-0.8660254037844388,1,42.76357980228483,36.61211379225934,61.15077516470324,39.84616666666667,24.810333333333332,52.61333333333334,train
2519,MOD-PM-00884,2025-12-17T15:00:00Z,2025-12-17,15,Harmattan,-0.7071067811865471,-0.7071067811865479,1,41.350356437353845,35.538444170785375,58.09762795757949,39.72140350877193,27.880701754385964,54.515,train
2520,MOD-PM-00884,2025-12-17T17:00:00Z,2025-12-17,17,Harmattan,-0.9659258262890683,-0.25881904510252063,1,54.42412769958853,48.23501884004669,73.081007631617,32.0852,45.4596,51.895,train
2521,MOD-PM-00884,2025-12-17T18:00:00Z,2025-12-17,18,Harmattan,-1,-1.8369701987210297e-16,1,158.75172787564597,145.6148872460749,162.93969633572698,27.243396226415097,57.10415094339623,62.07833333333333,train
2522,MOD-PM-00884,2025-12-17T19:00:00Z,2025-12-17,19,Harmattan,-0.9659258262890684,0.2588190451025203,1,132.490743823503,121.58575513635768,136.29959776148948,26.38915254237288,60.99864406779661,111.12666666666668,train
2523,MOD-PM-00884,2025-12-17T20:00:00Z,2025-12-17,20,Harmattan,-0.8660254037844386,0.5000000000000001,1,125.2794986215259,115.12016505612524,123.03277099965544,25.88421052631579,57.0319298245614,103.285,train
2524,MOD-PM-00884,2025-12-17T21:00:00Z,2025-12-17,21,Harmattan,-0.7071067811865477,0.7071067811865474,1,102.61239771738508,93.64998239827196,105.83359332856593,25.544814814814817,54.60648148148148,94.42,train
2525,MOD-PM-00884,2025-12-17T22:00:00Z,2025-12-17,22,Harmattan,-0.5000000000000004,0.8660254037844384,1,65.94791808344478,58.67006942526405,75.95046567553817,25.445,50.031333333333336,87.45,train
2526,MOD-PM-00884,2025-12-17T23:00:00Z,2025-12-17,23,Harmattan,-0.25881904510252157,0.9659258262890681,1,63.971226377097175,56.951141145422554,73.27774186331136,25.298474576271182,49.00491525423729,70.83,train
2527,MOD-PM-00884,2025-12-18T00:00:00Z,2025-12-18,0,Harmattan,0,1,1,57.81257528256764,51.15657828777182,67.38249910087515,25.213,48.630833333333335,71.44833333333334,train
2528,MOD-PM-00884,2025-12-18T01:00:00Z,2025-12-18,1,Harmattan,0.25881904510252074,0.9659258262890683,1,58.12233113209445,51.58053444208082,66.7333707383344,24.967166666666667,49.371833333333335,67.33833333333334,train
2529,MOD-PM-00884,2025-12-18T02:00:00Z,2025-12-18,2,Harmattan,0.49999999999999994,0.8660254037844387,1,54.87427159614176,48.652656061381315,64.73762788843534,24.703454545454544,50.14418181818182,66.985,train
2530,MOD-PM-00884,2025-12-18T03:00:00Z,2025-12-18,3,Harmattan,0.7071067811865475,0.7071067811865476,1,55.88313366811756,49.476447124931035,66.33383969714441,25.149473684210527,48.73947368421052,69.315,train
2531,MOD-PM-00884,2025-12-18T04:00:00Z,2025-12-18,4,Harmattan,0.8660254037844386,0.5000000000000001,1,61.25741415130789,55.04043273292813,69.87568452297975,24.401132075471697,53.73037735849056,68.06166666666667,train
2532,MOD-PM-00884,2025-12-18T05:00:00Z,2025-12-18,5,Harmattan,0.9659258262890683,0.25881904510252074,1,54.82587892208703,49.5931937080504,59.310611537748485,23.169298245614034,59.399824561403506,69.99333333333334,train
2533,MOD-PM-00884,2025-12-18T06:00:00Z,2025-12-18,6,Harmattan,1,6.123233995736766e-17,1,49.77836162940962,45.399935905168995,53.978518004506405,21.34340425531915,69.58765957446809,69.43333333333334,train
2534,MOD-PM-00884,2025-12-18T07:00:00Z,2025-12-18,7,Harmattan,0.9659258262890683,-0.25881904510252063,1,43.5150496033749,39.92836531073705,50.00676653406891,24.65086956521739,68.57478260869566,64.1,train
2535,MOD-PM-00884,2025-12-18T08:00:00Z,2025-12-18,8,Harmattan,0.8660254037844387,-0.49999999999999983,1,42.80121000599298,39.474104806329315,47.38069512525084,27.792444444444445,62.53844444444445,46.336666666666666,train
2536,MOD-PM-00884,2025-12-18T15:00:00Z,2025-12-18,15,Harmattan,-0.7071067811865471,-0.7071067811865479,1,41.35290833819125,36.366140759771994,51.6482368971778,39.63,30.16096153846154,43.95333333333333,train
2537,MOD-00077,2026-01-23T18:00:00Z,2026-01-23,18,Harmattan,-1,-1.8369701987210297e-16,1,208.72516666666667,205.978,218.74066666666667,30.153333333333332,21.656666666666663,57.7,test
2538,MOD-00077,2026-01-23T19:00:00Z,2026-01-23,19,Harmattan,-0.9659258262890684,0.2588190451025203,1,218.51783333333333,216.031,227.8055,28.823333333333338,22.498333333333335,70.09833333333333,test
2539,MOD-00077,2026-01-23T20:00:00Z,2026-01-23,20,Harmattan,-0.8660254037844386,0.5000000000000001,1,184.0725,181.86016666666663,194.46716666666663,28.346666666666668,21.23,77.16333333333333,test
2540,MOD-00077,2026-01-23T21:00:00Z,2026-01-23,21,Harmattan,-0.7071067811865477,0.7071067811865474,1,159.60483333333335,157.61483333333334,169.5175,28.1,20.761666666666667,64.69333333333333,test
2541,MOD-00077,2026-01-23T22:00:00Z,2026-01-23,22,Harmattan,-0.5000000000000004,0.8660254037844384,1,170.10866666666666,168.03116666666668,179.46733333333333,27.1,21.305,57.80166666666667,test
2542,MOD-00077,2026-01-23T23:00:00Z,2026-01-23,23,Harmattan,-0.25881904510252157,0.9659258262890681,1,135.13898305084746,133.15372881355933,146.51457627118643,26.888333333333332,18.768333333333334,60.46610169491525,test
2543,MOD-00077,2026-01-24T00:00:00Z,2026-01-24,0,Harmattan,0,1,1,117.7585,116.096,127.50966666666666,27.963333333333335,14.74,47.373333333333335,train
2544,MOD-00077,2026-01-24T01:00:00Z,2026-01-24,1,Harmattan,0.25881904510252074,0.9659258262890683,1,94.9415,93.57616666666668,101.72233333333334,27.376666666666665,13.888333333333334,35.675,train
2545,MOD-00077,2026-01-24T02:00:00Z,2026-01-24,2,Harmattan,0.49999999999999994,0.8660254037844387,1,91.0055,89.87933333333334,96.434,26.34166666666667,13.896666666666668,28.625,train
2546,MOD-00077,2026-01-24T03:00:00Z,2026-01-24,3,Harmattan,0.7071067811865475,0.7071067811865476,1,89.65576271186441,88.71322033898305,94.63491525423728,25.696666666666665,13.595,27.221666666666668,train
2547,MOD-00077,2026-01-24T04:00:00Z,2026-01-24,4,Harmattan,0.8660254037844386,0.5000000000000001,1,98.21983050847456,97.34796610169492,102.62322033898305,25.298333333333332,13.69,26.366666666666667,train
2548,MOD-00077,2026-01-24T05:00:00Z,2026-01-24,5,Harmattan,0.9659258262890683,0.25881904510252074,1,93.11777777777776,92.20814814814815,95.98296296296296,24.178333333333335,14.198333333333334,28.688333333333333,train
2549,MOD-00077,2026-01-24T06:00:00Z,2026-01-24,6,Harmattan,1,6.123233995736766e-17,1,94.6735593220339,93.25915254237287,103.77677966101696,23.475,15.736666666666666,27.925,train
2550,MOD-00077,2026-01-24T07:00:00Z,2026-01-24,7,Harmattan,0.9659258262890683,-0.25881904510252063,1,115.38333333333334,113.96666666666668,123.11966666666667,24.731666666666666,18.446666666666665,30.77166666666667,train
2551,MOD-00077,2026-01-24T10:00:00Z,2026-01-24,10,Harmattan,0.49999999999999994,-0.8660254037844387,1,145.62274509803922,144.2998039215686,151.84058823529412,37.37166666666667,9.81,29.08,train
2552,MOD-00077,2026-01-24T11:00:00Z,2026-01-24,11,Harmattan,0.258819045102521,-0.9659258262890682,1,206.04392857142855,204.76589285714283,212.3917857142857,39.425,8.71,29.346666666666668,train
2553,MOD-00077,2026-01-24T12:00:00Z,2026-01-24,12,Harmattan,1.2246467991473532e-16,-1,1,122.16891304347826,121.12260869565218,125.20652173913044,40.42372881355932,8.538983050847458,35.31,train
2554,MOD-00077,2026-01-24T13:00:00Z,2026-01-24,13,Harmattan,-0.2588190451025208,-0.9659258262890683,1,106.18346153846154,105.02903846153846,112.55557692307691,40.62166666666667,8.441666666666666,21.576666666666668,train
2555,MOD-00077,2026-01-24T16:00:00Z,2026-01-24,16,Harmattan,-0.8660254037844384,-0.5000000000000004,1,197.4686,196.224,201.9432,39.18333333333333,9.546666666666669,28.11,train
2556,MOD-00077,2026-01-24T17:00:00Z,2026-01-24,17,Harmattan,-0.9659258262890683,-0.25881904510252063,1,189.10383333333337,186.9845,196.745,36.111666666666665,11.82,32.86,train
2557,MOD-00077,2026-01-24T18:00:00Z,2026-01-24,18,Harmattan,-1,-1.8369701987210297e-16,1,200.96583333333336,198.62416666666667,210.3185,31.143333333333334,15.1,39.59833333333333,train
2558,MOD-00077,2026-01-24T19:00:00Z,2026-01-24,19,Harmattan,-0.9659258262890684,0.2588190451025203,1,223.79036363636365,221.81181818181815,233.30745454545453,29.583333333333332,14.858333333333333,50.555,train
2559,MOD-00077,2026-01-24T20:00:00Z,2026-01-24,20,Harmattan,-0.8660254037844386,0.5000000000000001,1,252.0994827586207,250.16689655172416,260.2756896551724,29.448333333333338,15.366666666666667,52.053333333333335,train
2560,MOD-00077,2026-01-25T06:00:00Z,2026-01-25,6,Harmattan,1,6.123233995736766e-17,1,115.50255319148935,113.91978723404256,123.89425531914894,24.845,14.285,36.90833333333333,train
2561,MOD-00077,2026-01-25T07:00:00Z,2026-01-25,7,Harmattan,0.9659258262890683,-0.25881904510252063,1,112.31266666666669,110.77288888888889,122.60666666666668,26.891666666666666,13.711666666666666,33.95333333333333,train
2562,MOD-00077,2026-01-25T11:00:00Z,2026-01-25,11,Harmattan,0.258819045102521,-0.9659258262890682,1,66.47297872340425,64.99127659574468,76.05936170212766,39.489830508474576,8.084745762711865,20.938333333333333,train
2563,MOD-00077,2026-01-25T12:00:00Z,2026-01-25,12,Harmattan,1.2246467991473532e-16,-1,1,65.72020833333333,64.38395833333334,72.83291666666666,40.528333333333336,7.748333333333333,14.411666666666669,train
2564,MOD-00077,2026-01-25T18:00:00Z,2026-01-25,18,Harmattan,-1,-1.8369701987210297e-16,1,324.59944444444443,323.14722222222224,334.12814814814817,32.498333333333335,9.826666666666666,50.14833333333333,train
2565,MOD-00077,2026-01-25T19:00:00Z,2026-01-25,19,Harmattan,-0.9659258262890684,0.2588190451025203,1,164.0845,162.624,173.24316666666667,30.566666666666663,10.593333333333334,68.84666666666666,train
2566,MOD-00077,2026-01-26T18:00:00Z,2026-01-26,18,Harmattan,-1,-1.8369701987210297e-16,1,199.57755102040815,197.4116326530612,214.30061224489796,32.108333333333334,12.258333333333333,29.09166666666667,train
2567,MOD-00077,2026-01-26T19:00:00Z,2026-01-26,19,Harmattan,-0.9659258262890684,0.2588190451025203,1,143.67655172413794,141.31706896551725,158.01103448275862,30.926666666666662,12.48,43.75,train
2568,MOD-00077,2026-01-26T20:00:00Z,2026-01-26,20,Harmattan,-0.8660254037844386,0.5000000000000001,1,135.6173333333333,133.14216666666667,148.84133333333332,30.878333333333337,12.548333333333334,37.55833333333333,train
2569,MOD-00077,2026-01-26T21:00:00Z,2026-01-26,21,Harmattan,-0.7071067811865477,0.7071067811865474,1,134.64583333333334,132.14383333333333,146.07716666666667,30.28,12.998333333333331,39.62,train
2570,MOD-00077,2026-01-26T22:00:00Z,2026-01-26,22,Harmattan,-0.5000000000000004,0.8660254037844384,1,101.76566666666666,99.48533333333332,111.10216666666666,29.665,13.25,43.776666666666664,train
2571,MOD-00077,2026-01-26T23:00:00Z,2026-01-26,23,Harmattan,-0.25881904510252157,0.9659258262890681,1,141.55066666666667,139.114,152.66083333333333,29.503333333333337,13.505,37.722033898305085,train
2572,MOD-00077,2026-01-27T00:00:00Z,2026-01-27,0,Harmattan,0,1,1,162.239,159.4358333333333,172.14183333333332,28.856666666666666,14.545,45.995,train
2573,MOD-00077,2026-01-27T01:00:00Z,2026-01-27,1,Harmattan,0.25881904510252074,0.9659258262890683,1,139.9635,136.46733333333333,151.5575,27.951666666666668,14.668333333333331,60.723333333333336,train
2574,MOD-00077,2026-01-27T02:00:00Z,2026-01-27,2,Harmattan,0.49999999999999994,0.8660254037844387,1,121.83066666666669,118.529,130.36483333333334,27.135,15.2,63.495,train
2575,MOD-00077,2026-01-27T03:00:00Z,2026-01-27,3,Harmattan,0.7071067811865475,0.7071067811865476,1,105.45433333333334,102.01333333333334,115.22966666666667,26.345,15.388333333333334,61.62,train
2576,MOD-00077,2026-01-27T04:00:00Z,2026-01-27,4,Harmattan,0.8660254037844386,0.5000000000000001,1,103.37016666666666,99.87716666666668,112.48166666666668,25.761666666666667,15.388333333333334,61.36833333333333,train
2577,MOD-00077,2026-01-27T05:00:00Z,2026-01-27,5,Harmattan,0.9659258262890683,0.25881904510252074,1,114.26283333333332,110.60216666666666,124.6325,24.795,15.735,62.306666666666665,train
2578,MOD-00077,2026-01-27T06:00:00Z,2026-01-27,6,Harmattan,1,6.123233995736766e-17,1,132.11883333333333,128.194,144.1705,23.986666666666668,15.943333333333332,66.86833333333334,train
2579,MOD-00077,2026-01-27T07:00:00Z,2026-01-27,7,Harmattan,0.9659258262890683,-0.25881904510252063,1,121.21566666666666,117.57333333333334,131.38383333333334,25.37,15.49,73.975,train
2580,MOD-00077,2026-01-27T08:00:00Z,2026-01-27,8,Harmattan,0.8660254037844387,-0.49999999999999983,1,108.56145833333332,105.543125,117.04291666666668,29.916666666666668,13.193333333333332,66.38,train
2581,MOD-00077,2026-01-27T10:00:00Z,2026-01-27,10,Harmattan,0.49999999999999994,-0.8660254037844387,1,136.3712068965517,133.9915517241379,142.03913793103447,37.18833333333333,10.005,45.928333333333335,train
2582,MOD-00077,2026-01-27T11:00:00Z,2026-01-27,11,Harmattan,0.258819045102521,-0.9659258262890682,1,133.8935593220339,131.60186440677967,140.1442372881356,39.875,11.273333333333332,50.67333333333333,train
2583,MOD-00077,2026-01-27T12:00:00Z,2026-01-27,12,Harmattan,1.2246467991473532e-16,-1,1,162.12237288135594,159.88457627118643,171.2328813559322,40.733333333333334,10.92,45.64666666666667,train
2584,MOD-00077,2026-01-27T13:00:00Z,2026-01-27,13,Harmattan,-0.2588190451025208,-0.9659258262890683,1,146.51766666666666,144.24516666666668,153.33833333333334,42.016666666666666,10.41,47.62833333333333,train
2585,MOD-00077,2026-01-27T14:00:00Z,2026-01-27,14,Harmattan,-0.4999999999999998,-0.8660254037844388,1,149.6457627118644,147.56881355932202,155.91406779661017,43.03050847457627,10,45.63166666666667,train
2586,MOD-00077,2026-01-27T15:00:00Z,2026-01-27,15,Harmattan,-0.7071067811865471,-0.7071067811865479,1,133.04066666666665,130.84366666666668,139.85583333333332,42.901666666666664,9.773333333333332,43.55,train
2587,MOD-00077,2026-01-27T16:00:00Z,2026-01-27,16,Harmattan,-0.8660254037844384,-0.5000000000000004,1,140.5195,138.43466666666666,149.5761666666667,40.995,11.076666666666666,40.458333333333336,train
2588,MOD-00077,2026-01-27T17:00:00Z,2026-01-27,17,Harmattan,-0.9659258262890683,-0.25881904510252063,1,196.456,193.19366666666667,206.85016666666667,36.211666666666666,17.461666666666666,41.986666666666665,train
2589,MOD-00077,2026-01-27T18:00:00Z,2026-01-27,18,Harmattan,-1,-1.8369701987210297e-16,1,264.15833333333336,260.6911666666667,275.8578333333333,31.268333333333334,18.275,62.998333333333335,train
2590,MOD-00077,2026-01-27T19:00:00Z,2026-01-27,19,Harmattan,-0.9659258262890684,0.2588190451025203,1,268.366,265.5536666666667,278.2755,29.695,19.59,82.89166666666667,train
2591,MOD-00077,2026-01-27T20:00:00Z,2026-01-27,20,Harmattan,-0.8660254037844386,0.5000000000000001,1,269.22383333333335,266.71183333333335,278.4685,28.673333333333332,18.39666666666667,82.71166666666667,train
2592,MOD-00077,2026-01-27T21:00:00Z,2026-01-27,21,Harmattan,-0.7071067811865477,0.7071067811865474,1,168.12183333333334,165.8385,176.83583333333334,28.166666666666668,17.061666666666667,80.76833333333333,train
2593,MOD-00077,2026-01-27T22:00:00Z,2026-01-27,22,Harmattan,-0.5000000000000004,0.8660254037844384,1,210.73283333333333,208.028,221.26666666666665,27.796666666666667,20.018333333333334,58.36333333333334,train
2594,MOD-00077,2026-01-27T23:00:00Z,2026-01-27,23,Harmattan,-0.25881904510252157,0.9659258262890681,1,156.59366666666668,154.399,163.61033333333333,26.93,19.083333333333332,74.095,train
2595,MOD-00077,2026-01-28T00:00:00Z,2026-01-28,0,Harmattan,0,1,1,116.58383333333332,114.58366666666667,124.68833333333332,26.121666666666663,17.821666666666665,56.605,train
2596,MOD-00077,2026-01-28T01:00:00Z,2026-01-28,1,Harmattan,0.25881904510252074,0.9659258262890683,1,159.47833333333332,157.49383333333333,167.2435,25.09,21.143333333333334,44.3,train
2597,MOD-00077,2026-01-28T02:00:00Z,2026-01-28,2,Harmattan,0.49999999999999994,0.8660254037844387,1,181.3565,179.40116666666663,191.47783333333336,24.341666666666665,20.686666666666667,57.656666666666666,train
2598,MOD-00077,2026-01-28T03:00:00Z,2026-01-28,3,Harmattan,0.7071067811865475,0.7071067811865476,1,197.5020338983051,195.41610169491528,204.54525423728813,24.211666666666662,22.125,63.04666666666667,train
2599,MOD-00077,2026-01-28T04:00:00Z,2026-01-28,4,Harmattan,0.8660254037844386,0.5000000000000001,1,195.41266666666667,193.32083333333333,204.318,23.445,29.793333333333333,69.62833333333333,train
2600,MOD-00077,2026-01-28T05:00:00Z,2026-01-28,5,Harmattan,0.9659258262890683,0.25881904510252074,1,182.92116666666664,180.82666666666665,191.87866666666667,22.966666666666665,32.41166666666667,75.745,train
2601,MOD-00077,2026-01-28T06:00:00Z,2026-01-28,6,Harmattan,1,6.123233995736766e-17,1,169.59216666666666,167.33133333333333,179.737,22.931666666666665,34.93,74.59166666666667,train
2602,MOD-00077,2026-01-28T07:00:00Z,2026-01-28,7,Harmattan,0.9659258262890683,-0.25881904510252063,1,155.968,153.60133333333334,166.2715,24.218333333333337,38.401666666666664,72.505,train
2603,MOD-00077,2026-01-28T08:00:00Z,2026-01-28,8,Harmattan,0.8660254037844387,-0.49999999999999983,1,133.79186440677967,130.7664406779661,146.26983050847457,29.82,28.53,72,train
2604,MOD-00077,2026-01-28T09:00:00Z,2026-01-28,9,Harmattan,0.7071067811865476,-0.7071067811865475,1,128.28466666666668,124.77483333333332,137.10716666666667,34.43333333333333,21.691666666666663,65.09,train
2605,MOD-00077,2026-01-28T10:00:00Z,2026-01-28,10,Harmattan,0.49999999999999994,-0.8660254037844387,1,145.09866666666667,141.336,155.47266666666667,37.325,17.291666666666668,67.715,train
2606,MOD-00077,2026-01-28T11:00:00Z,2026-01-28,11,Harmattan,0.258819045102521,-0.9659258262890682,1,159.89083333333335,155.5765,173.2005,39.586666666666666,13.46,71.32,train
2607,MOD-00077,2026-01-28T12:00:00Z,2026-01-28,12,Harmattan,1.2246467991473532e-16,-1,1,174.68283333333332,170.79766666666666,188.708,40.45166666666667,13.936666666666667,73.65789473684211,train
2608,MOD-00077,2026-01-28T13:00:00Z,2026-01-28,13,Harmattan,-0.2588190451025208,-0.9659258262890683,1,177.68389830508474,174.2157627118644,192.2664406779661,39.8864406779661,15.623728813559325,65.00166666666667,train
2609,MOD-00077,2026-01-28T14:00:00Z,2026-01-28,14,Harmattan,-0.4999999999999998,-0.8660254037844388,1,176.07916666666665,173.03266666666667,188.88233333333335,40.07333333333333,15.965,58.15,train
2610,MOD-00077,2026-01-28T15:00:00Z,2026-01-28,15,Harmattan,-0.7071067811865471,-0.7071067811865479,1,188.72,185.41433333333333,198.50716666666668,39.43333333333333,15.92,55.79333333333334,train
2611,MOD-00077,2026-01-28T16:00:00Z,2026-01-28,16,Harmattan,-0.8660254037844384,-0.5000000000000004,1,199.2825,195.5761666666667,212.55366666666663,38.09166666666667,16.993333333333332,59.11864406779661,train
2612,MOD-00077,2026-01-28T17:00:00Z,2026-01-28,17,Harmattan,-0.9659258262890683,-0.25881904510252063,1,238.1265,233.27,257.07616666666667,34.83,21.808333333333337,63.96,train
2613,MOD-00077,2026-01-28T18:00:00Z,2026-01-28,18,Harmattan,-1,-1.8369701987210297e-16,1,303.8073333333333,297.9771666666667,322.1485,30.695,27.113333333333333,84.15333333333334,train
2614,MOD-00077,2026-01-28T19:00:00Z,2026-01-28,19,Harmattan,-0.9659258262890684,0.2588190451025203,1,313.3755,308.63416666666666,329.32783333333333,29.82,29.52166666666667,111.65166666666669,train
2615,MOD-00077,2026-01-28T20:00:00Z,2026-01-28,20,Harmattan,-0.8660254037844386,0.5000000000000001,1,226.34733333333332,222.786,236.80666666666667,29.691666666666663,28.315,107.43,train
2616,MOD-00077,2026-01-28T21:00:00Z,2026-01-28,21,Harmattan,-0.7071067811865477,0.7071067811865474,1,199.3201666666667,196.5405,208.9685,29.27,29.08,81.50666666666666,train
2617,MOD-00077,2026-01-28T22:00:00Z,2026-01-28,22,Harmattan,-0.5000000000000004,0.8660254037844384,1,230.9015,227.839,242.40116666666663,28.608333333333334,32.50833333333333,74.0578947368421,train
2618,MOD-00077,2026-01-28T23:00:00Z,2026-01-28,23,Harmattan,-0.25881904510252157,0.9659258262890681,1,196.299,193.793,204.54433333333333,28.041666666666668,33.09166666666667,83.35892857142856,train
2619,MOD-00077,2026-01-29T00:00:00Z,2026-01-29,0,Harmattan,0,1,1,166.08433333333332,164.1855,173.57533333333333,26.638333333333332,43.56,71.70666666666666,train
2620,MOD-00077,2026-01-29T01:00:00Z,2026-01-29,1,Harmattan,0.25881904510252074,0.9659258262890683,1,124.20683333333334,122.71116666666668,130.03033333333337,26.08,53.568333333333335,68.355,train
2621,MOD-00077,2026-01-29T02:00:00Z,2026-01-29,2,Harmattan,0.49999999999999994,0.8660254037844387,1,99.123,98.03583333333331,103.188,25.56,62.14666666666667,54.473333333333336,train
2622,MOD-00077,2026-01-29T03:00:00Z,2026-01-29,3,Harmattan,0.7071067811865475,0.7071067811865476,1,93.5465,92.49233333333332,98.03366666666666,24.95,65.49166666666667,43.93333333333333,train
2623,MOD-00077,2026-01-29T04:00:00Z,2026-01-29,4,Harmattan,0.8660254037844386,0.5000000000000001,1,93.84216666666669,92.80683333333332,97.83033333333331,23.766666666666666,68.87166666666667,44.055,train
2624,MOD-00077,2026-01-29T05:00:00Z,2026-01-29,5,Harmattan,0.9659258262890683,0.25881904510252074,1,100.12683333333334,98.97683333333332,104.86816666666668,23.076666666666668,70.70166666666667,48.2,train
2625,MOD-00077,2026-01-29T06:00:00Z,2026-01-29,6,Harmattan,1,6.123233995736766e-17,1,89.14116666666666,87.99933333333334,94.298,23.493333333333332,72.47333333333333,52.245,train
2626,MOD-00077,2026-01-29T07:00:00Z,2026-01-29,7,Harmattan,0.9659258262890683,-0.25881904510252063,1,95.138,94.009,99.718,24.94,69.78666666666666,46.48166666666667,train
2627,MOD-00077,2026-01-29T08:00:00Z,2026-01-29,8,Harmattan,0.8660254037844387,-0.49999999999999983,1,98.47933333333332,97.476,101.49716666666669,28.866666666666667,61.91833333333334,46.13,train
2628,MOD-00077,2026-01-29T09:00:00Z,2026-01-29,9,Harmattan,0.7071067811865476,-0.7071067811865475,1,105.98516666666669,104.8415,109.585,32.821666666666665,49.928333333333335,39.565,train
2629,MOD-00077,2026-01-29T10:00:00Z,2026-01-29,10,Harmattan,0.49999999999999994,-0.8660254037844387,1,107.54566666666666,105.71933333333334,112.792,35.675,34.24166666666667,37.166666666666664,train
2630,MOD-00077,2026-01-29T11:00:00Z,2026-01-29,11,Harmattan,0.258819045102521,-0.9659258262890682,1,103.9645,101.61466666666666,109.07283333333334,38.76,25.186666666666667,43.94,train
2631,MOD-00077,2026-01-29T12:00:00Z,2026-01-29,12,Harmattan,1.2246467991473532e-16,-1,1,124.06733333333334,121.36116666666666,132.75216666666665,39.73166666666667,21.985,50.22,train
2632,MOD-00077,2026-01-29T13:00:00Z,2026-01-29,13,Harmattan,-0.2588190451025208,-0.9659258262890683,1,112.8625,109.34933333333332,121.99166666666666,41.87,14.77,56.51,train
2633,MOD-00077,2026-01-29T14:00:00Z,2026-01-29,14,Harmattan,-0.4999999999999998,-0.8660254037844388,1,128.96916666666667,125.50466666666668,141.99333333333334,42.955,12.56,61.208333333333336,train
2634,MOD-00077,2026-01-29T15:00:00Z,2026-01-29,15,Harmattan,-0.7071067811865471,-0.7071067811865479,1,127.8664406779661,124.65966101694914,139.86542372881357,41.8864406779661,12.569491525423729,63.55833333333333,train
2635,MOD-00077,2026-01-29T16:00:00Z,2026-01-29,16,Harmattan,-0.8660254037844384,-0.5000000000000004,1,120.42783333333334,116.9815,131.03733333333332,40.27166666666667,12.956666666666669,65.84166666666667,train
2636,MOD-00077,2026-01-29T17:00:00Z,2026-01-29,17,Harmattan,-0.9659258262890683,-0.25881904510252063,1,162.76933333333332,158.40783333333334,177.37,36.82666666666667,16.046666666666667,68.15333333333334,train
2637,MOD-00077,2026-01-29T18:00:00Z,2026-01-29,18,Harmattan,-1,-1.8369701987210297e-16,1,199.53433333333336,195.04616666666664,213.84416666666667,31.683333333333337,19.348333333333333,83.99666666666667,train
2638,MOD-00077,2026-01-29T19:00:00Z,2026-01-29,19,Harmattan,-0.9659258262890684,0.2588190451025203,1,264.63416666666666,260.28116666666665,279.8618333333333,30.325,19.823333333333338,98.715,train
2639,MOD-00077,2026-01-29T20:00:00Z,2026-01-29,20,Harmattan,-0.8660254037844386,0.5000000000000001,1,210.54916666666668,206.63066666666663,222.79083333333332,29.96333333333333,20.885,113.58,train
2640,MOD-00077,2026-01-29T21:00:00Z,2026-01-29,21,Harmattan,-0.7071067811865477,0.7071067811865474,1,226.278,222.38616666666667,239.36266666666663,29.173333333333332,23.511666666666667,97.79833333333332,train
2641,MOD-00077,2026-01-29T22:00:00Z,2026-01-29,22,Harmattan,-0.5000000000000004,0.8660254037844384,1,176.61116666666666,173.105,188.047,28.78,23.371666666666663,101.85333333333334,train
2642,MOD-00077,2026-01-29T23:00:00Z,2026-01-29,23,Harmattan,-0.25881904510252157,0.9659258262890681,1,196.44783333333336,192.86683333333335,207.86716666666663,27.548333333333332,26.218333333333337,86.97,train
2643,MOD-00077,2026-01-30T00:00:00Z,2026-01-30,0,Harmattan,0,1,1,202.44116666666667,198.9238333333333,213.037,27.165,23.675,97.805,train
2644,MOD-00077,2026-01-30T01:00:00Z,2026-01-30,1,Harmattan,0.25881904510252074,0.9659258262890683,1,192.33883333333333,188.96833333333333,203.06216666666663,26.753333333333337,23.493333333333332,95.91666666666669,train
2645,MOD-00077,2026-01-30T02:00:00Z,2026-01-30,2,Harmattan,0.49999999999999994,0.8660254037844387,1,164.6065,161.717,174.29566666666668,26.136666666666667,28.261666666666667,92.75833333333333,train
2646,MOD-00077,2026-01-30T03:00:00Z,2026-01-30,3,Harmattan,0.7071067811865475,0.7071067811865476,1,121.521,119.08416666666666,129.41966666666667,25.26,41.913333333333334,84.79166666666667,train
2647,MOD-00077,2026-01-30T04:00:00Z,2026-01-30,4,Harmattan,0.8660254037844386,0.5000000000000001,1,116.02733333333332,113.74133333333332,124.6935,24.583333333333332,45.29,67.37,train
2648,MOD-00077,2026-01-30T05:00:00Z,2026-01-30,5,Harmattan,0.9659258262890683,0.25881904510252074,1,86.99033333333334,85.9065,91.58683333333332,24.256666666666668,73.08,65.605,train
2649,MOD-00077,2026-01-30T06:00:00Z,2026-01-30,6,Harmattan,1,6.123233995736766e-17,1,73.74,72.87383333333334,76.86383333333333,23.971666666666668,79.91,46.88,train
2650,MOD-00077,2026-01-30T07:00:00Z,2026-01-30,7,Harmattan,0.9659258262890683,-0.25881904510252063,1,86.38466666666666,85.60083333333333,89.36916666666667,25.243333333333332,78.83500000000001,39.26,train
2651,MOD-00077,2026-01-30T08:00:00Z,2026-01-30,8,Harmattan,0.8660254037844387,-0.49999999999999983,1,97.14383333333332,96.34533333333331,99.8675,29.106666666666666,65.50666666666666,39.405,train
2652,MOD-00077,2026-01-30T09:00:00Z,2026-01-30,9,Harmattan,0.7071067811865476,-0.7071067811865475,1,104.848,103.7635,107.94583333333334,33.67,47.31166666666667,37.56166666666667,train
2653,MOD-00077,2026-01-30T10:00:00Z,2026-01-30,10,Harmattan,0.49999999999999994,-0.8660254037844387,1,94.58533333333334,92.78783333333334,100.03866666666669,37.81,27.813333333333333,37.663333333333334,train
2654,MOD-00077,2026-01-30T11:00:00Z,2026-01-30,11,Harmattan,0.258819045102521,-0.9659258262890682,1,84.65816666666667,82.4895,90.70433333333334,40.608333333333334,15.343333333333334,40.498333333333335,train
2655,MOD-00077,2026-01-30T12:00:00Z,2026-01-30,12,Harmattan,1.2246467991473532e-16,-1,1,89.897,87.513,101.34166666666668,41.835,12.04,40.89,train
2656,MOD-00077,2026-01-30T13:00:00Z,2026-01-30,13,Harmattan,-0.2588190451025208,-0.9659258262890683,1,86.09084745762712,83.53118644067797,91.9049152542373,43.37457627118644,9.467796610169492,43.32333333333333,train
2657,MOD-00077,2026-01-30T14:00:00Z,2026-01-30,14,Harmattan,-0.4999999999999998,-0.8660254037844388,1,87.25233333333334,84.78666666666666,94.04366666666668,44.14333333333333,8.755,44.12166666666667,train
2658,MOD-00077,2026-01-30T15:00:00Z,2026-01-30,15,Harmattan,-0.7071067811865471,-0.7071067811865479,1,86.5905,83.9525,95.361,43.47333333333333,8.886666666666667,44.25666666666667,train
2659,MOD-00077,2026-01-30T16:00:00Z,2026-01-30,16,Harmattan,-0.8660254037844384,-0.5000000000000004,1,91.312,88.78283333333333,99.0125,42.318333333333335,9.925,43.65,train
2660,MOD-00077,2026-01-30T17:00:00Z,2026-01-30,17,Harmattan,-0.9659258262890683,-0.25881904510252063,1,104.28283333333331,101.3815,113.76033333333334,37.58166666666666,16.178333333333335,44.84166666666667,train
2661,MOD-00077,2026-01-30T18:00:00Z,2026-01-30,18,Harmattan,-1,-1.8369701987210297e-16,1,134.14633333333333,130.31016666666667,146.07033333333334,31.4,17.073333333333334,53.455,train
2662,MOD-00077,2026-01-30T19:00:00Z,2026-01-30,19,Harmattan,-0.9659258262890684,0.2588190451025203,1,252.37533333333337,247.42933333333335,268.8745,29.356666666666666,20.323333333333338,66.64333333333333,train
2663,MOD-00077,2026-01-30T20:00:00Z,2026-01-30,20,Harmattan,-0.8660254037844386,0.5000000000000001,1,572.4153333333334,567.8723333333334,585.3838333333333,28.64,23.31833333333333,103.57666666666668,train
2664,MOD-00077,2026-01-30T21:00:00Z,2026-01-30,21,Harmattan,-0.7071067811865477,0.7071067811865474,1,595.0456666666666,590.8498333333333,607.6345,28.176666666666662,23.108333333333334,189.58166666666668,train
2665,MOD-00077,2026-01-30T22:00:00Z,2026-01-30,22,Harmattan,-0.5000000000000004,0.8660254037844384,1,148.05033333333333,144.96883333333332,158.10466666666667,28.34,20.281666666666663,203.12166666666667,train
2666,MOD-00077,2026-01-30T23:00:00Z,2026-01-30,23,Harmattan,-0.25881904510252157,0.9659258262890681,1,138.28483333333332,135.5435,148.81533333333334,28.41,29.188333333333333,68.27833333333334,train
2667,MOD-00077,2026-01-31T00:00:00Z,2026-01-31,0,Harmattan,0,1,1,114.477,112.43383333333334,121.83416666666666,27.545,43.17166666666667,61.79666666666667,train
2668,MOD-00077,2026-01-31T01:00:00Z,2026-01-31,1,Harmattan,0.25881904510252074,0.9659258262890683,1,107.48883333333332,105.70933333333332,114.428,27.501666666666665,48.888333333333335,54.42333333333333,train
2669,MOD-00077,2026-01-31T02:00:00Z,2026-01-31,2,Harmattan,0.49999999999999994,0.8660254037844387,1,105.72133333333332,104.06516666666668,111.6205,26.693333333333335,53.318333333333335,52.45166666666667,train
2670,MOD-00077,2026-01-31T03:00:00Z,2026-01-31,3,Harmattan,0.7071067811865475,0.7071067811865476,1,100.67316666666666,99.27733333333332,105.19216666666668,26.043333333333333,59.415,52.53666666666667,train
2671,MOD-00077,2026-01-31T04:00:00Z,2026-01-31,4,Harmattan,0.8660254037844386,0.5000000000000001,1,97.2965,96.13633333333334,101.39816666666668,24.273333333333333,65.85,50.945,train
2672,MOD-00077,2026-01-31T05:00:00Z,2026-01-31,5,Harmattan,0.9659258262890683,0.25881904510252074,1,109.50883333333331,108.279,113.07,22.001666666666665,70.585,53.35,train
2673,MOD-00077,2026-01-31T06:00:00Z,2026-01-31,6,Harmattan,1,6.123233995736766e-17,1,77.44066666666667,76.56866666666667,80.74766666666666,22.035,84.45333333333333,64.8,train
2674,MOD-00077,2026-01-31T07:00:00Z,2026-01-31,7,Harmattan,0.9659258262890683,-0.25881904510252063,1,83.48916666666666,82.662,85.5175,24.27,81.87833333333333,52.89333333333333,train
2675,MOD-00077,2026-01-31T08:00:00Z,2026-01-31,8,Harmattan,0.8660254037844387,-0.49999999999999983,1,101.21866666666666,100.382,103.73266666666666,28.113333333333333,70.20833333333333,47.145,train
2676,MOD-00077,2026-01-31T09:00:00Z,2026-01-31,9,Harmattan,0.7071067811865476,-0.7071067811865475,1,106.63116666666669,105.74766666666666,109.5195,31.995,58.80166666666667,40.98166666666667,train
2677,MOD-00077,2026-01-31T10:00:00Z,2026-01-31,10,Harmattan,0.49999999999999994,-0.8660254037844387,1,109.80633333333331,108.897,112.3525,34.45,51.583333333333336,34.36666666666667,train
2678,MOD-00077,2026-01-31T11:00:00Z,2026-01-31,11,Harmattan,0.258819045102521,-0.9659258262890682,1,119.00383333333332,118.1505,121.42116666666666,35.82,47.25333333333333,32.388333333333335,train
2679,MOD-00077,2026-01-31T12:00:00Z,2026-01-31,12,Harmattan,1.2246467991473532e-16,-1,1,110.36633333333332,109.44466666666666,112.6605,37.038333333333334,40.711666666666666,32.32666666666667,train
2680,MOD-00077,2026-01-31T13:00:00Z,2026-01-31,13,Harmattan,-0.2588190451025208,-0.9659258262890683,1,103.4575,102.19916666666668,106.45633333333332,38.861666666666665,31.34,31.188333333333333,train
2681,MOD-00077,2026-01-31T14:00:00Z,2026-01-31,14,Harmattan,-0.4999999999999998,-0.8660254037844388,1,106.99406779661015,105.7364406779661,110.30813559322034,41.227118644067794,26.857627118644068,33.205,train
2682,MOD-00077,2026-01-31T15:00:00Z,2026-01-31,15,Harmattan,-0.7071067811865471,-0.7071067811865479,1,111.125,109.61583333333331,115.44433333333332,40.763333333333335,25.963333333333335,33.76833333333333,train
2683,MOD-00077,2026-01-31T16:00:00Z,2026-01-31,16,Harmattan,-0.8660254037844384,-0.5000000000000004,1,108.96516666666666,107.33966666666667,116.22583333333333,39.99666666666667,26.5,36.20333333333333,train
2684,MOD-00077,2026-01-31T17:00:00Z,2026-01-31,17,Harmattan,-0.9659258262890683,-0.25881904510252063,1,131.19416666666666,128.87483333333333,139.66933333333333,36.906666666666666,31.633333333333333,37.975,train
2685,MOD-00077,2026-01-31T18:00:00Z,2026-01-31,18,Harmattan,-1,-1.8369701987210297e-16,1,131.60883333333334,129.64083333333335,139.66666666666666,32.598333333333336,41.513333333333335,47.50333333333333,train
2686,MOD-00077,2026-01-31T19:00:00Z,2026-01-31,19,Harmattan,-0.9659258262890684,0.2588190451025203,1,145.299,143.30266666666668,154.819,30.905,46.37833333333333,51.99333333333333,train
2687,MOD-00077,2026-01-31T20:00:00Z,2026-01-31,20,Harmattan,-0.8660254037844386,0.5000000000000001,1,124.9425,123.24566666666666,132.42066666666668,30.028333333333332,47.848333333333336,56.641666666666666,train
2688,MOD-00077,2026-01-31T21:00:00Z,2026-01-31,21,Harmattan,-0.7071067811865477,0.7071067811865474,1,113.95533333333331,112.55233333333334,120.41266666666668,29.985,49.555,51.89,train
2689,MOD-00077,2026-01-31T22:00:00Z,2026-01-31,22,Harmattan,-0.5000000000000004,0.8660254037844384,1,113.40133333333334,111.935,119.00233333333333,29.391666666666666,53.13333333333333,47.041666666666664,train
2690,MOD-00077,2026-01-31T23:00:00Z,2026-01-31,23,Harmattan,-0.25881904510252157,0.9659258262890681,1,106.35316666666668,105.14766666666668,110.20366666666666,29.076666666666668,54.80833333333334,49.46333333333333,train
2691,MOD-00077,2026-02-01T00:00:00Z,2026-02-01,0,Harmattan,0,1,1,96.00983333333332,94.8855,99.959,28.695,55.73,45.333333333333336,train
2692,MOD-00077,2026-02-01T01:00:00Z,2026-02-01,1,Harmattan,0.25881904510252074,0.9659258262890683,1,97.1315,96.1095,100.75966666666666,28.133333333333333,58.74166666666667,41.91833333333334,train
2693,MOD-00077,2026-02-01T02:00:00Z,2026-02-01,2,Harmattan,0.49999999999999994,0.8660254037844387,1,99.87616666666666,98.91416666666667,103.08933333333331,27.403333333333332,62.17,43.445,train
2694,MOD-00077,2026-02-01T03:00:00Z,2026-02-01,3,Harmattan,0.7071067811865475,0.7071067811865476,1,96.53316666666666,95.6395,99.7315,26.185,66.61,44.88,train
2695,MOD-00077,2026-02-01T04:00:00Z,2026-02-01,4,Harmattan,0.8660254037844386,0.5000000000000001,1,90.59533333333331,89.77783333333333,93.51883333333332,24.74,73.605,48.736666666666665,train
2696,MOD-00077,2026-02-01T05:00:00Z,2026-02-01,5,Harmattan,0.9659258262890683,0.25881904510252074,1,83.85166666666666,83.05733333333333,86.08749999999999,24.53,79.33,49.848333333333336,train
2697,MOD-00077,2026-02-01T06:00:00Z,2026-02-01,6,Harmattan,1,6.123233995736766e-17,1,66.48766666666667,65.76433333333334,68.4545,24.423333333333332,84.05333333333333,48.49166666666667,train
2698,MOD-00077,2026-02-01T07:00:00Z,2026-02-01,7,Harmattan,0.9659258262890683,-0.25881904510252063,1,67.80633333333333,67.2095,69.20366666666666,24.816666666666663,85.17166666666667,41.755,train
2699,MOD-00077,2026-02-01T08:00:00Z,2026-02-01,8,Harmattan,0.8660254037844387,-0.49999999999999983,1,77.64183333333334,77.04533333333333,78.89333333333333,26.27166666666667,81.675,39.596666666666664,train
2700,MOD-00077,2026-02-01T09:00:00Z,2026-02-01,9,Harmattan,0.7071067811865476,-0.7071067811865475,1,81.4285,80.86716666666666,82.562,27.815,75.675,35.33,train
2701,MOD-00077,2026-02-01T10:00:00Z,2026-02-01,10,Harmattan,0.49999999999999994,-0.8660254037844387,1,88.9955,88.3665,90.987,32.428333333333335,59.858333333333334,33.57,train
2702,MOD-00077,2026-02-01T11:00:00Z,2026-02-01,11,Harmattan,0.258819045102521,-0.9659258262890682,1,97.49833333333332,96.77183333333332,99.4565,36.20333333333333,48.885,31.893333333333334,train
2703,MOD-00077,2026-02-01T12:00:00Z,2026-02-01,12,Harmattan,1.2246467991473532e-16,-1,1,101.37783333333331,100.45683333333334,103.66983333333332,37.79,42.553333333333335,29.733333333333334,train
2704,MOD-00077,2026-02-01T13:00:00Z,2026-02-01,13,Harmattan,-0.2588190451025208,-0.9659258262890683,1,103.30316666666668,102.31333333333332,104.7065,39.781666666666666,37.031666666666666,32.406666666666666,train
2705,MOD-00077,2026-02-01T14:00:00Z,2026-02-01,14,Harmattan,-0.4999999999999998,-0.8660254037844388,1,110.238,109.20633333333332,113.48983333333334,40.663333333333334,34.763333333333335,34.89,train
2706,MOD-00077,2026-02-01T15:00:00Z,2026-02-01,15,Harmattan,-0.7071067811865471,-0.7071067811865479,1,114.30966101694916,113.13779661016947,119.05728813559324,40.62372881355932,33.567796610169495,35.10666666666667,train
2707,MOD-00077,2026-02-01T16:00:00Z,2026-02-01,16,Harmattan,-0.8660254037844384,-0.5000000000000004,1,112.77466666666666,111.6135,115.543,39.163333333333334,35.123333333333335,36.36833333333333,train
2708,MOD-00077,2026-02-01T17:00:00Z,2026-02-01,17,Harmattan,-0.9659258262890683,-0.25881904510252063,1,107.2955,106.113,110.1205,36.663333333333334,39.97,37.82833333333333,train
2709,MOD-00077,2026-02-01T18:00:00Z,2026-02-01,18,Harmattan,-1,-1.8369701987210297e-16,1,164.71599999999998,162.4925,173.198,32.266666666666666,49.105,40.013333333333335,train
2710,MOD-00077,2026-02-01T19:00:00Z,2026-02-01,19,Harmattan,-0.9659258262890684,0.2588190451025203,1,228.37566666666663,224.85416666666663,242.06233333333333,30.985,53.75,65.79166666666667,train
2711,MOD-00077,2026-02-01T20:00:00Z,2026-02-01,20,Harmattan,-0.8660254037844386,0.5000000000000001,1,154.22116666666668,151.34233333333333,175.9585,30.30666666666667,49.138333333333335,93.03166666666668,train
2712,MOD-00077,2026-02-01T21:00:00Z,2026-02-01,21,Harmattan,-0.7071067811865477,0.7071067811865474,1,162.18637931034482,159.23120689655173,198.4198275862069,29.08,54.25833333333333,54.45166666666667,train
2713,MOD-00077,2026-02-01T22:00:00Z,2026-02-01,22,Harmattan,-0.5000000000000004,0.8660254037844384,1,137.0228813559322,136.30610169491527,141.03169491525423,27.453333333333333,63.605,57.181666666666665,train
2714,MOD-00077,2026-02-01T23:00:00Z,2026-02-01,23,Harmattan,-0.25881904510252157,0.9659258262890681,1,124.91533333333334,124.455,125.91,27.025,65.02666666666667,48.45666666666666,train
2715,MOD-00077,2026-02-02T00:00:00Z,2026-02-02,0,Harmattan,0,1,1,125.5455,125.12433333333334,126.90016666666666,27.14,65.04166666666667,43.85,train
2716,MOD-00077,2026-02-02T01:00:00Z,2026-02-02,1,Harmattan,0.25881904510252074,0.9659258262890683,1,132.27542372881356,131.79322033898305,133.50898305084746,27.463333333333335,64.55833333333334,41.21666666666667,train
2717,MOD-00077,2026-02-02T02:00:00Z,2026-02-02,2,Harmattan,0.49999999999999994,0.8660254037844387,1,126.27383333333331,125.79383333333334,127.7075,27.263333333333332,64.05,42.23166666666667,train
2718,MOD-00077,2026-02-02T03:00:00Z,2026-02-02,3,Harmattan,0.7071067811865475,0.7071067811865476,1,111.443,111.04233333333332,111.90233333333332,27.151666666666667,64.40166666666667,42.12,train
2719,MOD-00077,2026-02-02T04:00:00Z,2026-02-02,4,Harmattan,0.8660254037844386,0.5000000000000001,1,109.2405,108.77833333333334,110.3485,26.595,63.73166666666667,41.485,train
2720,MOD-00077,2026-02-02T05:00:00Z,2026-02-02,5,Harmattan,0.9659258262890683,0.25881904510252074,1,102.03183333333334,101.26366666666668,105.06916666666666,26.203333333333333,68.38666666666667,41.335,train
2721,MOD-00077,2026-02-02T06:00:00Z,2026-02-02,6,Harmattan,1,6.123233995736766e-17,1,105.95,105.51933333333334,107.08233333333334,24.936666666666667,72.07166666666667,43.325,train
2722,MOD-00077,2026-02-02T07:00:00Z,2026-02-02,7,Harmattan,0.9659258262890683,-0.25881904510252063,1,96.73066666666666,96.29533333333332,98.11683333333332,26.066666666666663,70.335,47.598333333333336,train
2723,MOD-00077,2026-02-02T08:00:00Z,2026-02-02,8,Harmattan,0.8660254037844387,-0.49999999999999983,1,105.45533333333331,104.83733333333332,107.33783333333334,29.82,61.94166666666667,41.336666666666666,train
2724,MOD-00077,2026-02-02T09:00:00Z,2026-02-02,9,Harmattan,0.7071067811865476,-0.7071067811865475,1,111.27916666666668,110.73333333333332,112.56266666666669,34.25333333333333,50.42666666666667,38.17666666666667,train
2725,MOD-00077,2026-02-02T10:00:00Z,2026-02-02,10,Harmattan,0.49999999999999994,-0.8660254037844387,1,106.576,105.98733333333334,108.088,36.67666666666667,46.095,35.225,train
2726,MOD-00077,2026-02-02T11:00:00Z,2026-02-02,11,Harmattan,0.258819045102521,-0.9659258262890682,1,97.38316666666668,96.746,99.378,38.4,42.445,30.721666666666668,train
2727,MOD-00077,2026-02-02T12:00:00Z,2026-02-02,12,Harmattan,1.2246467991473532e-16,-1,1,104.689,103.84616666666666,107.07133333333331,39.80166666666667,38.76166666666666,28.036666666666665,train
2728,MOD-00077,2026-02-02T13:00:00Z,2026-02-02,13,Harmattan,-0.2588190451025208,-0.9659258262890683,1,118.02433333333332,117.15983333333334,120.46116666666668,40.63666666666667,36.12,31.918333333333333,train
2729,MOD-00077,2026-02-02T14:00:00Z,2026-02-02,14,Harmattan,-0.4999999999999998,-0.8660254037844388,1,109.9775,109.08016666666668,112.961,40.66166666666667,34.87166666666667,33.30166666666667,train
2730,MOD-00077,2026-02-02T15:00:00Z,2026-02-02,15,Harmattan,-0.7071067811865471,-0.7071067811865479,1,102.638,100.95,113.26516666666669,35.11,53.455,33.86,train
2731,MOD-00077,2026-02-02T16:00:00Z,2026-02-02,16,Harmattan,-0.8660254037844384,-0.5000000000000004,1,105.82466666666669,105.14666666666666,108.19383333333332,32.64333333333333,58.15,44.325,train
2732,MOD-00077,2026-02-02T17:00:00Z,2026-02-02,17,Harmattan,-0.9659258262890683,-0.25881904510252063,1,110.63633333333333,109.89116666666666,114.527,31.036666666666665,55.30166666666667,37.721666666666664,train
2733,MOD-00077,2026-02-02T18:00:00Z,2026-02-02,18,Harmattan,-1,-1.8369701987210297e-16,1,119.75066666666667,118.92016666666667,123.87783333333331,29.538333333333338,54.343333333333334,39.55833333333333,train
2734,MOD-00077,2026-02-02T19:00:00Z,2026-02-02,19,Harmattan,-0.9659258262890684,0.2588190451025203,1,106.888,106.22516666666668,110.75083333333332,28.998333333333335,58.08,38.945,train
2735,MOD-00077,2026-02-02T20:00:00Z,2026-02-02,20,Harmattan,-0.8660254037844386,0.5000000000000001,1,94.31152173913044,93.55652173913045,101.63782608695652,27.575,65.07166666666667,35.498333333333335,train
2736,MOD-00077,2026-02-02T21:00:00Z,2026-02-02,21,Harmattan,-0.7071067811865477,0.7071067811865474,1,82.16583333333334,81.52016666666667,86.85116666666667,27.45,65.285,33.038333333333334,train
2737,MOD-00077,2026-02-02T22:00:00Z,2026-02-02,22,Harmattan,-0.5000000000000004,0.8660254037844384,1,84.6321052631579,84.32122807017544,85.77157894736843,25.866666666666667,71.62166666666667,35.4,train
2738,MOD-00077,2026-02-02T23:00:00Z,2026-02-02,23,Harmattan,-0.25881904510252157,0.9659258262890681,1,85.5435593220339,85.18508474576271,86.53033898305085,26.28,66.23666666666666,30.875,train
2739,MOD-00077,2026-02-03T00:00:00Z,2026-02-03,0,Harmattan,0,1,1,62.84428571428572,62.64660714285714,63.284642857142856,27.246666666666663,55.72833333333333,31.09,train
2740,MOD-00077,2026-02-03T01:00:00Z,2026-02-03,1,Harmattan,0.25881904510252074,0.9659258262890683,1,60.004423076923075,59.856923076923074,60.185192307692304,26.726666666666667,57.903333333333336,18.16,train
2741,MOD-00077,2026-02-03T02:00:00Z,2026-02-03,2,Harmattan,0.49999999999999994,0.8660254037844387,1,69.05017857142857,68.85892857142858,69.47357142857143,26.866666666666667,57.855,17.125,train
2742,MOD-00077,2026-02-03T03:00:00Z,2026-02-03,3,Harmattan,0.7071067811865475,0.7071067811865476,1,70.80233333333334,70.58833333333334,71.12433333333334,26.56,62.79,19.02166666666667,train
2743,MOD-00077,2026-02-03T04:00:00Z,2026-02-03,4,Harmattan,0.8660254037844386,0.5000000000000001,1,75.7965,75.5445,76.3185,26.516666666666666,63.025,24.216666666666665,train
2744,MOD-00077,2026-02-03T05:00:00Z,2026-02-03,5,Harmattan,0.9659258262890683,0.25881904510252074,1,64.59533333333333,64.40233333333333,65.588,25.34,70.69666666666667,27.063333333333333,train
2745,MOD-00077,2026-02-03T06:00:00Z,2026-02-03,6,Harmattan,1,6.123233995736766e-17,1,52.652166666666666,52.49333333333333,53.26616666666666,24.208333333333332,74.66,25.185,train
2746,MOD-00077,2026-02-03T07:00:00Z,2026-02-03,7,Harmattan,0.9659258262890683,-0.25881904510252063,1,100.804,100.0545,105.349,24.65,73.82166666666667,21.351666666666667,train
2747,MOD-00077,2026-02-03T08:00:00Z,2026-02-03,8,Harmattan,0.8660254037844387,-0.49999999999999983,1,97.30716666666667,96.774,100.49533333333332,30.245,55.388333333333335,40.553333333333335,train
2748,MOD-00077,2026-02-03T09:00:00Z,2026-02-03,9,Harmattan,0.7071067811865476,-0.7071067811865475,1,77.2475,76.93433333333333,78.11733333333333,34.653333333333336,44.24166666666667,31.203333333333333,train
2749,MOD-00077,2026-02-03T10:00:00Z,2026-02-03,10,Harmattan,0.49999999999999994,-0.8660254037844387,1,81.14816666666667,80.75733333333334,81.808,34.39833333333333,46.945,21.186666666666667,train
2750,MOD-00077,2026-02-03T11:00:00Z,2026-02-03,11,Harmattan,0.258819045102521,-0.9659258262890682,1,85.31466666666667,84.907,86.01433333333334,36.96666666666667,42.3,22.60333333333333,train
2751,MOD-00077,2026-02-03T12:00:00Z,2026-02-03,12,Harmattan,1.2246467991473532e-16,-1,1,90.87833333333332,90.4195,91.52566666666668,36.986666666666665,43.34166666666667,20.903333333333332,train
2752,MOD-00077,2026-02-03T13:00:00Z,2026-02-03,13,Harmattan,-0.2588190451025208,-0.9659258262890683,1,85.35233333333333,84.762,87.53983333333333,38.55,41.343333333333334,22.77,train
2753,MOD-00077,2026-02-03T14:00:00Z,2026-02-03,14,Harmattan,-0.4999999999999998,-0.8660254037844388,1,95.00166666666668,94.2775,97.82666666666668,39.60333333333333,38.42666666666667,25.275,train
2754,MOD-00077,2026-02-03T15:00:00Z,2026-02-03,15,Harmattan,-0.7071067811865471,-0.7071067811865479,1,90.24383333333331,89.52733333333333,91.89216666666668,38.93666666666667,39.49666666666667,29.175,train
2755,MOD-00077,2026-02-03T16:00:00Z,2026-02-03,16,Harmattan,-0.8660254037844384,-0.5000000000000004,1,90.59433333333334,89.89816666666667,91.67983333333332,38.58,38.70333333333333,27.028333333333332,train
2756,MOD-00077,2026-02-03T17:00:00Z,2026-02-03,17,Harmattan,-0.9659258262890683,-0.25881904510252063,1,87.5805,86.911,90.10866666666666,35.665,41.765,27.03,train
2757,MOD-00077,2026-02-03T19:00:00Z,2026-02-03,19,Harmattan,-0.9659258262890684,0.2588190451025203,1,46.04142857142857,45.91755102040816,47.84,21.60333333333333,88.76166666666667,28.026666666666664,train
2758,MOD-00077,2026-02-03T20:00:00Z,2026-02-03,20,Harmattan,-0.8660254037844386,0.5000000000000001,1,33.4235,33.33166666666666,33.861333333333334,21.581666666666667,87.44500000000001,17.811666666666667,train
2759,MOD-00077,2026-02-03T21:00:00Z,2026-02-03,21,Harmattan,-0.7071067811865477,0.7071067811865474,1,28.700526315789475,28.64859649122807,29.03315789473684,21.655,86.46,18.651666666666667,train
2760,MOD-00077,2026-02-03T22:00:00Z,2026-02-03,22,Harmattan,-0.5000000000000004,0.8660254037844384,1,29.950625,29.892083333333332,30.036666666666665,21.635,83.83833333333334,13.065,train
2761,MOD-00397,2026-01-23T18:00:00Z,2026-01-23,18,Harmattan,-1,-1.8369701987210297e-16,1,92.57722653033522,86.00529921786257,92.10209650200156,30.775,21.626666666666665,57.7,test
2762,MOD-00397,2026-01-23T19:00:00Z,2026-01-23,19,Harmattan,-0.9659258262890684,0.2588190451025203,1,98.14972808926936,91.259861446166,97.41387734977738,29.321666666666665,22.55,70.09833333333333,test
2763,MOD-00397,2026-01-23T20:00:00Z,2026-01-23,20,Harmattan,-0.8660254037844386,0.5000000000000001,1,79.23432390171084,73.89102577488579,78.99961890788154,28.691666666666663,21.47,77.16333333333333,test
2764,MOD-00397,2026-01-23T21:00:00Z,2026-01-23,21,Harmattan,-0.7071067811865477,0.7071067811865474,1,66.25776912189643,62.074895744666144,66.73102128052108,28.625,20.871666666666663,64.69333333333333,test
2765,MOD-00397,2026-01-24T10:00:00Z,2026-01-24,10,Harmattan,0.49999999999999994,-0.8660254037844387,1,49.892009504023264,47.199519865777525,50.47199959744307,38.598333333333336,10.131666666666666,29.08,train
2766,MOD-00397,2026-01-24T11:00:00Z,2026-01-24,11,Harmattan,0.258819045102521,-0.9659258262890682,1,62.32380077933649,58.61883512300501,62.64933094826787,40.295,9.196666666666667,29.346666666666668,train
2767,MOD-00397,2026-01-24T12:00:00Z,2026-01-24,12,Harmattan,1.2246467991473532e-16,-1,1,43.02872687430995,40.876899097634066,43.838861957609005,40.87,9.175,35.31,train
2768,MOD-00397,2026-01-24T13:00:00Z,2026-01-24,13,Harmattan,-0.2588190451025208,-0.9659258262890683,1,37.50491399907559,35.847695550442005,38.74382648967134,41.398305084745765,8.988135593220338,21.576666666666668,train
2769,MOD-00397,2026-01-24T14:00:00Z,2026-01-24,14,Harmattan,-0.4999999999999998,-0.8660254037844388,1,49.377818343163895,46.73929474604988,49.94289240101118,43.37166666666667,8.606666666666667,19.638333333333335,train
2770,MOD-00397,2026-01-24T15:00:00Z,2026-01-24,15,Harmattan,-0.7071067811865471,-0.7071067811865479,1,69.56765534424783,65.2614618666999,69.74838373632001,42.538333333333334,9.121666666666666,22.481666666666666,train
2771,MOD-00397,2026-01-24T16:00:00Z,2026-01-24,16,Harmattan,-0.8660254037844384,-0.5000000000000004,1,83.5684084110579,78.12276652647618,83.13011525075139,39.891666666666666,10.051666666666666,28.11,train
2772,MOD-00397,2026-01-25T06:00:00Z,2026-01-25,6,Harmattan,1,6.123233995736766e-17,1,43.78261934966446,41.412178542734445,44.652017634808814,24.133333333333333,15.366666666666667,36.90833333333333,train
2773,MOD-00397,2026-01-25T07:00:00Z,2026-01-25,7,Harmattan,0.9659258262890683,-0.25881904510252063,1,40.42771342239017,38.38834945589246,41.463203922811985,27.636666666666667,13.921666666666669,33.95333333333333,train
2774,MOD-00397,2026-01-25T08:00:00Z,2026-01-25,8,Harmattan,0.8660254037844387,-0.49999999999999983,1,31.012592466183794,29.74770527738548,32.34269859638357,32.85666666666667,11.318333333333332,30.91,train
2775,MOD-00397,2026-01-25T09:00:00Z,2026-01-25,9,Harmattan,0.7071067811865476,-0.7071067811865475,1,26.41683092197244,25.40790908082473,28.493434498679857,36.318333333333335,9.963333333333331,24.246666666666663,train
2776,MOD-00397,2026-01-25T10:00:00Z,2026-01-25,10,Harmattan,0.49999999999999994,-0.8660254037844387,1,22.99702158676766,22.35512733887107,24.63544438431941,38.81,9.25,24.946666666666665,train
2777,MOD-00397,2026-01-25T11:00:00Z,2026-01-25,11,Harmattan,0.258819045102521,-0.9659258262890682,1,14.73084101661412,14.869487294640562,16.41026472527508,40.26833333333333,8.636666666666667,20.938333333333333,train
2778,MOD-00397,2026-01-25T12:00:00Z,2026-01-25,12,Harmattan,1.2246467991473532e-16,-1,1,16.994769427923785,16.91461323636824,21.06286773143977,40.855,8.421666666666667,14.411666666666669,train
2779,MOD-00397,2026-01-25T13:00:00Z,2026-01-25,13,Harmattan,-0.2588190451025208,-0.9659258262890683,1,19.398821670805937,19.208938816735696,22.48829891072072,42.358333333333334,8.218333333333334,14.946666666666667,train
2780,MOD-00397,2026-01-25T14:00:00Z,2026-01-25,14,Harmattan,-0.4999999999999998,-0.8660254037844388,1,27.794583322424312,26.960001567250274,28.968469355313335,43.010169491525424,8.04406779661017,14.61,train
2781,MOD-00397,2026-01-25T15:00:00Z,2026-01-25,15,Harmattan,-0.7071067811865471,-0.7071067811865479,1,49.24407230312215,46.54610470807257,50.52371788472533,42.27166666666667,8.226666666666667,16.458333333333332,train
2782,MOD-00397,2026-01-25T16:00:00Z,2026-01-25,16,Harmattan,-0.8660254037844384,-0.5000000000000004,1,70.71772122292374,66.32783397589186,70.81334273976518,39.98833333333333,8.74,23.15,train
2783,MOD-00397,2026-01-25T17:00:00Z,2026-01-25,17,Harmattan,-0.9659258262890683,-0.25881904510252063,1,120.8016484149978,112.277562013639,119.28795181642988,36.85666666666667,9.741666666666667,29.863333333333333,train
2784,MOD-00397,2026-01-25T18:00:00Z,2026-01-25,18,Harmattan,-1,-1.8369701987210297e-16,1,168.82259878773615,156.32733472776712,166.22415424058357,32.89333333333333,10.385,50.14833333333333,train
2785,MOD-00397,2026-01-25T19:00:00Z,2026-01-25,19,Harmattan,-0.9659258262890684,0.2588190451025203,1,67.85259216878968,63.58956768381206,68.17463166117024,31.035,11.12,68.84666666666666,train
2786,MOD-00397,2026-01-25T20:00:00Z,2026-01-25,20,Harmattan,-0.8660254037844386,0.5000000000000001,1,75.12604804922846,70.23875665880858,75.41234307218133,30.565,10.745,38.41,train
2787,MOD-00397,2026-01-25T21:00:00Z,2026-01-25,21,Harmattan,-0.7071067811865477,0.7071067811865474,1,80.31591243974088,75.11288768511093,79.96402554046482,30.633333333333333,10.111666666666666,38.655,train
2788,MOD-00397,2026-01-26T15:00:00Z,2026-01-26,15,Harmattan,-0.7071067811865471,-0.7071067811865479,1,62.66870898223586,58.92275861666731,63.0811892905167,40.75,8.906666666666666,30.311666666666667,train
2789,MOD-00397,2026-01-26T16:00:00Z,2026-01-26,16,Harmattan,-0.8660254037844384,-0.5000000000000004,1,46.52220828596057,44.065026907712685,47.62772488846172,40.24,9.335,25.325,train
2790,MOD-00397,2026-01-26T17:00:00Z,2026-01-26,17,Harmattan,-0.9659258262890683,-0.25881904510252063,1,54.37800690326585,51.15543633674439,55.341388039313316,36.723333333333336,12.221666666666666,21.7,train
2791,MOD-00397,2026-01-26T18:00:00Z,2026-01-26,18,Harmattan,-1,-1.8369701987210297e-16,1,87.22307054027708,81.05284415867084,87.51893804506342,32.278333333333336,12.856666666666667,29.09166666666667,train
2792,MOD-00397,2026-01-26T19:00:00Z,2026-01-26,19,Harmattan,-0.9659258262890684,0.2588190451025203,1,58.142967309546094,54.326786094869675,59.381715543396865,31.18,12.993333333333334,43.75,train
2793,MOD-00397,2026-01-26T20:00:00Z,2026-01-26,20,Harmattan,-0.8660254037844386,0.5000000000000001,1,52.99533921582169,49.67316379736631,54.863093251315846,31.063333333333333,13.106666666666667,37.55833333333333,train
2794,MOD-00397,2026-01-26T21:00:00Z,2026-01-26,21,Harmattan,-0.7071067811865477,0.7071067811865474,1,52.86590756416839,49.62060094135999,53.62308992599059,30.506666666666668,13.505,39.62,train
2795,MOD-00397,2026-01-26T22:00:00Z,2026-01-26,22,Harmattan,-0.5000000000000004,0.8660254037844384,1,36.24482008874246,34.471124154175925,37.72374220137223,30.223333333333333,13.566666666666666,43.776666666666664,train
2796,MOD-00397,2026-01-26T23:00:00Z,2026-01-26,23,Harmattan,-0.25881904510252157,0.9659258262890681,1,57.14915732337337,53.71102516204815,58.04772574699799,30.02,13.818333333333332,37.722033898305085,train
2797,MOD-00397,2026-01-27T08:00:00Z,2026-01-27,8,Harmattan,0.8660254037844387,-0.49999999999999983,1,37.077497047712015,35.160817759871904,38.144772505059855,30.78666666666667,13.376666666666669,66.38,train
2798,MOD-00397,2026-01-27T09:00:00Z,2026-01-27,9,Harmattan,0.7071067811865476,-0.7071067811865475,1,25.374437170903768,24.438339809049225,26.934931565383646,34.968333333333334,10.583333333333334,56.916666666666664,train
2799,MOD-00397,2026-01-27T10:00:00Z,2026-01-27,10,Harmattan,0.49999999999999994,-0.8660254037844387,1,49.29228090381041,46.49181847973818,50.20376394064492,38.14333333333333,10.371666666666666,45.928333333333335,train
2800,MOD-00397,2026-01-27T11:00:00Z,2026-01-27,11,Harmattan,0.258819045102521,-0.9659258262890682,1,49.57928152269381,46.80805730194011,50.109050301516575,40.42666666666667,11.773333333333332,50.67333333333333,train
2801,MOD-00397,2026-01-27T12:00:00Z,2026-01-27,12,Harmattan,1.2246467991473532e-16,-1,1,63.5717809769347,59.63115378345451,64.20829350665528,41.035,11.53,45.64666666666667,train
2802,MOD-00397,2026-01-27T13:00:00Z,2026-01-27,13,Harmattan,-0.2588190451025208,-0.9659258262890683,1,56.14726858930453,52.79744212317473,56.560984440797625,42.77457627118644,10.877966101694916,47.62833333333333,train
2803,MOD-00397,2026-01-27T14:00:00Z,2026-01-27,14,Harmattan,-0.4999999999999998,-0.8660254037844388,1,58.0334193609004,54.52669728492648,58.5812853071548,43.87166666666667,10.466666666666669,45.63166666666667,train
2804,MOD-00397,2026-01-27T15:00:00Z,2026-01-27,15,Harmattan,-0.7071067811865471,-0.7071067811865479,1,49.20543038973001,46.44856183430347,49.75401049879553,44.085,10.123333333333331,43.55,train
2805,MOD-00397,2026-01-27T16:00:00Z,2026-01-27,16,Harmattan,-0.8660254037844384,-0.5000000000000004,1,51.89216886310712,48.9010929943883,52.47561873562949,41.46333333333333,11.623333333333331,40.458333333333336,train
2806,MOD-00397,2026-01-27T17:00:00Z,2026-01-27,17,Harmattan,-0.9659258262890683,-0.25881904510252063,1,83.48230822539288,77.59265719836003,83.30554454395457,36.335,18.001666666666665,41.986666666666665,train
2807,MOD-00397,2026-01-27T18:00:00Z,2026-01-27,18,Harmattan,-1,-1.8369701987210297e-16,1,121.08070237384555,112.0680312725873,119.77502220072418,31.52166666666667,18.66,62.998333333333335,train
2808,MOD-00397,2026-01-27T19:00:00Z,2026-01-27,19,Harmattan,-0.9659258262890684,0.2588190451025203,1,123.67833934789614,114.65515781149486,122.14031809074132,30.046666666666667,19.83,82.89166666666667,train
2809,MOD-00397,2026-01-28T08:00:00Z,2026-01-28,8,Harmattan,0.8660254037844387,-0.49999999999999983,1,50.37510390718523,47.17980497133559,51.793672301814205,30.67924528301887,27.932075471698113,72,train
2810,MOD-00397,2026-01-28T09:00:00Z,2026-01-28,9,Harmattan,0.7071067811865476,-0.7071067811865475,1,47.382507504560785,44.47409415802691,48.55454679252137,35.39666666666667,21.366666666666667,65.09,train
2811,MOD-00397,2026-01-28T10:00:00Z,2026-01-28,10,Harmattan,0.49999999999999994,-0.8660254037844387,1,52.90680046280668,49.44119788200729,53.71380414081793,38.07833333333333,17.386666666666667,67.715,train
2812,MOD-00397,2026-01-28T11:00:00Z,2026-01-28,11,Harmattan,0.258819045102521,-0.9659258262890682,1,62.35812476505521,57.99033098989344,62.92520547408737,40.22666666666667,13.805,71.32,train
2813,MOD-00397,2026-01-28T12:00:00Z,2026-01-28,12,Harmattan,1.2246467991473532e-16,-1,1,68.84415116971627,64.09830719506007,68.99687693905415,40.67333333333333,14.49,73.65789473684211,train
2814,MOD-00397,2026-01-28T13:00:00Z,2026-01-28,13,Harmattan,-0.2588190451025208,-0.9659258262890683,1,70.99496757240718,66.2557970125783,71.2172845941667,40.14,16.101666666666667,65.00166666666667,train
2815,MOD-00397,2026-01-28T14:00:00Z,2026-01-28,14,Harmattan,-0.4999999999999998,-0.8660254037844388,1,70.80175800544646,66.12361435501487,70.8384300376533,40.54333333333334,16.323333333333334,58.15,train
2816,MOD-00397,2026-01-28T15:00:00Z,2026-01-28,15,Harmattan,-0.7071067811865471,-0.7071067811865479,1,76.70271582821384,71.48192359746848,76.70140427091307,40.08166666666666,16.161666666666665,55.79333333333334,train
2817,MOD-00397,2026-01-28T16:00:00Z,2026-01-28,16,Harmattan,-0.8660254037844384,-0.5000000000000004,1,83.04505434132935,77.19559221397134,82.81579685909513,38.23,17.54,59.11864406779661,train
2818,MOD-00397,2026-01-28T17:00:00Z,2026-01-28,17,Harmattan,-0.9659258262890683,-0.25881904510252063,1,106.78713364293289,98.48768499011636,106.23606198175356,35.055,22.166666666666668,63.96,train
2819,MOD-00397,2026-01-28T18:00:00Z,2026-01-28,18,Harmattan,-1,-1.8369701987210297e-16,1,143.6177542403465,132.32334325616185,141.71022836361396,31.106666666666666,27.046666666666667,84.15333333333334,train
2820,MOD-00397,2026-01-29T10:00:00Z,2026-01-29,10,Harmattan,0.49999999999999994,-0.8660254037844387,1,36.24067988373616,34.622559342604426,37.22063280350716,36.542857142857144,32.57142857142857,37.166666666666664,train
2821,MOD-00397,2026-01-29T14:00:00Z,2026-01-29,14,Harmattan,-0.4999999999999998,-0.8660254037844388,1,45.64432403996428,42.96317858636219,46.78950964435892,43.74576271186441,12.910169491525425,61.208333333333336,train
2822,MOD-00397,2026-01-30T07:00:00Z,2026-01-30,7,Harmattan,0.9659258262890683,-0.25881904510252063,1,31.00283819678383,30.009657871253015,32.0223810682758,26.238333333333333,73.71,39.26,train
2823,MOD-00397,2026-01-30T08:00:00Z,2026-01-30,8,Harmattan,0.8660254037844387,-0.49999999999999983,1,33.65281057780725,32.433925725157394,34.60909963095768,30.203333333333333,61.185,39.405,train
2824,MOD-00397,2026-01-30T09:00:00Z,2026-01-30,9,Harmattan,0.7071067811865476,-0.7071067811865475,1,34.0292878602249,32.72327993904134,35.31790669230399,34.995,44.288333333333334,37.56166666666667,train
2825,MOD-00397,2026-01-30T10:00:00Z,2026-01-30,10,Harmattan,0.49999999999999994,-0.8660254037844387,1,29.760669505119857,28.57512274536263,31.23558523305989,39.193333333333335,26.655,37.663333333333334,train
2826,MOD-00397,2026-01-30T11:00:00Z,2026-01-30,11,Harmattan,0.258819045102521,-0.9659258262890682,1,23.57439930240368,22.86869229263769,25.858904636399597,41.63666666666667,15.375,40.498333333333335,train
2827,MOD-00397,2026-01-30T12:00:00Z,2026-01-30,12,Harmattan,1.2246467991473532e-16,-1,1,25.661625371891017,24.5717288272423,27.361415629481737,42.57333333333333,12.421666666666669,40.89,train
2828,MOD-00397,2026-01-30T13:00:00Z,2026-01-30,13,Harmattan,-0.2588190451025208,-0.9659258262890683,1,23.49539226375017,22.64672193678151,25.279693712264592,44.43050847457627,9.88135593220339,43.32333333333333,train
2829,MOD-00397,2026-01-30T14:00:00Z,2026-01-30,14,Harmattan,-0.4999999999999998,-0.8660254037844388,1,23.64324193451493,22.75133063709572,25.14046259832814,45.44166666666667,9.16,44.12166666666667,train
2830,MOD-00397,2026-01-30T15:00:00Z,2026-01-30,15,Harmattan,-0.7071067811865471,-0.7071067811865479,1,23.827822724698763,23.005700392719724,25.48350412814617,44.75833333333333,9.255,44.25666666666667,train
2831,MOD-00397,2026-01-30T16:00:00Z,2026-01-30,16,Harmattan,-0.8660254037844384,-0.5000000000000004,1,26.28627377769607,25.19627895893701,27.911881846910983,42.77166666666667,10.51,43.65,train
2832,MOD-00397,2026-01-30T17:00:00Z,2026-01-30,17,Harmattan,-0.9659258262890683,-0.25881904510252063,1,34.13264559944369,32.313979011123315,35.41389287552811,37.89833333333333,16.565,44.84166666666667,train
2833,MOD-00397,2026-01-30T18:00:00Z,2026-01-30,18,Harmattan,-1,-1.8369701987210297e-16,1,50.360373403105896,47.13411934641207,51.101998280247926,31.888333333333332,17.233333333333334,53.455,train
2834,MOD-00397,2026-01-30T19:00:00Z,2026-01-30,19,Harmattan,-0.9659258262890684,0.2588190451025203,1,116.31761759300416,107.59346735997104,115.02406971515752,30.048333333333332,20.17,66.64333333333333,train
2835,MOD-00397,2026-01-30T20:00:00Z,2026-01-30,20,Harmattan,-0.8660254037844386,0.5000000000000001,1,322.85076622565464,297.3943213168861,315.24543057623833,29.41,22.965,103.57666666666668,train
2836,MOD-00397,2026-01-30T21:00:00Z,2026-01-30,21,Harmattan,-0.7071067811865477,0.7071067811865474,1,345.1662836275142,318.0446302380557,336.7723318763982,28.973333333333333,22.723333333333333,189.58166666666668,train
2837,MOD-00397,2026-01-30T22:00:00Z,2026-01-30,22,Harmattan,-0.5000000000000004,0.8660254037844384,1,59.17691986594173,55.443359026230056,59.55532691646322,29.123333333333335,20.046666666666667,203.12166666666667,train
2838,MOD-00397,2026-01-30T23:00:00Z,2026-01-30,23,Harmattan,-0.25881904510252157,0.9659258262890681,1,56.707804947305064,53.23059773166912,57.41968922033441,29.152830188679246,27.722641509433963,68.27833333333334,train
2839,MOD-00397,2026-01-31T07:00:00Z,2026-01-31,7,Harmattan,0.9659258262890683,-0.25881904510252063,1,32.844331710233746,31.7188985462387,33.84648213356149,24.805,78.29666666666667,52.89333333333333,train
2840,MOD-00397,2026-01-31T08:00:00Z,2026-01-31,8,Harmattan,0.8660254037844387,-0.49999999999999983,1,33.96626027333286,32.76567489831201,34.88396915564494,28.841666666666665,66.65,47.145,train
2841,MOD-00397,2026-01-31T09:00:00Z,2026-01-31,9,Harmattan,0.7071067811865476,-0.7071067811865475,1,31.51868898235858,30.465662189261906,32.89570990200436,32.66,56.34,40.98166666666667,train
2842,MOD-00397,2026-01-31T10:00:00Z,2026-01-31,10,Harmattan,0.49999999999999994,-0.8660254037844387,1,32.932495299041065,31.76112116827656,34.19734071996784,34.973333333333336,50.03666666666667,34.36666666666667,train
2843,MOD-00397,2026-01-31T11:00:00Z,2026-01-31,11,Harmattan,0.258819045102521,-0.9659258262890682,1,35.88147355359399,34.451650046868664,36.79987518784006,36.25333333333333,46.22833333333333,32.388333333333335,train
2844,MOD-00397,2026-01-31T12:00:00Z,2026-01-31,12,Harmattan,1.2246467991473532e-16,-1,1,34.64849638501843,33.3193944273228,35.54369237329709,37.205,40.608333333333334,32.32666666666667,train
2845,MOD-00397,2026-01-31T13:00:00Z,2026-01-31,13,Harmattan,-0.2588190451025208,-0.9659258262890683,1,33.651497503080336,32.34034660774287,34.599464654232534,39.305,31.148333333333333,31.188333333333333,train
2846,MOD-00397,2026-01-31T14:00:00Z,2026-01-31,14,Harmattan,-0.4999999999999998,-0.8660254037844388,1,33.495429192680994,32.13716101026272,34.538382537635364,41.895,26.61,33.205,train
2847,MOD-00397,2026-01-31T15:00:00Z,2026-01-31,15,Harmattan,-0.7071067811865471,-0.7071067811865479,1,36.67250728550988,35.004163215249804,37.861904131770586,41.388333333333335,25.79,33.76833333333333,train
2848,MOD-00397,2026-01-31T16:00:00Z,2026-01-31,16,Harmattan,-0.8660254037844384,-0.5000000000000004,1,36.95688175493945,35.25577557514888,38.02188110381079,39.913333333333334,27.083333333333332,36.20333333333333,train
2849,MOD-00397,2026-01-31T17:00:00Z,2026-01-31,17,Harmattan,-0.9659258262890683,-0.25881904510252063,1,47.755420727005365,44.932338860062295,48.596722539695605,36.80166666666667,32.163333333333334,37.975,train
2850,MOD-00397,2026-01-31T18:00:00Z,2026-01-31,18,Harmattan,-1,-1.8369701987210297e-16,1,50.56708888154349,47.61218283022033,51.17980526210384,32.785,41.23,47.50333333333333,train
2851,MOD-00397,2026-01-31T19:00:00Z,2026-01-31,19,Harmattan,-0.9659258262890684,0.2588190451025203,1,60.02647921425737,56.29280924673867,60.30558255692904,31.201666666666668,45.70166666666667,51.99333333333333,train
2852,MOD-00397,2026-01-31T20:00:00Z,2026-01-31,20,Harmattan,-0.8660254037844386,0.5000000000000001,1,49.073372588622874,46.33378523725362,49.68347519748689,30.37,46.986666666666665,56.641666666666666,train
2853,MOD-00397,2026-02-01T10:00:00Z,2026-02-01,10,Harmattan,0.49999999999999994,-0.8660254037844387,1,27.62204593917889,26.922925694436262,28.976637671046745,33.12833333333333,57.336666666666666,33.57,train
2854,MOD-00397,2026-02-01T11:00:00Z,2026-02-01,11,Harmattan,0.258819045102521,-0.9659258262890682,1,28.14596275521898,27.378068326281102,29.24223580303622,36.78,47.406666666666666,31.893333333333334,train
2855,MOD-00397,2026-02-01T12:00:00Z,2026-02-01,12,Harmattan,1.2246467991473532e-16,-1,1,31.806627511761207,30.684358137694733,32.84953473052912,38.29333333333334,41.723333333333336,29.733333333333334,train
2856,MOD-00397,2026-02-01T13:00:00Z,2026-02-01,13,Harmattan,-0.2588190451025208,-0.9659258262890683,1,34.074495147251625,32.73430952194102,34.984136555183746,40.62166666666667,35.975,32.406666666666666,train
2857,MOD-00397,2026-02-01T14:00:00Z,2026-02-01,14,Harmattan,-0.4999999999999998,-0.8660254037844388,1,35.616795205068186,34.141443027815,36.53264092772744,41.693333333333335,33.56166666666667,34.89,train
2858,MOD-00397,2026-02-01T15:00:00Z,2026-02-01,15,Harmattan,-0.7071067811865471,-0.7071067811865479,1,38.49843148434063,36.80043419280332,39.29697028777669,41.638333333333335,32.445,35.10666666666667,train
2859,MOD-00397,2026-02-01T16:00:00Z,2026-02-01,16,Harmattan,-0.8660254037844384,-0.5000000000000004,1,39.34311369795629,37.5016743930974,40.21920117318572,39.51,34.86666666666667,36.36833333333333,train
2860,MOD-00397,2026-02-01T17:00:00Z,2026-02-01,17,Harmattan,-0.9659258262890683,-0.25881904510252063,1,37.63630413506735,35.94546918084486,38.58925397851247,37.06333333333333,39.385,37.82833333333333,train
2861,MOD-00397,2026-02-02T19:00:00Z,2026-02-02,19,Harmattan,-0.9659258262890684,0.2588190451025203,1,42.42621315675865,40.46759816971604,43.32311801479303,29.465,56.42166666666667,38.945,train
2862,MOD-00397,2026-02-02T20:00:00Z,2026-02-02,20,Harmattan,-0.8660254037844386,0.5000000000000001,1,38.20599098444571,36.57536176675661,39.33096539433523,27.91,63.38,35.498333333333335,train
2863,MOD-00397,2026-02-02T21:00:00Z,2026-02-02,21,Harmattan,-0.7071067811865477,0.7071067811865474,1,28.420020208937053,27.611412939502586,29.97431224213383,27.868333333333332,63.34166666666667,33.038333333333334,train
2864,MOD-00397,2026-02-02T22:00:00Z,2026-02-02,22,Harmattan,-0.5000000000000004,0.8660254037844384,1,30.539135236078103,29.676530000235942,31.537541767785775,26,70.225,35.4,train
2865,MOD-00397,2026-02-02T23:00:00Z,2026-02-02,23,Harmattan,-0.25881904510252157,0.9659258262890681,1,30.35774334165964,29.51591169925927,31.38210959608762,26.49,64.84,30.875,train
2866,MOD-00397,2026-02-03T00:00:00Z,2026-02-03,0,Harmattan,0,1,1,15.619229860425753,15.98192413241356,17.55555441147199,27.515,54.625,31.09,train
2867,MOD-00397,2026-02-03T01:00:00Z,2026-02-03,1,Harmattan,0.25881904510252074,0.9659258262890683,1,15.45509551956106,15.83095671647411,16.909829178873352,27.031666666666663,56.56333333333333,18.16,train
2868,MOD-00397,2026-02-03T02:00:00Z,2026-02-03,2,Harmattan,0.49999999999999994,0.8660254037844387,1,20.046355093280127,20.050806199000775,21.39463815640951,27.12666666666667,56.635,17.125,train
2869,MOD-00397,2026-02-03T03:00:00Z,2026-02-03,3,Harmattan,0.7071067811865475,0.7071067811865476,1,21.779988897018953,21.641651195047643,23.045127848628837,26.77166666666667,61.49166666666667,19.02166666666667,train
2870,MOD-00397,2026-02-03T04:00:00Z,2026-02-03,4,Harmattan,0.8660254037844386,0.5000000000000001,1,24.176725437851136,23.83360845912739,25.381337016456857,26.736666666666668,61.685,24.216666666666665,train
2871,MOD-00397,2026-02-03T18:00:00Z,2026-02-03,18,Harmattan,-1,-1.8369701987210297e-16,1,24.32759887243582,22.182044483750108,41.165677177154194,26.753061224489795,69.63061224489796,28.155,train
2872,MOD-00397,2026-02-03T19:00:00Z,2026-02-03,19,Harmattan,-0.9659258262890684,0.2588190451025203,1,11.634235646334895,12.302868886437114,13.23472183027704,21.758333333333333,84.98,28.026666666666664,train
2873,MOD-00397,2026-02-03T20:00:00Z,2026-02-03,20,Harmattan,-0.8660254037844386,0.5000000000000001,1,9.430896254567282,10.308927102853293,11.077941379953206,21.841666666666665,83.89333333333333,17.811666666666667,train
2874,MOD-00397,2026-02-03T21:00:00Z,2026-02-03,21,Harmattan,-0.7071067811865477,0.7071067811865474,1,5.489233506464704,6.68743249263458,7.257945796452303,21.885,83.61166666666666,18.651666666666667,train
2875,MOD-00397,2026-02-03T22:00:00Z,2026-02-03,22,Harmattan,-0.5000000000000004,0.8660254037844384,1,5.010899141659033,6.249178909604876,6.787286273029476,21.996666666666663,80.79333333333334,13.065,train
2876,MOD-00397,2026-02-03T23:00:00Z,2026-02-03,23,Harmattan,-0.25881904510252157,0.9659258262890681,1,3.328850416477678,4.702107570691135,5.1578844543972675,22.93166666666667,74.41166666666666,11.531666666666666,train
2877,MOD-00397,2026-02-04T00:00:00Z,2026-02-04,0,Harmattan,0,1,1,2.671562724603532,4.095652848441223,4.521067030469048,23.44333333333333,71.14,7.843333333333333,test
2878,MOD-00397,2026-02-04T01:00:00Z,2026-02-04,1,Harmattan,0.25881904510252074,0.9659258262890683,1,4.0127747670978655,5.328898086412342,5.8279698168293015,23.076666666666668,75.665,6.1033333333333335,test
2879,MOD-00397,2026-02-04T02:00:00Z,2026-02-04,2,Harmattan,0.49999999999999994,0.8660254037844387,1,3.56088947893439,4.913565355346049,5.382761175321963,23.495,70.77833333333334,8.0216666666666665,test
2880,MOD-00397,2026-02-04T03:00:00Z,2026-02-04,3,Harmattan,0.7071067811865475,0.7071067811865476,1,4.311780640627371,5.60515467060291,6.13119889565096,23.871666666666663,71.54333333333334,6.796666666666667,test
2881,MOD-00397,2026-02-04T04:00:00Z,2026-02-04,4,Harmattan,0.8660254037844386,0.5000000000000001,1,8.901539557515672,9.824142466965538,10.557470844781498,23.393333333333334,75.505,8.116666666666667,test
2882,MOD-00397,2026-02-04T09:00:00Z,2026-02-04,9,Harmattan,0.7071067811865476,-0.7071067811865475,1,22.517936893546608,22.298256052044565,23.76575139086448,33.34166666666667,45.34166666666667,24.983333333333334,test
2883,MOD-00397,2026-02-04T10:00:00Z,2026-02-04,10,Harmattan,0.49999999999999994,-0.8660254037844387,1,15.103191492747165,15.48766094872139,17.035265668313965,36.96333333333333,38.656666666666666,19.135,test
2884,MOD-00397,2026-02-04T11:00:00Z,2026-02-04,11,Harmattan,0.258819045102521,-0.9659258262890682,1,14.867400788213544,15.265518255632406,16.360453713526198,37.68333333333334,38.38666666666667,13.374468085106384,test
2885,MOD-00397,2026-02-04T20:00:00Z,2026-02-04,20,Harmattan,-0.8660254037844386,0.5000000000000001,1,25.695202568479335,25.138201311480852,26.9131165237418,30.458333333333332,44.365,34.135,test
2886,MOD-00397,2026-02-04T21:00:00Z,2026-02-04,21,Harmattan,-0.7071067811865477,0.7071067811865474,1,18.96119262253471,18.950605304757115,20.342789565245173,30.04,43.01,18.406666666666663,test
2887,MOD-00397,2026-02-06T06:00:00Z,2026-02-06,6,Harmattan,1,6.123233995736766e-17,1,10.644364884342924,11.41700305934394,12.246737563919266,23.258695652173913,87.78260869565217,17.051666666666666,train
2888,MOD-00397,2026-02-06T07:00:00Z,2026-02-06,7,Harmattan,0.9659258262890683,-0.25881904510252063,1,15.214802844535154,15.615190500999008,16.679498697538193,25.85,78.45833333333333,19.143333333333334,train
2889,MOD-00397,2026-02-06T08:00:00Z,2026-02-06,8,Harmattan,0.8660254037844387,-0.49999999999999983,1,16.95706542505087,17.20586315981307,18.45451591912973,30.043333333333333,63.181666666666665,20.986666666666668,train
2890,MOD-00397,2026-02-06T09:00:00Z,2026-02-06,9,Harmattan,0.7071067811865476,-0.7071067811865475,1,14.592030259768553,15.022867431839318,16.120488255465894,33.696666666666665,53.321666666666665,19.355,train
2891,MOD-00397,2026-02-06T10:00:00Z,2026-02-06,10,Harmattan,0.49999999999999994,-0.8660254037844387,1,14.38475203501943,14.83605387147589,15.923971088675597,34.89666666666667,50.68666666666667,15.256666666666668,train
2892,MOD-00397,2026-02-06T11:00:00Z,2026-02-06,11,Harmattan,0.258819045102521,-0.9659258262890682,1,15.751100079429042,16.078949994484233,17.246507988212507,36.276666666666664,46.498333333333335,13.735,train
2893,MOD-00397,2026-02-06T12:00:00Z,2026-02-06,12,Harmattan,1.2246467991473532e-16,-1,1,18.2862722128991,18.39292201939175,19.683793515647743,36.92166666666667,42.06166666666667,13.503333333333334,train
2894,MOD-00397,2026-02-06T13:00:00Z,2026-02-06,13,Harmattan,-0.2588190451025208,-0.9659258262890683,1,16.12551395870438,16.387778315675437,17.69662501408926,38.635,35.845,14.281666666666666,train
2895,MOD-00397,2026-02-06T14:00:00Z,2026-02-06,14,Harmattan,-0.4999999999999998,-0.8660254037844388,1,16.18047551513107,16.43051794941172,17.64063307387519,40.266666666666666,32.60166666666667,13.51,train
2896,MOD-00397,2026-02-06T15:00:00Z,2026-02-06,15,Harmattan,-0.7071067811865471,-0.7071067811865479,1,16.911482973816447,17.120383892340502,18.407068203558712,40.125,31.648333333333333,14.53103448275862,train
2897,MOD-PM-00884,2026-01-23T18:00:00Z,2026-01-23,18,Harmattan,-1,-1.8369701987210297e-16,1,133.31461537253568,122.59262275666246,132.87764981392422,30.078166666666668,22.267666666666667,57.7,test
2898,MOD-PM-00884,2026-01-23T19:00:00Z,2026-01-23,19,Harmattan,-0.9659258262890684,0.2588190451025203,1,148.182039682036,136.903302472615,138.64106011901558,28.3115,23.542666666666666,70.09833333333333,test
2899,MOD-PM-00884,2026-01-23T20:00:00Z,2026-01-23,20,Harmattan,-0.8660254037844386,0.5000000000000001,1,118.311073861219,109.34640254145492,114.59720461023647,27.749166666666667,22.1905,77.16333333333333,test
2900,MOD-PM-00884,2026-01-23T21:00:00Z,2026-01-23,21,Harmattan,-0.7071067811865477,0.7071067811865474,1,100.36685020423324,92.54496839495027,101.7405060306398,27.457166666666662,21.923333333333332,64.69333333333333,test
2901,MOD-PM-00884,2026-01-24T10:00:00Z,2026-01-24,10,Harmattan,0.49999999999999994,-0.8660254037844387,1,68.55060133471575,63.82151088658665,84.86444862496549,35.97416666666667,10.027666666666669,29.08,train
2902,MOD-PM-00884,2026-01-24T11:00:00Z,2026-01-24,11,Harmattan,0.258819045102521,-0.9659258262890682,1,128.68618188479377,120.66938126325972,124.55585802397428,39.10366666666667,8.463333333333333,29.346666666666668,train
2903,MOD-PM-00884,2026-01-24T12:00:00Z,2026-01-24,12,Harmattan,1.2246467991473532e-16,-1,1,56.36928431733004,52.60455487052205,62.206554941740215,40.85516666666667,8.0325,35.31,train
2904,MOD-PM-00884,2026-01-24T13:00:00Z,2026-01-24,13,Harmattan,-0.2588190451025208,-0.9659258262890683,1,49.410361197769674,45.89189972864722,60.63307803110451,40.94883333333333,7.948666666666667,21.576666666666668,train
2905,MOD-PM-00884,2026-01-24T14:00:00Z,2026-01-24,14,Harmattan,-0.4999999999999998,-0.8660254037844388,1,65.49752248125847,61.020156090542685,79.43799062896399,42.53237288135593,7.673728813559322,19.638333333333335,train
2906,MOD-PM-00884,2026-01-25T06:00:00Z,2026-01-25,6,Harmattan,1,6.123233995736766e-17,1,55.458879452147386,50.97211429874279,63.582529447744754,24.39311111111111,14.157111111111112,36.90833333333333,train
2907,MOD-PM-00884,2026-01-25T07:00:00Z,2026-01-25,7,Harmattan,0.9659258262890683,-0.25881904510252063,1,52.20179363555943,48.0924432145267,64.26631317701268,26.330333333333332,13.635833333333334,33.95333333333333,train
2908,MOD-PM-00884,2026-01-25T08:00:00Z,2026-01-25,8,Harmattan,0.8660254037844387,-0.49999999999999983,1,41.22248837264099,37.69638882320072,68.44275104790017,29.678166666666662,11.777,30.91,train
2909,MOD-PM-00884,2026-01-25T09:00:00Z,2026-01-25,9,Harmattan,0.7071067811865476,-0.7071067811865475,1,36.303651128933886,32.318396212758785,78.8577870385101,33.05733333333333,10.1895,24.246666666666663,train
2910,MOD-PM-00884,2026-01-25T10:00:00Z,2026-01-25,10,Harmattan,0.49999999999999994,-0.8660254037844387,1,32.30288617630951,28.99394663554511,60.02641157936901,36.43033333333334,8.968666666666666,24.946666666666665,train
2911,MOD-PM-00884,2026-01-25T11:00:00Z,2026-01-25,11,Harmattan,0.258819045102521,-0.9659258262890682,1,22.18795806605397,20.105250202715084,40.02408182847449,39.431525423728814,7.768474576271187,20.938333333333333,train
2912,MOD-PM-00884,2026-01-25T12:00:00Z,2026-01-25,12,Harmattan,1.2246467991473532e-16,-1,1,24.177700710103817,21.814342127712003,42.814909819149506,41.13883333333333,7.226,14.411666666666669,train
2913,MOD-PM-00884,2026-01-25T13:00:00Z,2026-01-25,13,Harmattan,-0.2588190451025208,-0.9659258262890683,1,25.72937978208433,23.709628952375756,38.22313412633438,41.59661016949153,7.290508474576272,14.946666666666667,train
2914,MOD-PM-00884,2026-01-25T14:00:00Z,2026-01-25,14,Harmattan,-0.4999999999999998,-0.8660254037844388,1,35.3705090832231,32.82261488355266,44.20180400523087,42.079,7.1325,14.61,train
2915,MOD-PM-00884,2026-01-25T15:00:00Z,2026-01-25,15,Harmattan,-0.7071067811865471,-0.7071067811865479,1,59.08522523734834,54.96664302344934,67.79664100503332,40.938,7.436833333333333,16.458333333333332,train
2916,MOD-PM-00884,2026-01-25T16:00:00Z,2026-01-25,16,Harmattan,-0.8660254037844384,-0.5000000000000004,1,88.2426106472047,82.48931787866823,89.06858866542558,39.10766666666667,7.867833333333333,23.15,train
2917,MOD-PM-00884,2026-01-25T17:00:00Z,2026-01-25,17,Harmattan,-0.9659258262890683,-0.25881904510252063,1,182.51030856997411,171.1528496316651,161.76606642654014,35.92216666666667,8.961666666666666,29.863333333333333,train
2918,MOD-PM-00884,2026-01-25T18:00:00Z,2026-01-25,18,Harmattan,-1,-1.8369701987210297e-16,1,227.7528115611309,213.7183591860256,197.7887793741525,32.51316666666666,9.435666666666666,50.14833333333333,train
2919,MOD-PM-00884,2026-01-25T19:00:00Z,2026-01-25,19,Harmattan,-0.9659258262890684,0.2588190451025203,1,93.176232156277635,86.60679266969373,95.0207624705425,30.986,9.9445,68.84666666666666,train
2920,MOD-PM-00884,2026-01-25T20:00:00Z,2026-01-25,20,Harmattan,-0.8660254037844386,0.5000000000000001,1,95.66491729497582,89.16150276879777,100.78064549936572,30.60620689655173,9.602931034482758,38.41,train
2921,MOD-PM-00884,2026-01-25T21:00:00Z,2026-01-25,21,Harmattan,-0.7071067811865477,0.7071067811865474,1,100.451701691388,93.98290254395047,99.495792751056,30.61466666666667,9.033333333333331,38.655,train
2922,MOD-PM-00884,2026-01-26T15:00:00Z,2026-01-26,15,Harmattan,-0.7071067811865471,-0.7071067811865479,1,73.4242459047137,68.63190219376625,75.63845675594803,40.0115,8.005166666666666,30.311666666666667,train
2923,MOD-PM-00884,2026-01-26T16:00:00Z,2026-01-26,16,Harmattan,-0.8660254037844384,-0.5000000000000004,1,64.91116382763222,60.60968277905237,68.4151436946524,40.08016666666666,8.252333333333333,25.325,train
2924,MOD-PM-00884,2026-01-26T17:00:00Z,2026-01-26,17,Harmattan,-0.9659258262890683,-0.25881904510252063,1,76.65449953256652,70.85687059498048,85.829441770973,36.50633333333333,11.196333333333332,21.7,train
2925,MOD-PM-00884,2026-01-26T18:00:00Z,2026-01-26,18,Harmattan,-1,-1.8369701987210297e-16,1,122.85853035893648,113.91923052104237,129.85514241899867,32.57866666666666,11.609833333333333,29.09166666666667,train
2926,MOD-PM-00884,2026-01-26T19:00:00Z,2026-01-26,19,Harmattan,-0.9659258262890684,0.2588190451025203,1,79.64332740310279,72.88969389420724,95.09936520383066,31.845333333333333,11.544166666666667,43.75,train
2927,MOD-PM-00884,2026-01-26T20:00:00Z,2026-01-26,20,Harmattan,-0.8660254037844386,0.5000000000000001,1,72.02690212052116,65.44351784424632,87.4077701168961,31.652333333333335,11.708,37.55833333333333,train
2928,MOD-PM-00884,2026-01-26T21:00:00Z,2026-01-26,21,Harmattan,-0.7071067811865477,0.7071067811865474,1,66.98722135052729,60.50987406967473,79.15435669987296,30.855333333333338,12.243666666666666,39.62,train
2929,MOD-PM-00884,2026-01-26T22:00:00Z,2026-01-26,22,Harmattan,-0.5000000000000004,0.8660254037844384,1,43.130576248890094,38.19402796843423,59.15057738414792,30.291333333333338,12.484666666666667,43.776666666666664,train
2930,MOD-PM-00884,2026-01-26T23:00:00Z,2026-01-26,23,Harmattan,-0.25881904510252157,0.9659258262890681,1,66.61482100002968,60.38588271810593,82.86687409606392,30.0825,12.725666666666667,37.722033898305085,train
2931,MOD-PM-00884,2026-01-27T08:00:00Z,2026-01-27,8,Harmattan,0.8660254037844387,-0.49999999999999983,1,51.11968737123157,45.12961744420807,61.782172874499864,28.677333333333333,13.549,66.38,train
2932,MOD-PM-00884,2026-01-27T09:00:00Z,2026-01-27,9,Harmattan,0.7071067811865476,-0.7071067811865475,1,34.07238940783285,29.070419191400184,58.79422602997664,32.280833333333334,10.6745,56.916666666666664,train
2933,MOD-PM-00884,2026-01-27T10:00:00Z,2026-01-27,10,Harmattan,0.49999999999999994,-0.8660254037844387,1,64.05518545108598,57.88764455818836,69.47662825390027,36.000166666666665,10.1315,45.928333333333335,train
2934,MOD-PM-00884,2026-01-27T11:00:00Z,2026-01-27,11,Harmattan,0.258819045102521,-0.9659258262890682,1,72.06563576288573,65.61314476800099,76.64589776589786,40.07925925925926,10.77851851851852,50.67333333333333,train
2935,MOD-PM-00884,2026-01-27T12:00:00Z,2026-01-27,12,Harmattan,1.2246467991473532e-16,-1,1,89.83837327056685,82.5266595719801,86.54102248613837,41.684666666666665,10.1545,45.64666666666667,train
2936,MOD-PM-00884,2026-01-27T13:00:00Z,2026-01-27,13,Harmattan,-0.2588190451025208,-0.9659258262890683,1,83.22076500664174,76.28095770895416,85.57927612964963,42.76610169491526,9.759491525423728,47.62833333333333,train
2937,MOD-PM-00884,2026-01-27T14:00:00Z,2026-01-27,14,Harmattan,-0.4999999999999998,-0.8660254037844388,1,81.62943541630314,74.88896271241211,82.49026816888266,43.76238095238095,9.373968253968254,45.63166666666667,train
2938,MOD-PM-00884,2026-01-27T15:00:00Z,2026-01-27,15,Harmattan,-0.7071067811865471,-0.7071067811865479,1,71.69706006218698,65.38586042288841,76.23892854112765,43.1855,9.289333333333332,43.55,train
2939,MOD-PM-00884,2026-01-27T16:00:00Z,2026-01-27,16,Harmattan,-0.8660254037844384,-0.5000000000000004,1,77.20482086970807,70.4894175592995,80.75735309297394,41.16283333333333,10.659,40.458333333333336,train
2940,MOD-PM-00884,2026-01-27T17:00:00Z,2026-01-27,17,Harmattan,-0.9659258262890683,-0.25881904510252063,1,123.77737754944528,113.0789750871993,135.54508587506376,36.434,17.180333333333333,41.986666666666665,train
2941,MOD-PM-00884,2026-01-27T18:00:00Z,2026-01-27,18,Harmattan,-1,-1.8369701987210297e-16,1,175.06256665719408,160.82766942795428,172.49862648630148,31.384833333333333,18.773,62.998333333333335,train
2942,MOD-PM-00884,2026-01-27T19:00:00Z,2026-01-27,19,Harmattan,-0.9659258262890684,0.2588190451025203,1,179.62739721572768,166.28455862998405,165.4785680200103,29.636666666666667,20.0235,82.89166666666667,train
2943,MOD-PM-00884,2026-01-28T08:00:00Z,2026-01-28,8,Harmattan,0.8660254037844387,-0.49999999999999983,1,75.67525696867808,68.15918703004776,81.98838969160654,28.825098039215685,29.38019607843137,72,train
2944,MOD-PM-00884,2026-01-28T09:00:00Z,2026-01-28,9,Harmattan,0.7071067811865476,-0.7071067811865475,1,73.01341026618006,64.80649664437884,86.83187156256952,32.76116666666667,22.854166666666668,65.09,train
2945,MOD-PM-00884,2026-01-28T10:00:00Z,2026-01-28,10,Harmattan,0.49999999999999994,-0.8660254037844387,1,81.26143975728004,72.0874919736928,95.48013176164692,36.313833333333335,17.592333333333332,67.715,train
2946,MOD-PM-00884,2026-01-28T11:00:00Z,2026-01-28,11,Harmattan,0.258819045102521,-0.9659258262890682,1,94.28325755478072,83.92463560814736,114.98013614080315,40.004666666666665,12.8295,71.32,train
2947,MOD-PM-00884,2026-01-28T12:00:00Z,2026-01-28,12,Harmattan,1.2246467991473532e-16,-1,1,102.8973658484288,92.90834289431898,118.44900718760998,41.52016666666667,12.889,73.65789473684211,train
2948,MOD-PM-00884,2026-01-28T13:00:00Z,2026-01-28,13,Harmattan,-0.2588190451025208,-0.9659258262890683,1,112.70135260289908,102.97888391581658,124.87036377345174,40.778333333333336,14.565666666666669,65.00166666666667,train
2949,MOD-PM-00884,2026-01-28T14:00:00Z,2026-01-28,14,Harmattan,-0.4999999999999998,-0.8660254037844388,1,111.1867912825531,101.89959162499257,115.34928769882715,41.049166666666665,14.8295,58.15,train
2950,MOD-PM-00884,2026-01-28T15:00:00Z,2026-01-28,15,Harmattan,-0.7071067811865471,-0.7071067811865479,1,118.09899612355744,107.98032373739024,126.9605106408338,40.30533333333334,14.8525,55.79333333333334,train
2951,MOD-PM-00884,2026-01-28T16:00:00Z,2026-01-28,16,Harmattan,-0.8660254037844384,-0.5000000000000004,1,128.12077040093402,116.80768071879857,145.38853745412712,38.45366666666666,16.1995,59.11864406779661,train
2952,MOD-PM-00884,2026-01-28T17:00:00Z,2026-01-28,17,Harmattan,-0.9659258262890683,-0.25881904510252063,1,155.74760709175914,141.36474023876826,181.0247948644331,35.158833333333334,21.362833333333334,63.96,train
2953,MOD-PM-00884,2026-01-28T18:00:00Z,2026-01-28,18,Harmattan,-1,-1.8369701987210297e-16,1,211.99827015341043,193.2845652091097,224.80409948965433,31.282333333333337,25.919666666666668,84.15333333333334,train
2954,MOD-PM-00884,2026-01-29T10:00:00Z,2026-01-29,10,Harmattan,0.49999999999999994,-0.8660254037844387,1,55.36007792149695,50.41437387505861,62.34323985704468,35.09490909090909,33.91909090909091,37.166666666666664,train
2955,MOD-PM-00884,2026-01-29T14:00:00Z,2026-01-29,14,Harmattan,-0.4999999999999998,-0.8660254037844388,1,65.44211129660741,57.88532421405676,78.97822787689576,42.984915254237286,12.059491525423727,61.208333333333336,train
2956,MOD-PM-00884,2026-01-30T07:00:00Z,2026-01-30,7,Harmattan,0.9659258262890683,-0.25881904510252063,1,49.19347092683043,45.846978114075746,50.35633165026633,25.7775,75.37566666666666,39.26,train
2957,MOD-PM-00884,2026-01-30T08:00:00Z,2026-01-30,8,Harmattan,0.8660254037844387,-0.49999999999999983,1,49.656645882363065,46.32251236203191,50.38223838763661,28.424038461538466,66.70288461538462,39.405,train
2958,MOD-PM-00884,2026-01-30T10:00:00Z,2026-01-30,10,Harmattan,0.49999999999999994,-0.8660254037844387,1,47.10006993125448,42.61587796054705,58.83957193732894,37.2425,28.11958333333333,37.663333333333334,train
2959,MOD-PM-00884,2026-01-30T13:00:00Z,2026-01-30,13,Harmattan,-0.2588190451025208,-0.9659258262890683,1,34.43175655288052,29.64588677997076,49.88641163826214,44.24170212765957,8.642553191489363,43.32333333333333,train
2960,MOD-PM-00884,2026-01-30T14:00:00Z,2026-01-30,14,Harmattan,-0.4999999999999998,-0.8660254037844388,1,35.683515118196915,30.7717681831114,57.18868296763811,44.75018518518519,8.106666666666667,44.12166666666667,train
2961,MOD-PM-00884,2026-01-30T15:00:00Z,2026-01-30,15,Harmattan,-0.7071067811865471,-0.7071067811865479,1,36.83863988006309,31.83846065124552,54.0368924332722,43.81875,8.342678571428571,44.25666666666667,train
2962,MOD-PM-00884,2026-01-30T17:00:00Z,2026-01-30,17,Harmattan,-0.9659258262890683,-0.25881904510252063,1,61.71619231767091,54.47116242432072,88.02688595208244,37.09,15.7302,44.84166666666667,train
2963,MOD-PM-00884,2026-02-03T02:00:00Z,2026-02-03,2,Harmattan,0.49999999999999994,0.8660254037844387,1,27.98710344538426,26.924427762144585,26.990386029248096,27.222830188679247,55.961132075471696,17.125,train
2964,MOD-PM-00884,2026-02-03T03:00:00Z,2026-02-03,3,Harmattan,0.7071067811865475,0.7071067811865476,1,31.68357839815748,30.348963371781696,29.630462810040065,26.585333333333335,61.714333333333336,19.02166666666667,train
2965,MOD-PM-00884,2026-02-03T04:00:00Z,2026-02-03,4,Harmattan,0.8660254037844386,0.5000000000000001,1,35.98037532363115,34.370823420014815,33.28011698286548,26.478166666666667,62.19916666666667,24.216666666666665,train
2966,MOD-PM-00884,2026-02-03T18:00:00Z,2026-02-03,18,Harmattan,-1,-1.8369701987210297e-16,1,26.341193696346128,22.15656633536606,82.33273761776405,26.4665306122449,70.09285714285714,28.155,train
2967,MOD-PM-00884,2026-02-03T19:00:00Z,2026-02-03,19,Harmattan,-0.9659258262890684,0.2588190451025203,1,11.791476021333926,11.66168224920941,17.144543468710378,21.698833333333333,85.524,28.026666666666664,train
2968,MOD-PM-00884,2026-02-03T20:00:00Z,2026-02-03,20,Harmattan,-0.8660254037844386,0.5000000000000001,1,14.570641407192312,14.43114796500624,17.282722459436485,21.923333333333332,83.71016666666667,17.811666666666667,train
2969,MOD-PM-00884,2026-02-03T21:00:00Z,2026-02-03,21,Harmattan,-0.7071067811865477,0.7071067811865474,1,9.447226147766765,9.495146982754678,11.825900740698872,21.996166666666667,83.33816666666667,18.651666666666667,train
2970,MOD-PM-00884,2026-02-03T22:00:00Z,2026-02-03,22,Harmattan,-0.5000000000000004,0.8660254037844384,1,8.911400511731088,8.868995973200109,10.840680112059896,22.02316666666667,80.60666666666667,13.065,train
2971,MOD-PM-00884,2026-02-03T23:00:00Z,2026-02-03,23,Harmattan,-0.25881904510252157,0.9659258262890681,1,7.178750318702028,7.494865907594462,10.29243631914351,23.126166666666663,73.6505,11.531666666666666,train
2972,MOD-PM-00884,2026-02-04T00:00:00Z,2026-02-04,0,Harmattan,0,1,1,5.726282912892531,6.116589971350634,9.073035170883056,23.703333333333333,70.13666666666667,7.843333333333333,test
2973,MOD-PM-00884,2026-02-04T01:00:00Z,2026-02-04,1,Harmattan,0.25881904510252074,0.9659258262890683,1,7.427044408487312,7.7083349591084,10.490871084302215,23.381833333333333,74.727,6.1033333333333335,test
2974,MOD-PM-00884,2026-02-04T02:00:00Z,2026-02-04,2,Harmattan,0.49999999999999994,0.8660254037844387,1,6.100768881990615,6.386968756041785,9.203186379439806,23.806333333333335,69.46033333333334,8.0216666666666665,test
2975,MOD-PM-00884,2026-02-04T03:00:00Z,2026-02-04,3,Harmattan,0.7071067811865475,0.7071067811865476,1,6.733550206334065,7.076296499358274,10.082607792283804,24.1635,70.37166666666667,6.796666666666667,test
2976,MOD-PM-00884,2026-02-04T04:00:00Z,2026-02-04,4,Harmattan,0.8660254037844386,0.5000000000000001,1,13.694145477287524,13.63360173216902,15.420830091373723,23.698666666666668,74.78433333333334,8.116666666666667,test
2977,MOD-PM-00884,2026-02-04T09:00:00Z,2026-02-04,9,Harmattan,0.7071067811865476,-0.7071067811865475,1,33.6888141919277,32.23328562480839,32.588779553052376,31.770666666666667,47.8675,24.983333333333334,test
2978,MOD-PM-00884,2026-02-04T10:00:00Z,2026-02-04,10,Harmattan,0.49999999999999994,-0.8660254037844387,1,22.232904997795263,21.487496744705197,23.436665403802134,35.31583333333333,40.6595,19.135,test
2979,MOD-PM-00884,2026-02-04T11:00:00Z,2026-02-04,11,Harmattan,0.258819045102521,-0.9659258262890682,1,22.621231570707646,21.809816543647564,23.8906775725534,37.220333333333336,38.21816666666667,13.374468085106384,test
2980,MOD-PM-00884,2026-02-04T20:00:00Z,2026-02-04,20,Harmattan,-0.8660254037844386,0.5000000000000001,1,33.7991965759625,32.14640510600549,33.857959271851165,30.607833333333332,43.384166666666665,34.135,test
2981,MOD-PM-00884,2026-02-04T21:00:00Z,2026-02-04,21,Harmattan,-0.7071067811865477,0.7071067811865474,1,26.268091798609326,25.10329233094258,28.44378909656847,30.013,42.644,18.406666666666663,test
2982,MOD-PM-00884,2026-02-06T06:00:00Z,2026-02-06,6,Harmattan,1,6.123233995736766e-17,1,17.103179555019263,16.646998787642623,18.44410128447156,23.405333333333335,87.44977777777778,17.051666666666666,train
2983,MOD-PM-00884,2026-02-06T07:00:00Z,2026-02-06,7,Harmattan,0.9659258262890683,-0.25881904510252063,1,23.102403330117433,22.32486642172355,23.243935420854328,25.265666666666668,80.49833333333333,19.143333333333334,train
2984,MOD-PM-00884,2026-02-06T08:00:00Z,2026-02-06,8,Harmattan,0.8660254037844387,-0.49999999999999983,1,25.827051672633953,24.966757556375672,25.5053995844923,28.265333333333334,68.66616666666667,20.986666666666668,train
2985,MOD-PM-00884,2026-02-06T09:00:00Z,2026-02-06,9,Harmattan,0.7071067811865476,-0.7071067811865475,1,21.565471886866195,20.911615112764117,22.827565333062527,31.69483333333333,58.29083333333333,19.355,train
2986,MOD-PM-00884,2026-02-06T10:00:00Z,2026-02-06,10,Harmattan,0.49999999999999994,-0.8660254037844387,1,19.924234902447765,19.33781953245611,21.964262695440468,33.860166666666665,52.635,15.256666666666668,train
2987,MOD-PM-00884,2026-02-06T11:00:00Z,2026-02-06,11,Harmattan,0.258819045102521,-0.9659258262890682,1,23.85617655078294,23.035916903334503,25.094386619053672,36.304,45.659,13.735,train
2988,MOD-PM-00884,2026-02-06T12:00:00Z,2026-02-06,12,Harmattan,1.2246467991473532e-16,-1,1,25.669930617952975,24.680932962076596,27.301679055769288,37.696666666666665,39.63066666666667,13.503333333333334,train
2989,MOD-PM-00884,2026-02-06T13:00:00Z,2026-02-06,13,Harmattan,-0.2588190451025208,-0.9659258262890683,1,26.73814986888204,25.59310145599169,29.00532297768255,39.10216666666667,33.998666666666665,14.281666666666666,train
2990,MOD-PM-00884,2026-02-06T14:00:00Z,2026-02-06,14,Harmattan,-0.4999999999999998,-0.8660254037844388,1,28.33814333250938,27.140177536696527,30.994755355570945,40.4035,31.2055,13.51,train
2991,MOD-PM-00884,2026-02-06T15:00:00Z,2026-02-06,15,Harmattan,-0.7071067811865471,-0.7071067811865479,1,24.876555958197205,23.79558276825257,27.69530902832151,40.0915,30.455166666666667,14.53103448275862,train
